# MagicaVoxel @ Ephtracy

# group
o 

# material
mtllib LogContainer.mtl
usemtl palette

# normals
vn -1 0 0
vn 1 0 0
vn 0 0 1
vn 0 0 -1
vn 0 -1 0
vn 0 1 0

# texcoords
vt 0.201172 0.5
vt 0.306641 0.5
vt 0.369141 0.5
vt 0.537109 0.5

# verts
v -6 0 4.4
v -6 0 3.6
v -6 0 0.4
v -6 0 -0.4
v -6 0 -3.6
v -6 0 -4.4
v -6 4 4.4
v -6 4 3.6
v -6 4 0.4
v -6 4 -0.4
v -6 4 -3.6
v -6 4 -4.4
v -5.9 0 4.8
v -5.9 0 4.4
v -5.9 0 3.6
v -5.9 0 3.2
v -5.9 0 0.8
v -5.9 0 0.4
v -5.9 0 -0.4
v -5.9 0 -0.8
v -5.9 0 -3.2
v -5.9 0 -3.6
v -5.9 0 -4.4
v -5.9 0 -4.8
v -5.9 4 4.8
v -5.9 4 4.4
v -5.9 4 3.6
v -5.9 4 3.2
v -5.9 4 0.8
v -5.9 4 0.4
v -5.9 4 -0.4
v -5.9 4 -0.8
v -5.9 4 -3.2
v -5.9 4 -3.6
v -5.9 4 -4.4
v -5.9 4 -4.8
v -5.8 0 5
v -5.8 0 4.8
v -5.8 0 3.2
v -5.8 0 3
v -5.8 0 1
v -5.8 0 0.8
v -5.8 0 -0.8
v -5.8 0 -1
v -5.8 0 -3
v -5.8 0 -3.2
v -5.8 0 -4.8
v -5.8 0 -5
v -5.8 4 5
v -5.8 4 4.8
v -5.8 4 3.2
v -5.8 4 3
v -5.8 4 1
v -5.8 4 0.8
v -5.8 4 -0.8
v -5.8 4 -1
v -5.8 4 -3
v -5.8 4 -3.2
v -5.8 4 -4.8
v -5.8 4 -5
v -5.7 0 5.1
v -5.7 0 5
v -5.7 0 3
v -5.7 0 2.9
v -5.7 0 1.1
v -5.7 0 1
v -5.7 0 -1
v -5.7 0 -1.1
v -5.7 0 -2.9
v -5.7 0 -3
v -5.7 0 -5
v -5.7 0 -5.1
v -5.7 4 5.1
v -5.7 4 5
v -5.7 4 3
v -5.7 4 2.9
v -5.7 4 1.1
v -5.7 4 1
v -5.7 4 -1
v -5.7 4 -1.1
v -5.7 4 -2.9
v -5.7 4 -3
v -5.7 4 -5
v -5.7 4 -5.1
v -5.6 0 5.3
v -5.6 0 5.1
v -5.6 0 2.9
v -5.6 0 2.7
v -5.6 0 1.3
v -5.6 0 1.1
v -5.6 0 -1.1
v -5.6 0 -1.3
v -5.6 0 -2.7
v -5.6 0 -2.9
v -5.6 0 -5.1
v -5.6 0 -5.3
v -5.6 4 5.3
v -5.6 4 5.1
v -5.6 4 2.9
v -5.6 4 2.7
v -5.6 4 1.3
v -5.6 4 1.1
v -5.6 4 -1.1
v -5.6 4 -1.3
v -5.6 4 -2.7
v -5.6 4 -2.9
v -5.6 4 -5.1
v -5.6 4 -5.3
v -5.5 0 5.4
v -5.5 0 5.3
v -5.5 0 2.7
v -5.5 0 2.6
v -5.5 0 1.4
v -5.5 0 1.3
v -5.5 0 -1.3
v -5.5 0 -1.4
v -5.5 0 -2.6
v -5.5 0 -2.7
v -5.5 0 -5.3
v -5.5 0 -5.4
v -5.5 4 5.4
v -5.5 4 5.3
v -5.5 4 2.7
v -5.5 4 2.6
v -5.5 4 1.4
v -5.5 4 1.3
v -5.5 4 -1.3
v -5.5 4 -1.4
v -5.5 4 -2.6
v -5.5 4 -2.7
v -5.5 4 -5.3
v -5.5 4 -5.4
v -5.4 0 5.5
v -5.4 0 5.4
v -5.4 0 2.6
v -5.4 0 2.5
v -5.4 0 1.5
v -5.4 0 1.4
v -5.4 0 -1.4
v -5.4 0 -1.5
v -5.4 0 -2.5
v -5.4 0 -2.6
v -5.4 0 -5.4
v -5.4 0 -5.5
v -5.4 4 5.5
v -5.4 4 5.4
v -5.4 4 2.6
v -5.4 4 2.5
v -5.4 4 1.5
v -5.4 4 1.4
v -5.4 4 -1.4
v -5.4 4 -1.5
v -5.4 4 -2.5
v -5.4 4 -2.6
v -5.4 4 -5.4
v -5.4 4 -5.5
v -5.3 0 5.6
v -5.3 0 5.5
v -5.3 0 2.5
v -5.3 0 2.4
v -5.3 0 1.6
v -5.3 0 1.5
v -5.3 0 -1.5
v -5.3 0 -1.6
v -5.3 0 -2.4
v -5.3 0 -2.5
v -5.3 0 -5.5
v -5.3 0 -5.6
v -5.3 4 5.6
v -5.3 4 5.5
v -5.3 4 2.5
v -5.3 4 2.4
v -5.3 4 1.6
v -5.3 4 1.5
v -5.3 4 -1.5
v -5.3 4 -1.6
v -5.3 4 -2.4
v -5.3 4 -2.5
v -5.3 4 -5.5
v -5.3 4 -5.6
v -5.1 0 5.7
v -5.1 0 5.6
v -5.1 0 2.4
v -5.1 0 2.3
v -5.1 0 1.7
v -5.1 0 1.6
v -5.1 0 -1.6
v -5.1 0 -1.7
v -5.1 0 -2.3
v -5.1 0 -2.4
v -5.1 0 -5.6
v -5.1 0 -5.7
v -5.1 4 5.7
v -5.1 4 5.6
v -5.1 4 2.4
v -5.1 4 2.3
v -5.1 4 1.7
v -5.1 4 1.6
v -5.1 4 -1.6
v -5.1 4 -1.7
v -5.1 4 -2.3
v -5.1 4 -2.4
v -5.1 4 -5.6
v -5.1 4 -5.7
v -5 0 5.8
v -5 0 5.7
v -5 0 2.3
v -5 0 2.2
v -5 0 1.8
v -5 0 1.7
v -5 0 -1.7
v -5 0 -1.8
v -5 0 -2.2
v -5 0 -2.3
v -5 0 -5.7
v -5 0 -5.8
v -5 4 5.8
v -5 4 5.7
v -5 4 2.3
v -5 4 2.2
v -5 4 1.8
v -5 4 1.7
v -5 4 -1.7
v -5 4 -1.8
v -5 4 -2.2
v -5 4 -2.3
v -5 4 -5.7
v -5 4 -5.8
v -4.8 0 5.9
v -4.8 0 5.8
v -4.8 0 2.2
v -4.8 0 2.1
v -4.8 0 1.9
v -4.8 0 1.8
v -4.8 0 -1.8
v -4.8 0 -1.9
v -4.8 0 -2.1
v -4.8 0 -2.2
v -4.8 0 -5.8
v -4.8 0 -5.9
v -4.8 4 5.9
v -4.8 4 5.8
v -4.8 4 2.2
v -4.8 4 2.1
v -4.8 4 1.9
v -4.8 4 1.8
v -4.8 4 -1.8
v -4.8 4 -1.9
v -4.8 4 -2.1
v -4.8 4 -2.2
v -4.8 4 -5.8
v -4.8 4 -5.9
v -4.4 0 6
v -4.4 0 5.9
v -4.4 0 2.1
v -4.4 0 1.9
v -4.4 0 -1.9
v -4.4 0 -2.1
v -4.4 0 -5.9
v -4.4 0 -6
v -4.4 4 6
v -4.4 4 5.9
v -4.4 4 2.1
v -4.4 4 1.9
v -4.4 4 -1.9
v -4.4 4 -2.1
v -4.4 4 -5.9
v -4.4 4 -6
v -4 4 2.4
v -4 4 2.3
v -4 4 1.7
v -4 4 1.6
v -4 4 -1.6
v -4 4 -1.7
v -4 4 -2.3
v -4 4 -2.4
v -4 8 2.4
v -4 8 1.6
v -4 8 -1.6
v -4 8 -2.4
v -3.9 4 2.8
v -3.9 4 2.4
v -3.9 4 1.6
v -3.9 4 1.2
v -3.9 4 -1.2
v -3.9 4 -1.6
v -3.9 4 -2.4
v -3.9 4 -2.8
v -3.9 5.8 3.8
v -3.9 5.8 3.7
v -3.9 5.8 -3.7
v -3.9 5.8 -3.8
v -3.9 6.1 3.8
v -3.9 6.1 3.7
v -3.9 6.1 -3.7
v -3.9 6.1 -3.8
v -3.9 8 2.8
v -3.9 8 2.4
v -3.9 8 1.6
v -3.9 8 1.2
v -3.9 8 -1.2
v -3.9 8 -1.6
v -3.9 8 -2.4
v -3.9 8 -2.8
v -3.8 4 3
v -3.8 4 2.8
v -3.8 4 1.2
v -3.8 4 1.1
v -3.8 4 1
v -3.8 4 -1
v -3.8 4 -1.2
v -3.8 4 -2.8
v -3.8 4 -3
v -3.8 5.7 3.8
v -3.8 5.7 3.6
v -3.8 5.7 -3.6
v -3.8 5.7 -3.8
v -3.8 5.8 3.8
v -3.8 5.8 3.7
v -3.8 5.8 3.6
v -3.8 5.8 3.2
v -3.8 5.8 -3.2
v -3.8 5.8 -3.6
v -3.8 5.8 -3.7
v -3.8 5.8 -3.8
v -3.8 6.1 3.8
v -3.8 6.1 3.7
v -3.8 6.1 3.6
v -3.8 6.1 3.2
v -3.8 6.1 -3.2
v -3.8 6.1 -3.6
v -3.8 6.1 -3.7
v -3.8 6.1 -3.8
v -3.8 6.2 3.8
v -3.8 6.2 3.6
v -3.8 6.2 -3.6
v -3.8 6.2 -3.8
v -3.8 8 3
v -3.8 8 2.8
v -3.8 8 1.2
v -3.8 8 1
v -3.8 8 -1
v -3.8 8 -1.2
v -3.8 8 -2.8
v -3.8 8 -3
v -3.7 4 3.1
v -3.7 4 3
v -3.7 4 1
v -3.7 4 0.9
v -3.7 4 -0.9
v -3.7 4 -1
v -3.7 4 -3
v -3.7 4 -3.1
v -3.7 5.7 3.6
v -3.7 5.7 3.2
v -3.7 5.7 -3.2
v -3.7 5.7 -3.6
v -3.7 5.8 3.6
v -3.7 5.8 3.2
v -3.7 5.8 3.1
v -3.7 5.8 -3.1
v -3.7 5.8 -3.2
v -3.7 5.8 -3.6
v -3.7 6.1 3.6
v -3.7 6.1 3.2
v -3.7 6.1 3.1
v -3.7 6.1 -3.1
v -3.7 6.1 -3.2
v -3.7 6.1 -3.6
v -3.7 6.2 3.6
v -3.7 6.2 3.2
v -3.7 6.2 -3.2
v -3.7 6.2 -3.6
v -3.7 8 3.1
v -3.7 8 3
v -3.7 8 1
v -3.7 8 0.9
v -3.7 8 -0.9
v -3.7 8 -1
v -3.7 8 -3
v -3.7 8 -3.1
v -3.6 4 3.3
v -3.6 4 3.1
v -3.6 4 0.9
v -3.6 4 0.7
v -3.6 4 -0.7
v -3.6 4 -0.9
v -3.6 4 -3.1
v -3.6 4 -3.3
v -3.6 5.7 3.3
v -3.6 5.7 3.2
v -3.6 5.7 -3.2
v -3.6 5.7 -3.3
v -3.6 5.8 3.2
v -3.6 5.8 3.1
v -3.6 5.8 -3.1
v -3.6 5.8 -3.2
v -3.6 6.1 3.2
v -3.6 6.1 3.1
v -3.6 6.1 -3.1
v -3.6 6.1 -3.2
v -3.6 6.2 3.3
v -3.6 6.2 3.2
v -3.6 6.2 -3.2
v -3.6 6.2 -3.3
v -3.6 8 3.3
v -3.6 8 3.1
v -3.6 8 0.9
v -3.6 8 0.7
v -3.6 8 -0.7
v -3.6 8 -0.9
v -3.6 8 -3.1
v -3.6 8 -3.3
v -3.5 4 3.4
v -3.5 4 3.3
v -3.5 4 0.7
v -3.5 4 0.6
v -3.5 4 -0.6
v -3.5 4 -0.7
v -3.5 4 -3.3
v -3.5 4 -3.4
v -3.5 5.7 3.4
v -3.5 5.7 3.3
v -3.5 5.7 -3.3
v -3.5 5.7 -3.4
v -3.5 6.2 3.4
v -3.5 6.2 3.3
v -3.5 6.2 -3.3
v -3.5 6.2 -3.4
v -3.5 8 3.4
v -3.5 8 3.3
v -3.5 8 0.7
v -3.5 8 0.6
v -3.5 8 -0.6
v -3.5 8 -0.7
v -3.5 8 -3.3
v -3.5 8 -3.4
v -3.4 4 3.5
v -3.4 4 3.4
v -3.4 4 0.6
v -3.4 4 0.5
v -3.4 4 -0.5
v -3.4 4 -0.6
v -3.4 4 -3.4
v -3.4 4 -3.5
v -3.4 5.7 3.5
v -3.4 5.7 3.4
v -3.4 5.7 -3.4
v -3.4 5.7 -3.5
v -3.4 6.2 3.5
v -3.4 6.2 3.4
v -3.4 6.2 -3.4
v -3.4 6.2 -3.5
v -3.4 8 3.5
v -3.4 8 3.4
v -3.4 8 0.6
v -3.4 8 0.5
v -3.4 8 -0.5
v -3.4 8 -0.6
v -3.4 8 -3.4
v -3.4 8 -3.5
v -3.3 4 3.6
v -3.3 4 3.5
v -3.3 4 0.5
v -3.3 4 0.4
v -3.3 4 -0.4
v -3.3 4 -0.5
v -3.3 4 -3.5
v -3.3 4 -3.6
v -3.3 5.8 3.6
v -3.3 5.8 3.5
v -3.3 5.8 -3.5
v -3.3 5.8 -3.6
v -3.3 6.1 3.6
v -3.3 6.1 3.5
v -3.3 6.1 -3.5
v -3.3 6.1 -3.6
v -3.3 8 3.6
v -3.3 8 3.5
v -3.3 8 0.5
v -3.3 8 0.4
v -3.3 8 -0.4
v -3.3 8 -0.5
v -3.3 8 -3.5
v -3.3 8 -3.6
v -3.1 4 3.7
v -3.1 4 3.6
v -3.1 4 0.4
v -3.1 4 0.3
v -3.1 4 -0.3
v -3.1 4 -0.4
v -3.1 4 -3.6
v -3.1 4 -3.7
v -3.1 8 3.7
v -3.1 8 3.6
v -3.1 8 0.4
v -3.1 8 0.3
v -3.1 8 -0.3
v -3.1 8 -0.4
v -3.1 8 -3.6
v -3.1 8 -3.7
v -3 4 3.8
v -3 4 3.7
v -3 4 0.3
v -3 4 0.2
v -3 4 -0.2
v -3 4 -0.3
v -3 4 -3.7
v -3 4 -3.8
v -3 8 3.8
v -3 8 3.7
v -3 8 0.3
v -3 8 0.2
v -3 8 -0.2
v -3 8 -0.3
v -3 8 -3.7
v -3 8 -3.8
v -2.8 4 3.9
v -2.8 4 3.8
v -2.8 4 0.2
v -2.8 4 0.0999999
v -2.8 4 -0.1
v -2.8 4 -0.2
v -2.8 4 -3.8
v -2.8 4 -3.9
v -2.8 8 3.9
v -2.8 8 3.8
v -2.8 8 0.2
v -2.8 8 0.0999999
v -2.8 8 -0.1
v -2.8 8 -0.2
v -2.8 8 -3.8
v -2.8 8 -3.9
v -2.7 1.8 5.7
v -2.7 1.8 5.6
v -2.7 1.8 1.7
v -2.7 1.8 1.6
v -2.7 1.8 -5.6
v -2.7 1.8 -5.7
v -2.7 2.1 5.7
v -2.7 2.1 5.6
v -2.7 2.1 1.7
v -2.7 2.1 1.6
v -2.7 2.1 -5.6
v -2.7 2.1 -5.7
v -2.6 1.7 5.8
v -2.6 1.7 5.5
v -2.6 1.7 1.8
v -2.6 1.7 1.5
v -2.6 1.7 -5.5
v -2.6 1.7 -5.8
v -2.6 1.8 5.7
v -2.6 1.8 5.5
v -2.6 1.8 1.7
v -2.6 1.8 1.5
v -2.6 1.8 -5.5
v -2.6 1.8 -5.7
v -2.6 2.1 5.7
v -2.6 2.1 5.5
v -2.6 2.1 1.7
v -2.6 2.1 1.5
v -2.6 2.1 -5.5
v -2.6 2.1 -5.7
v -2.6 2.2 5.8
v -2.6 2.2 5.5
v -2.6 2.2 1.8
v -2.6 2.2 1.5
v -2.6 2.2 -5.5
v -2.6 2.2 -5.8
v -2.4 4 4
v -2.4 4 3.9
v -2.4 4 0.0999999
v -2.4 4 -0.1
v -2.4 4 -3.9
v -2.4 4 -4
v -2.4 8 4
v -2.4 8 3.9
v -2.4 8 0.0999999
v -2.4 8 -0.1
v -2.4 8 -3.9
v -2.4 8 -4
v -1.9 0 4.8
v -1.9 0 4.4
v -1.9 0 3.6
v -1.9 0 3.2
v -1.9 0 0.8
v -1.9 0 0.4
v -1.9 0 -0.4
v -1.9 0 -0.8
v -1.9 0 -3.2
v -1.9 0 -3.6
v -1.9 0 -4.4
v -1.9 0 -4.8
v -1.9 1.8 5.8
v -1.9 1.8 5.7
v -1.9 1.8 1.8
v -1.9 1.8 1.7
v -1.9 1.8 -5.7
v -1.9 1.8 -5.8
v -1.9 2.1 5.8
v -1.9 2.1 5.7
v -1.9 2.1 1.8
v -1.9 2.1 1.7
v -1.9 2.1 -5.7
v -1.9 2.1 -5.8
v -1.9 3.9 3.6
v -1.9 3.9 3.2
v -1.9 3.9 0.8
v -1.9 3.9 0.4
v -1.9 3.9 -0.4
v -1.9 3.9 -0.8
v -1.9 3.9 -3.2
v -1.9 3.9 -3.6
v -1.9 4 4.8
v -1.9 4 4.4
v -1.9 4 -4.4
v -1.9 4 -4.8
v -1.8 0 5
v -1.8 0 4.8
v -1.8 0 3.2
v -1.8 0 3
v -1.8 0 1
v -1.8 0 0.8
v -1.8 0 -0.8
v -1.8 0 -1
v -1.8 0 -3
v -1.8 0 -3.2
v -1.8 0 -4.8
v -1.8 0 -5
v -1.8 1.7 5.8
v -1.8 1.7 5.6
v -1.8 1.7 1.8
v -1.8 1.7 1.6
v -1.8 1.7 -5.6
v -1.8 1.7 -5.8
v -1.8 1.8 5.8
v -1.8 1.8 5.7
v -1.8 1.8 5.6
v -1.8 1.8 5.2
v -1.8 1.8 1.8
v -1.8 1.8 1.7
v -1.8 1.8 1.6
v -1.8 1.8 1.2
v -1.8 1.8 -5.2
v -1.8 1.8 -5.6
v -1.8 1.8 -5.7
v -1.8 1.8 -5.8
v -1.8 2.1 5.8
v -1.8 2.1 5.7
v -1.8 2.1 5.6
v -1.8 2.1 5.2
v -1.8 2.1 1.8
v -1.8 2.1 1.7
v -1.8 2.1 1.6
v -1.8 2.1 1.2
v -1.8 2.1 -5.2
v -1.8 2.1 -5.6
v -1.8 2.1 -5.7
v -1.8 2.1 -5.8
v -1.8 2.2 5.8
v -1.8 2.2 5.6
v -1.8 2.2 1.8
v -1.8 2.2 1.6
v -1.8 2.2 -5.6
v -1.8 2.2 -5.8
v -1.8 3.9 3.2
v -1.8 3.9 3
v -1.8 3.9 1
v -1.8 3.9 0.8
v -1.8 3.9 -0.8
v -1.8 3.9 -1
v -1.8 3.9 -3
v -1.8 3.9 -3.2
v -1.8 4 5
v -1.8 4 4.8
v -1.8 4 -4.8
v -1.8 4 -5
v -1.7 0 5.1
v -1.7 0 5
v -1.7 0 3
v -1.7 0 2.9
v -1.7 0 1.1
v -1.7 0 1
v -1.7 0 -1
v -1.7 0 -1.1
v -1.7 0 -2.9
v -1.7 0 -3
v -1.7 0 -5
v -1.7 0 -5.1
v -1.7 1.7 5.6
v -1.7 1.7 5.2
v -1.7 1.7 1.6
v -1.7 1.7 1.2
v -1.7 1.7 -5.2
v -1.7 1.7 -5.6
v -1.7 1.8 5.6
v -1.7 1.8 5.2
v -1.7 1.8 5.1
v -1.7 1.8 1.6
v -1.7 1.8 1.2
v -1.7 1.8 1.1
v -1.7 1.8 -5.1
v -1.7 1.8 -5.2
v -1.7 1.8 -5.6
v -1.7 2.1 5.6
v -1.7 2.1 5.2
v -1.7 2.1 5.1
v -1.7 2.1 1.6
v -1.7 2.1 1.2
v -1.7 2.1 1.1
v -1.7 2.1 -5.1
v -1.7 2.1 -5.2
v -1.7 2.1 -5.6
v -1.7 2.2 5.6
v -1.7 2.2 5.2
v -1.7 2.2 1.6
v -1.7 2.2 1.2
v -1.7 2.2 -5.2
v -1.7 2.2 -5.6
v -1.7 3.9 3
v -1.7 3.9 2.9
v -1.7 3.9 1.1
v -1.7 3.9 1
v -1.7 3.9 -1
v -1.7 3.9 -1.1
v -1.7 3.9 -2.9
v -1.7 3.9 -3
v -1.7 4 5.1
v -1.7 4 5
v -1.7 4 -5
v -1.7 4 -5.1
v -1.6 0 5.3
v -1.6 0 5.1
v -1.6 0 2.9
v -1.6 0 2.7
v -1.6 0 1.3
v -1.6 0 1.1
v -1.6 0 -1.1
v -1.6 0 -1.3
v -1.6 0 -2.7
v -1.6 0 -2.9
v -1.6 0 -5.1
v -1.6 0 -5.3
v -1.6 1.7 5.3
v -1.6 1.7 5.2
v -1.6 1.7 1.3
v -1.6 1.7 1.2
v -1.6 1.7 -5.2
v -1.6 1.7 -5.3
v -1.6 1.8 5.2
v -1.6 1.8 5.1
v -1.6 1.8 1.2
v -1.6 1.8 1.1
v -1.6 1.8 -5.1
v -1.6 1.8 -5.2
v -1.6 2.1 5.2
v -1.6 2.1 5.1
v -1.6 2.1 1.2
v -1.6 2.1 1.1
v -1.6 2.1 -5.1
v -1.6 2.1 -5.2
v -1.6 2.2 5.3
v -1.6 2.2 5.2
v -1.6 2.2 1.3
v -1.6 2.2 1.2
v -1.6 2.2 -5.2
v -1.6 2.2 -5.3
v -1.6 3.9 2.9
v -1.6 3.9 2.7
v -1.6 3.9 1.3
v -1.6 3.9 1.1
v -1.6 3.9 -1.1
v -1.6 3.9 -1.3
v -1.6 3.9 -2.7
v -1.6 3.9 -2.9
v -1.6 4 5.3
v -1.6 4 5.1
v -1.6 4 -5.1
v -1.6 4 -5.3
v -1.5 0 5.4
v -1.5 0 5.3
v -1.5 0 2.7
v -1.5 0 2.6
v -1.5 0 1.4
v -1.5 0 1.3
v -1.5 0 -1.3
v -1.5 0 -1.4
v -1.5 0 -2.6
v -1.5 0 -2.7
v -1.5 0 -5.3
v -1.5 0 -5.4
v -1.5 1.7 5.4
v -1.5 1.7 5.3
v -1.5 1.7 1.4
v -1.5 1.7 1.3
v -1.5 1.7 -5.3
v -1.5 1.7 -5.4
v -1.5 2.2 5.4
v -1.5 2.2 5.3
v -1.5 2.2 1.4
v -1.5 2.2 1.3
v -1.5 2.2 -5.3
v -1.5 2.2 -5.4
v -1.5 3.9 2.7
v -1.5 3.9 2.6
v -1.5 3.9 1.4
v -1.5 3.9 1.3
v -1.5 3.9 -1.3
v -1.5 3.9 -1.4
v -1.5 3.9 -2.6
v -1.5 3.9 -2.7
v -1.5 4 5.4
v -1.5 4 5.3
v -1.5 4 -5.3
v -1.5 4 -5.4
v -1.4 0 5.5
v -1.4 0 5.4
v -1.4 0 2.6
v -1.4 0 2.5
v -1.4 0 1.5
v -1.4 0 1.4
v -1.4 0 -1.4
v -1.4 0 -1.5
v -1.4 0 -2.5
v -1.4 0 -2.6
v -1.4 0 -5.4
v -1.4 0 -5.5
v -1.4 1.7 5.5
v -1.4 1.7 5.4
v -1.4 1.7 1.5
v -1.4 1.7 1.4
v -1.4 1.7 -5.4
v -1.4 1.7 -5.5
v -1.4 2.2 5.5
v -1.4 2.2 5.4
v -1.4 2.2 1.5
v -1.4 2.2 1.4
v -1.4 2.2 -5.4
v -1.4 2.2 -5.5
v -1.4 3.9 2.6
v -1.4 3.9 2.5
v -1.4 3.9 1.5
v -1.4 3.9 1.4
v -1.4 3.9 -1.4
v -1.4 3.9 -1.5
v -1.4 3.9 -2.5
v -1.4 3.9 -2.6
v -1.4 4 5.5
v -1.4 4 5.4
v -1.4 4 -5.4
v -1.4 4 -5.5
v -1.3 0 5.6
v -1.3 0 5.5
v -1.3 0 2.5
v -1.3 0 2.4
v -1.3 0 1.6
v -1.3 0 1.5
v -1.3 0 -1.5
v -1.3 0 -1.6
v -1.3 0 -2.4
v -1.3 0 -2.5
v -1.3 0 -5.5
v -1.3 0 -5.6
v -1.3 1.8 5.6
v -1.3 1.8 5.5
v -1.3 1.8 1.6
v -1.3 1.8 1.5
v -1.3 1.8 -5.5
v -1.3 1.8 -5.6
v -1.3 2.1 5.6
v -1.3 2.1 5.5
v -1.3 2.1 1.6
v -1.3 2.1 1.5
v -1.3 2.1 -5.5
v -1.3 2.1 -5.6
v -1.3 3.9 2.5
v -1.3 3.9 2.4
v -1.3 3.9 1.6
v -1.3 3.9 1.5
v -1.3 3.9 -1.5
v -1.3 3.9 -1.6
v -1.3 3.9 -2.4
v -1.3 3.9 -2.5
v -1.3 4 5.6
v -1.3 4 5.5
v -1.3 4 -5.5
v -1.3 4 -5.6
v -1.1 0 5.7
v -1.1 0 5.6
v -1.1 0 2.4
v -1.1 0 2.3
v -1.1 0 1.7
v -1.1 0 1.6
v -1.1 0 -1.6
v -1.1 0 -1.7
v -1.1 0 -2.3
v -1.1 0 -2.4
v -1.1 0 -5.6
v -1.1 0 -5.7
v -1.1 3.9 2.4
v -1.1 3.9 2.3
v -1.1 3.9 1.7
v -1.1 3.9 1.6
v -1.1 3.9 -1.6
v -1.1 3.9 -1.7
v -1.1 3.9 -2.3
v -1.1 3.9 -2.4
v -1.1 4 5.7
v -1.1 4 5.6
v -1.1 4 -5.6
v -1.1 4 -5.7
v -1 0 5.8
v -1 0 5.7
v -1 0 2.3
v -1 0 2.2
v -1 0 1.8
v -1 0 1.7
v -1 0 -1.7
v -1 0 -1.8
v -1 0 -2.2
v -1 0 -2.3
v -1 0 -5.7
v -1 0 -5.8
v -1 3.9 2.3
v -1 3.9 2.2
v -1 3.9 1.8
v -1 3.9 1.7
v -1 3.9 -1.7
v -1 3.9 -1.8
v -1 3.9 -2.2
v -1 3.9 -2.3
v -1 4 5.8
v -1 4 5.7
v -1 4 -5.7
v -1 4 -5.8
v -0.8 0 5.9
v -0.8 0 5.8
v -0.8 0 2.2
v -0.8 0 2.1
v -0.8 0 1.9
v -0.8 0 1.8
v -0.8 0 -1.8
v -0.8 0 -1.9
v -0.8 0 -2.1
v -0.8 0 -2.2
v -0.8 0 -5.8
v -0.8 0 -5.9
v -0.8 3.9 2.2
v -0.8 3.9 2.1
v -0.8 3.9 1.9
v -0.8 3.9 1.8
v -0.8 3.9 -1.8
v -0.8 3.9 -1.9
v -0.8 3.9 -2.1
v -0.8 3.9 -2.2
v -0.8 4 5.9
v -0.8 4 5.8
v -0.8 4 -5.8
v -0.8 4 -5.9
v -0.4 0 6
v -0.4 0 5.9
v -0.4 0 2.1
v -0.4 0 1.9
v -0.4 0 -1.9
v -0.4 0 -2.1
v -0.4 0 -5.9
v -0.4 0 -6
v -0.4 3.9 2.1
v -0.4 3.9 1.9
v -0.4 3.9 -1.9
v -0.4 3.9 -2.1
v -0.4 4 6
v -0.4 4 5.9
v -0.4 4 -5.9
v -0.4 4 -6
v 0.1 4 2.8
v 0.1 4 2.4
v 0.1 4 1.6
v 0.1 4 1.2
v 0.1 4 -1.2
v 0.1 4 -1.6
v 0.1 4 -2.4
v 0.1 4 -2.8
v 0.1 8 2.8
v 0.1 8 2.4
v 0.1 8 1.6
v 0.1 8 1.2
v 0.1 8 -1.2
v 0.1 8 -1.6
v 0.1 8 -2.4
v 0.1 8 -2.8
v 0.2 4 3
v 0.2 4 2.8
v 0.2 4 1.2
v 0.2 4 1
v 0.2 4 -1
v 0.2 4 -1.2
v 0.2 4 -2.8
v 0.2 4 -3
v 0.2 8 3
v 0.2 8 2.8
v 0.2 8 1.2
v 0.2 8 1
v 0.2 8 -1
v 0.2 8 -1.2
v 0.2 8 -2.8
v 0.2 8 -3
v 0.3 4 3.1
v 0.3 4 3
v 0.3 4 1
v 0.3 4 0.9
v 0.3 4 -0.9
v 0.3 4 -1
v 0.3 4 -3
v 0.3 4 -3.1
v 0.3 8 3.1
v 0.3 8 3
v 0.3 8 1
v 0.3 8 0.9
v 0.3 8 -0.9
v 0.3 8 -1
v 0.3 8 -3
v 0.3 8 -3.1
v 0.4 4 3.3
v 0.4 4 3.1
v 0.4 4 0.9
v 0.4 4 0.7
v 0.4 4 -0.7
v 0.4 4 -0.9
v 0.4 4 -3.1
v 0.4 4 -3.3
v 0.4 8 3.3
v 0.4 8 3.1
v 0.4 8 0.9
v 0.4 8 0.7
v 0.4 8 -0.7
v 0.4 8 -0.9
v 0.4 8 -3.1
v 0.4 8 -3.3
v 0.5 4 3.4
v 0.5 4 3.3
v 0.5 4 0.7
v 0.5 4 0.6
v 0.5 4 -0.6
v 0.5 4 -0.7
v 0.5 4 -3.3
v 0.5 4 -3.4
v 0.5 8 3.4
v 0.5 8 3.3
v 0.5 8 0.7
v 0.5 8 0.6
v 0.5 8 -0.6
v 0.5 8 -0.7
v 0.5 8 -3.3
v 0.5 8 -3.4
v 0.6 4 3.5
v 0.6 4 3.4
v 0.6 4 0.6
v 0.6 4 0.5
v 0.6 4 -0.5
v 0.6 4 -0.6
v 0.6 4 -3.4
v 0.6 4 -3.5
v 0.6 8 3.5
v 0.6 8 3.4
v 0.6 8 0.6
v 0.6 8 0.5
v 0.6 8 -0.5
v 0.6 8 -0.6
v 0.6 8 -3.4
v 0.6 8 -3.5
v 0.7 4 3.6
v 0.7 4 3.5
v 0.7 4 0.5
v 0.7 4 0.4
v 0.7 4 -0.4
v 0.7 4 -0.5
v 0.7 4 -3.5
v 0.7 4 -3.6
v 0.7 8 3.6
v 0.7 8 3.5
v 0.7 8 0.5
v 0.7 8 0.4
v 0.7 8 -0.4
v 0.7 8 -0.5
v 0.7 8 -3.5
v 0.7 8 -3.6
v 0.9 4 3.7
v 0.9 4 3.6
v 0.9 4 0.4
v 0.9 4 0.3
v 0.9 4 -0.3
v 0.9 4 -0.4
v 0.9 4 -3.6
v 0.9 4 -3.7
v 0.9 8 3.7
v 0.9 8 3.6
v 0.9 8 0.4
v 0.9 8 0.3
v 0.9 8 -0.3
v 0.9 8 -0.4
v 0.9 8 -3.6
v 0.9 8 -3.7
v 1 4 3.8
v 1 4 3.7
v 1 4 0.3
v 1 4 0.2
v 1 4 -0.2
v 1 4 -0.3
v 1 4 -3.7
v 1 4 -3.8
v 1 8 3.8
v 1 8 3.7
v 1 8 0.3
v 1 8 0.2
v 1 8 -0.2
v 1 8 -0.3
v 1 8 -3.7
v 1 8 -3.8
v 1.2 4 3.9
v 1.2 4 3.8
v 1.2 4 0.2
v 1.2 4 0.0999999
v 1.2 4 -0.1
v 1.2 4 -0.2
v 1.2 4 -3.8
v 1.2 4 -3.9
v 1.2 8 3.9
v 1.2 8 3.8
v 1.2 8 0.2
v 1.2 8 0.0999999
v 1.2 8 -0.1
v 1.2 8 -0.2
v 1.2 8 -3.8
v 1.2 8 -3.9
v 1.6 4 4
v 1.6 4 3.9
v 1.6 4 0.0999999
v 1.6 4 -0.1
v 1.6 4 -3.9
v 1.6 4 -4
v 1.6 8 4
v 1.6 8 3.9
v 1.6 8 0.0999999
v 1.6 8 -0.1
v 1.6 8 -3.9
v 1.6 8 -4
v 2.1 0 4.8
v 2.1 0 4.4
v 2.1 0 3.6
v 2.1 0 3.2
v 2.1 0 0.8
v 2.1 0 0.4
v 2.1 0 -0.4
v 2.1 0 -0.8
v 2.1 0 -3.2
v 2.1 0 -3.6
v 2.1 0 -4.4
v 2.1 0 -4.8
v 2.1 1.8 5.8
v 2.1 1.8 5.7
v 2.1 1.8 1.8
v 2.1 1.8 1.7
v 2.1 1.8 -5.7
v 2.1 1.8 -5.8
v 2.1 2.1 5.8
v 2.1 2.1 5.7
v 2.1 2.1 1.8
v 2.1 2.1 1.7
v 2.1 2.1 -5.7
v 2.1 2.1 -5.8
v 2.1 3.9 3.6
v 2.1 3.9 3.2
v 2.1 3.9 0.8
v 2.1 3.9 0.4
v 2.1 3.9 -0.4
v 2.1 3.9 -0.8
v 2.1 3.9 -3.2
v 2.1 3.9 -3.6
v 2.1 4 4.8
v 2.1 4 4.4
v 2.1 4 -4.4
v 2.1 4 -4.8
v 2.2 0 5
v 2.2 0 4.8
v 2.2 0 3.2
v 2.2 0 3
v 2.2 0 1
v 2.2 0 0.8
v 2.2 0 -0.8
v 2.2 0 -1
v 2.2 0 -3
v 2.2 0 -3.2
v 2.2 0 -4.8
v 2.2 0 -5
v 2.2 1.7 5.8
v 2.2 1.7 5.6
v 2.2 1.7 1.8
v 2.2 1.7 1.6
v 2.2 1.7 -5.6
v 2.2 1.7 -5.8
v 2.2 1.8 5.8
v 2.2 1.8 5.7
v 2.2 1.8 5.6
v 2.2 1.8 5.2
v 2.2 1.8 1.8
v 2.2 1.8 1.7
v 2.2 1.8 1.6
v 2.2 1.8 1.2
v 2.2 1.8 -5.2
v 2.2 1.8 -5.6
v 2.2 1.8 -5.7
v 2.2 1.8 -5.8
v 2.2 2.1 5.8
v 2.2 2.1 5.7
v 2.2 2.1 5.6
v 2.2 2.1 5.2
v 2.2 2.1 1.8
v 2.2 2.1 1.7
v 2.2 2.1 1.6
v 2.2 2.1 1.2
v 2.2 2.1 -5.2
v 2.2 2.1 -5.6
v 2.2 2.1 -5.7
v 2.2 2.1 -5.8
v 2.2 2.2 5.8
v 2.2 2.2 5.6
v 2.2 2.2 1.8
v 2.2 2.2 1.6
v 2.2 2.2 -5.6
v 2.2 2.2 -5.8
v 2.2 3.9 3.2
v 2.2 3.9 3
v 2.2 3.9 1
v 2.2 3.9 0.8
v 2.2 3.9 -0.8
v 2.2 3.9 -1
v 2.2 3.9 -3
v 2.2 3.9 -3.2
v 2.2 4 5
v 2.2 4 4.8
v 2.2 4 -4.8
v 2.2 4 -5
v 2.3 0 5.1
v 2.3 0 5
v 2.3 0 3
v 2.3 0 2.9
v 2.3 0 1.1
v 2.3 0 1
v 2.3 0 -1
v 2.3 0 -1.1
v 2.3 0 -2.9
v 2.3 0 -3
v 2.3 0 -5
v 2.3 0 -5.1
v 2.3 1.7 5.6
v 2.3 1.7 5.2
v 2.3 1.7 1.6
v 2.3 1.7 1.2
v 2.3 1.7 -5.2
v 2.3 1.7 -5.6
v 2.3 1.8 5.6
v 2.3 1.8 5.2
v 2.3 1.8 5.1
v 2.3 1.8 1.6
v 2.3 1.8 1.2
v 2.3 1.8 1.1
v 2.3 1.8 -5.1
v 2.3 1.8 -5.2
v 2.3 1.8 -5.6
v 2.3 2.1 5.6
v 2.3 2.1 5.2
v 2.3 2.1 5.1
v 2.3 2.1 1.6
v 2.3 2.1 1.2
v 2.3 2.1 1.1
v 2.3 2.1 -5.1
v 2.3 2.1 -5.2
v 2.3 2.1 -5.6
v 2.3 2.2 5.6
v 2.3 2.2 5.2
v 2.3 2.2 1.6
v 2.3 2.2 1.2
v 2.3 2.2 -5.2
v 2.3 2.2 -5.6
v 2.3 3.9 3
v 2.3 3.9 2.9
v 2.3 3.9 1.1
v 2.3 3.9 1
v 2.3 3.9 -1
v 2.3 3.9 -1.1
v 2.3 3.9 -2.9
v 2.3 3.9 -3
v 2.3 4 5.1
v 2.3 4 5
v 2.3 4 -5
v 2.3 4 -5.1
v 2.4 0 5.3
v 2.4 0 5.1
v 2.4 0 2.9
v 2.4 0 2.7
v 2.4 0 1.3
v 2.4 0 1.1
v 2.4 0 -1.1
v 2.4 0 -1.3
v 2.4 0 -2.7
v 2.4 0 -2.9
v 2.4 0 -5.1
v 2.4 0 -5.3
v 2.4 1.7 5.3
v 2.4 1.7 5.2
v 2.4 1.7 1.3
v 2.4 1.7 1.2
v 2.4 1.7 -5.2
v 2.4 1.7 -5.3
v 2.4 1.8 5.2
v 2.4 1.8 5.1
v 2.4 1.8 1.2
v 2.4 1.8 1.1
v 2.4 1.8 -5.1
v 2.4 1.8 -5.2
v 2.4 2.1 5.2
v 2.4 2.1 5.1
v 2.4 2.1 1.2
v 2.4 2.1 1.1
v 2.4 2.1 -5.1
v 2.4 2.1 -5.2
v 2.4 2.2 5.3
v 2.4 2.2 5.2
v 2.4 2.2 1.3
v 2.4 2.2 1.2
v 2.4 2.2 -5.2
v 2.4 2.2 -5.3
v 2.4 3.9 2.9
v 2.4 3.9 2.7
v 2.4 3.9 1.3
v 2.4 3.9 1.1
v 2.4 3.9 -1.1
v 2.4 3.9 -1.3
v 2.4 3.9 -2.7
v 2.4 3.9 -2.9
v 2.4 4 5.3
v 2.4 4 5.1
v 2.4 4 -5.1
v 2.4 4 -5.3
v 2.5 0 5.4
v 2.5 0 5.3
v 2.5 0 2.7
v 2.5 0 2.6
v 2.5 0 1.4
v 2.5 0 1.3
v 2.5 0 -1.3
v 2.5 0 -1.4
v 2.5 0 -2.6
v 2.5 0 -2.7
v 2.5 0 -5.3
v 2.5 0 -5.4
v 2.5 1.7 5.4
v 2.5 1.7 5.3
v 2.5 1.7 1.4
v 2.5 1.7 1.3
v 2.5 1.7 -5.3
v 2.5 1.7 -5.4
v 2.5 2.2 5.4
v 2.5 2.2 5.3
v 2.5 2.2 1.4
v 2.5 2.2 1.3
v 2.5 2.2 -5.3
v 2.5 2.2 -5.4
v 2.5 3.9 2.7
v 2.5 3.9 2.6
v 2.5 3.9 1.4
v 2.5 3.9 1.3
v 2.5 3.9 -1.3
v 2.5 3.9 -1.4
v 2.5 3.9 -2.6
v 2.5 3.9 -2.7
v 2.5 4 5.4
v 2.5 4 5.3
v 2.5 4 -5.3
v 2.5 4 -5.4
v 2.6 0 5.5
v 2.6 0 5.4
v 2.6 0 2.6
v 2.6 0 2.5
v 2.6 0 1.5
v 2.6 0 1.4
v 2.6 0 -1.4
v 2.6 0 -1.5
v 2.6 0 -2.5
v 2.6 0 -2.6
v 2.6 0 -5.4
v 2.6 0 -5.5
v 2.6 1.7 5.5
v 2.6 1.7 5.4
v 2.6 1.7 1.5
v 2.6 1.7 1.4
v 2.6 1.7 -5.4
v 2.6 1.7 -5.5
v 2.6 2.2 5.5
v 2.6 2.2 5.4
v 2.6 2.2 1.5
v 2.6 2.2 1.4
v 2.6 2.2 -5.4
v 2.6 2.2 -5.5
v 2.6 3.9 2.6
v 2.6 3.9 2.5
v 2.6 3.9 1.5
v 2.6 3.9 1.4
v 2.6 3.9 -1.4
v 2.6 3.9 -1.5
v 2.6 3.9 -2.5
v 2.6 3.9 -2.6
v 2.6 4 5.5
v 2.6 4 5.4
v 2.6 4 -5.4
v 2.6 4 -5.5
v 2.7 0 5.6
v 2.7 0 5.5
v 2.7 0 2.5
v 2.7 0 2.4
v 2.7 0 1.6
v 2.7 0 1.5
v 2.7 0 -1.5
v 2.7 0 -1.6
v 2.7 0 -2.4
v 2.7 0 -2.5
v 2.7 0 -5.5
v 2.7 0 -5.6
v 2.7 1.8 5.6
v 2.7 1.8 5.5
v 2.7 1.8 1.6
v 2.7 1.8 1.5
v 2.7 1.8 -5.5
v 2.7 1.8 -5.6
v 2.7 2.1 5.6
v 2.7 2.1 5.5
v 2.7 2.1 1.6
v 2.7 2.1 1.5
v 2.7 2.1 -5.5
v 2.7 2.1 -5.6
v 2.7 3.9 2.5
v 2.7 3.9 2.4
v 2.7 3.9 1.6
v 2.7 3.9 1.5
v 2.7 3.9 -1.5
v 2.7 3.9 -1.6
v 2.7 3.9 -2.4
v 2.7 3.9 -2.5
v 2.7 4 5.6
v 2.7 4 5.5
v 2.7 4 -5.5
v 2.7 4 -5.6
v 2.9 0 5.7
v 2.9 0 5.6
v 2.9 0 2.4
v 2.9 0 2.3
v 2.9 0 1.7
v 2.9 0 1.6
v 2.9 0 -1.6
v 2.9 0 -1.7
v 2.9 0 -2.3
v 2.9 0 -2.4
v 2.9 0 -5.6
v 2.9 0 -5.7
v 2.9 3.9 2.4
v 2.9 3.9 2.3
v 2.9 3.9 1.7
v 2.9 3.9 1.6
v 2.9 3.9 -1.6
v 2.9 3.9 -1.7
v 2.9 3.9 -2.3
v 2.9 3.9 -2.4
v 2.9 4 5.7
v 2.9 4 5.6
v 2.9 4 -5.6
v 2.9 4 -5.7
v 3 0 5.8
v 3 0 5.7
v 3 0 2.3
v 3 0 2.2
v 3 0 1.8
v 3 0 1.7
v 3 0 -1.7
v 3 0 -1.8
v 3 0 -2.2
v 3 0 -2.3
v 3 0 -5.7
v 3 0 -5.8
v 3 3.9 2.3
v 3 3.9 2.2
v 3 3.9 1.8
v 3 3.9 1.7
v 3 3.9 -1.7
v 3 3.9 -1.8
v 3 3.9 -2.2
v 3 3.9 -2.3
v 3 4 5.8
v 3 4 5.7
v 3 4 -5.7
v 3 4 -5.8
v 3.2 0 5.9
v 3.2 0 5.8
v 3.2 0 2.2
v 3.2 0 2.1
v 3.2 0 1.9
v 3.2 0 1.8
v 3.2 0 -1.8
v 3.2 0 -1.9
v 3.2 0 -2.1
v 3.2 0 -2.2
v 3.2 0 -5.8
v 3.2 0 -5.9
v 3.2 3.9 2.2
v 3.2 3.9 2.1
v 3.2 3.9 1.9
v 3.2 3.9 1.8
v 3.2 3.9 -1.8
v 3.2 3.9 -1.9
v 3.2 3.9 -2.1
v 3.2 3.9 -2.2
v 3.2 4 5.9
v 3.2 4 5.8
v 3.2 4 -5.8
v 3.2 4 -5.9
v 3.3 5.8 3.7
v 3.3 5.8 3.6
v 3.3 5.8 -3.6
v 3.3 5.8 -3.7
v 3.3 6.1 3.7
v 3.3 6.1 3.6
v 3.3 6.1 -3.6
v 3.3 6.1 -3.7
v 3.4 5.7 3.8
v 3.4 5.7 3.5
v 3.4 5.7 -3.5
v 3.4 5.7 -3.8
v 3.4 5.8 3.7
v 3.4 5.8 3.5
v 3.4 5.8 -3.5
v 3.4 5.8 -3.7
v 3.4 6.1 3.7
v 3.4 6.1 3.5
v 3.4 6.1 -3.5
v 3.4 6.1 -3.7
v 3.4 6.2 3.8
v 3.4 6.2 3.5
v 3.4 6.2 -3.5
v 3.4 6.2 -3.8
v 3.6 0 6
v 3.6 0 5.9
v 3.6 0 2.1
v 3.6 0 1.9
v 3.6 0 -1.9
v 3.6 0 -2.1
v 3.6 0 -5.9
v 3.6 0 -6
v 3.6 3.9 2.1
v 3.6 3.9 1.9
v 3.6 3.9 -1.9
v 3.6 3.9 -2.1
v 3.6 4 6
v 3.6 4 5.9
v 3.6 4 -5.9
v 3.6 4 -6
v -3.6 0 6
v -3.6 0 5.9
v -3.6 0 2.1
v -3.6 0 1.9
v -3.6 0 -1.9
v -3.6 0 -2.1
v -3.6 0 -5.9
v -3.6 0 -6
v -3.6 3.9 2.1
v -3.6 3.9 1.9
v -3.6 3.9 -1.9
v -3.6 3.9 -2.1
v -3.6 4 6
v -3.6 4 5.9
v -3.6 4 -5.9
v -3.6 4 -6
v -3.4 5.7 3.8
v -3.4 5.7 3.5
v -3.4 5.7 -3.5
v -3.4 5.7 -3.8
v -3.4 5.8 3.7
v -3.4 5.8 3.5
v -3.4 5.8 -3.5
v -3.4 5.8 -3.7
v -3.4 6.1 3.7
v -3.4 6.1 3.5
v -3.4 6.1 -3.5
v -3.4 6.1 -3.7
v -3.4 6.2 3.8
v -3.4 6.2 3.5
v -3.4 6.2 -3.5
v -3.4 6.2 -3.8
v -3.3 5.8 3.7
v -3.3 5.8 3.6
v -3.3 5.8 -3.6
v -3.3 5.8 -3.7
v -3.3 6.1 3.7
v -3.3 6.1 3.6
v -3.3 6.1 -3.6
v -3.3 6.1 -3.7
v -3.2 0 5.9
v -3.2 0 5.8
v -3.2 0 2.2
v -3.2 0 2.1
v -3.2 0 1.9
v -3.2 0 1.8
v -3.2 0 -1.8
v -3.2 0 -1.9
v -3.2 0 -2.1
v -3.2 0 -2.2
v -3.2 0 -5.8
v -3.2 0 -5.9
v -3.2 3.9 2.2
v -3.2 3.9 2.1
v -3.2 3.9 1.9
v -3.2 3.9 1.8
v -3.2 3.9 -1.8
v -3.2 3.9 -1.9
v -3.2 3.9 -2.1
v -3.2 3.9 -2.2
v -3.2 4 5.9
v -3.2 4 5.8
v -3.2 4 -5.8
v -3.2 4 -5.9
v -3 0 5.8
v -3 0 5.7
v -3 0 2.3
v -3 0 2.2
v -3 0 1.8
v -3 0 1.7
v -3 0 -1.7
v -3 0 -1.8
v -3 0 -2.2
v -3 0 -2.3
v -3 0 -5.7
v -3 0 -5.8
v -3 3.9 2.3
v -3 3.9 2.2
v -3 3.9 1.8
v -3 3.9 1.7
v -3 3.9 -1.7
v -3 3.9 -1.8
v -3 3.9 -2.2
v -3 3.9 -2.3
v -3 4 5.8
v -3 4 5.7
v -3 4 -5.7
v -3 4 -5.8
v -2.9 0 5.7
v -2.9 0 5.6
v -2.9 0 2.4
v -2.9 0 2.3
v -2.9 0 1.7
v -2.9 0 1.6
v -2.9 0 -1.6
v -2.9 0 -1.7
v -2.9 0 -2.3
v -2.9 0 -2.4
v -2.9 0 -5.6
v -2.9 0 -5.7
v -2.9 3.9 2.4
v -2.9 3.9 2.3
v -2.9 3.9 1.7
v -2.9 3.9 1.6
v -2.9 3.9 -1.6
v -2.9 3.9 -1.7
v -2.9 3.9 -2.3
v -2.9 3.9 -2.4
v -2.9 4 5.7
v -2.9 4 5.6
v -2.9 4 -5.6
v -2.9 4 -5.7
v -2.7 0 5.6
v -2.7 0 5.5
v -2.7 0 2.5
v -2.7 0 2.4
v -2.7 0 1.6
v -2.7 0 1.5
v -2.7 0 -1.5
v -2.7 0 -1.6
v -2.7 0 -2.4
v -2.7 0 -2.5
v -2.7 0 -5.5
v -2.7 0 -5.6
v -2.7 1.8 5.6
v -2.7 1.8 5.5
v -2.7 1.8 1.6
v -2.7 1.8 1.5
v -2.7 1.8 -5.5
v -2.7 1.8 -5.6
v -2.7 2.1 5.6
v -2.7 2.1 5.5
v -2.7 2.1 1.6
v -2.7 2.1 1.5
v -2.7 2.1 -5.5
v -2.7 2.1 -5.6
v -2.7 3.9 2.5
v -2.7 3.9 2.4
v -2.7 3.9 1.6
v -2.7 3.9 1.5
v -2.7 3.9 -1.5
v -2.7 3.9 -1.6
v -2.7 3.9 -2.4
v -2.7 3.9 -2.5
v -2.7 4 5.6
v -2.7 4 5.5
v -2.7 4 -5.5
v -2.7 4 -5.6
v -2.6 0 5.5
v -2.6 0 5.4
v -2.6 0 2.6
v -2.6 0 2.5
v -2.6 0 1.5
v -2.6 0 1.4
v -2.6 0 -1.4
v -2.6 0 -1.5
v -2.6 0 -2.5
v -2.6 0 -2.6
v -2.6 0 -5.4
v -2.6 0 -5.5
v -2.6 1.7 5.5
v -2.6 1.7 5.4
v -2.6 1.7 1.5
v -2.6 1.7 1.4
v -2.6 1.7 -5.4
v -2.6 1.7 -5.5
v -2.6 2.2 5.5
v -2.6 2.2 5.4
v -2.6 2.2 1.5
v -2.6 2.2 1.4
v -2.6 2.2 -5.4
v -2.6 2.2 -5.5
v -2.6 3.9 2.6
v -2.6 3.9 2.5
v -2.6 3.9 1.5
v -2.6 3.9 1.4
v -2.6 3.9 -1.4
v -2.6 3.9 -1.5
v -2.6 3.9 -2.5
v -2.6 3.9 -2.6
v -2.6 4 5.5
v -2.6 4 5.4
v -2.6 4 -5.4
v -2.6 4 -5.5
v -2.5 0 5.4
v -2.5 0 5.3
v -2.5 0 2.7
v -2.5 0 2.6
v -2.5 0 1.4
v -2.5 0 1.3
v -2.5 0 -1.3
v -2.5 0 -1.4
v -2.5 0 -2.6
v -2.5 0 -2.7
v -2.5 0 -5.3
v -2.5 0 -5.4
v -2.5 1.7 5.4
v -2.5 1.7 5.3
v -2.5 1.7 1.4
v -2.5 1.7 1.3
v -2.5 1.7 -5.3
v -2.5 1.7 -5.4
v -2.5 2.2 5.4
v -2.5 2.2 5.3
v -2.5 2.2 1.4
v -2.5 2.2 1.3
v -2.5 2.2 -5.3
v -2.5 2.2 -5.4
v -2.5 3.9 2.7
v -2.5 3.9 2.6
v -2.5 3.9 1.4
v -2.5 3.9 1.3
v -2.5 3.9 -1.3
v -2.5 3.9 -1.4
v -2.5 3.9 -2.6
v -2.5 3.9 -2.7
v -2.5 4 5.4
v -2.5 4 5.3
v -2.5 4 -5.3
v -2.5 4 -5.4
v -2.4 0 5.3
v -2.4 0 5.1
v -2.4 0 2.9
v -2.4 0 2.7
v -2.4 0 1.3
v -2.4 0 1.1
v -2.4 0 -1.1
v -2.4 0 -1.3
v -2.4 0 -2.7
v -2.4 0 -2.9
v -2.4 0 -5.1
v -2.4 0 -5.3
v -2.4 1.7 5.3
v -2.4 1.7 5.2
v -2.4 1.7 1.3
v -2.4 1.7 1.2
v -2.4 1.7 -5.2
v -2.4 1.7 -5.3
v -2.4 1.8 5.2
v -2.4 1.8 5.1
v -2.4 1.8 1.2
v -2.4 1.8 1.1
v -2.4 1.8 -5.1
v -2.4 1.8 -5.2
v -2.4 2.1 5.2
v -2.4 2.1 5.1
v -2.4 2.1 1.2
v -2.4 2.1 1.1
v -2.4 2.1 -5.1
v -2.4 2.1 -5.2
v -2.4 2.2 5.3
v -2.4 2.2 5.2
v -2.4 2.2 1.3
v -2.4 2.2 1.2
v -2.4 2.2 -5.2
v -2.4 2.2 -5.3
v -2.4 3.9 2.9
v -2.4 3.9 2.7
v -2.4 3.9 1.3
v -2.4 3.9 1.1
v -2.4 3.9 -1.1
v -2.4 3.9 -1.3
v -2.4 3.9 -2.7
v -2.4 3.9 -2.9
v -2.4 4 5.3
v -2.4 4 5.1
v -2.4 4 -5.1
v -2.4 4 -5.3
v -2.3 0 5.1
v -2.3 0 5
v -2.3 0 3
v -2.3 0 2.9
v -2.3 0 1.1
v -2.3 0 1
v -2.3 0 -1
v -2.3 0 -1.1
v -2.3 0 -2.9
v -2.3 0 -3
v -2.3 0 -5
v -2.3 0 -5.1
v -2.3 1.7 5.6
v -2.3 1.7 5.2
v -2.3 1.7 1.6
v -2.3 1.7 1.2
v -2.3 1.7 -5.2
v -2.3 1.7 -5.6
v -2.3 1.8 5.6
v -2.3 1.8 5.2
v -2.3 1.8 5.1
v -2.3 1.8 1.6
v -2.3 1.8 1.2
v -2.3 1.8 1.1
v -2.3 1.8 -5.1
v -2.3 1.8 -5.2
v -2.3 1.8 -5.6
v -2.3 2.1 5.6
v -2.3 2.1 5.2
v -2.3 2.1 5.1
v -2.3 2.1 1.6
v -2.3 2.1 1.2
v -2.3 2.1 1.1
v -2.3 2.1 -5.1
v -2.3 2.1 -5.2
v -2.3 2.1 -5.6
v -2.3 2.2 5.6
v -2.3 2.2 5.2
v -2.3 2.2 1.6
v -2.3 2.2 1.2
v -2.3 2.2 -5.2
v -2.3 2.2 -5.6
v -2.3 3.9 3
v -2.3 3.9 2.9
v -2.3 3.9 1.1
v -2.3 3.9 1
v -2.3 3.9 -1
v -2.3 3.9 -1.1
v -2.3 3.9 -2.9
v -2.3 3.9 -3
v -2.3 4 5.1
v -2.3 4 5
v -2.3 4 -5
v -2.3 4 -5.1
v -2.2 0 5
v -2.2 0 4.8
v -2.2 0 3.2
v -2.2 0 3
v -2.2 0 1
v -2.2 0 0.8
v -2.2 0 -0.8
v -2.2 0 -1
v -2.2 0 -3
v -2.2 0 -3.2
v -2.2 0 -4.8
v -2.2 0 -5
v -2.2 1.7 5.8
v -2.2 1.7 5.6
v -2.2 1.7 1.8
v -2.2 1.7 1.6
v -2.2 1.7 -5.6
v -2.2 1.7 -5.8
v -2.2 1.8 5.8
v -2.2 1.8 5.7
v -2.2 1.8 5.6
v -2.2 1.8 5.2
v -2.2 1.8 1.8
v -2.2 1.8 1.7
v -2.2 1.8 1.6
v -2.2 1.8 1.2
v -2.2 1.8 -5.2
v -2.2 1.8 -5.6
v -2.2 1.8 -5.7
v -2.2 1.8 -5.8
v -2.2 2.1 5.8
v -2.2 2.1 5.7
v -2.2 2.1 5.6
v -2.2 2.1 5.2
v -2.2 2.1 1.8
v -2.2 2.1 1.7
v -2.2 2.1 1.6
v -2.2 2.1 1.2
v -2.2 2.1 -5.2
v -2.2 2.1 -5.6
v -2.2 2.1 -5.7
v -2.2 2.1 -5.8
v -2.2 2.2 5.8
v -2.2 2.2 5.6
v -2.2 2.2 1.8
v -2.2 2.2 1.6
v -2.2 2.2 -5.6
v -2.2 2.2 -5.8
v -2.2 3.9 3.2
v -2.2 3.9 3
v -2.2 3.9 1
v -2.2 3.9 0.8
v -2.2 3.9 -0.8
v -2.2 3.9 -1
v -2.2 3.9 -3
v -2.2 3.9 -3.2
v -2.2 4 5
v -2.2 4 4.8
v -2.2 4 -4.8
v -2.2 4 -5
v -2.1 0 4.8
v -2.1 0 4.4
v -2.1 0 3.6
v -2.1 0 3.2
v -2.1 0 0.8
v -2.1 0 0.4
v -2.1 0 -0.4
v -2.1 0 -0.8
v -2.1 0 -3.2
v -2.1 0 -3.6
v -2.1 0 -4.4
v -2.1 0 -4.8
v -2.1 1.8 5.8
v -2.1 1.8 5.7
v -2.1 1.8 1.8
v -2.1 1.8 1.7
v -2.1 1.8 -5.7
v -2.1 1.8 -5.8
v -2.1 2.1 5.8
v -2.1 2.1 5.7
v -2.1 2.1 1.8
v -2.1 2.1 1.7
v -2.1 2.1 -5.7
v -2.1 2.1 -5.8
v -2.1 3.9 3.6
v -2.1 3.9 3.2
v -2.1 3.9 0.8
v -2.1 3.9 0.4
v -2.1 3.9 -0.4
v -2.1 3.9 -0.8
v -2.1 3.9 -3.2
v -2.1 3.9 -3.6
v -2.1 4 4.8
v -2.1 4 4.4
v -2.1 4 -4.4
v -2.1 4 -4.8
v -1.6 4 4
v -1.6 4 3.9
v -1.6 4 0.0999999
v -1.6 4 -0.1
v -1.6 4 -3.9
v -1.6 4 -4
v -1.6 8 4
v -1.6 8 3.9
v -1.6 8 0.0999999
v -1.6 8 -0.1
v -1.6 8 -3.9
v -1.6 8 -4
v -1.4 1.7 5.8
v -1.4 1.7 5.5
v -1.4 1.7 1.8
v -1.4 1.7 1.5
v -1.4 1.7 -5.5
v -1.4 1.7 -5.8
v -1.4 1.8 5.7
v -1.4 1.8 5.5
v -1.4 1.8 1.7
v -1.4 1.8 1.5
v -1.4 1.8 -5.5
v -1.4 1.8 -5.7
v -1.4 2.1 5.7
v -1.4 2.1 5.5
v -1.4 2.1 1.7
v -1.4 2.1 1.5
v -1.4 2.1 -5.5
v -1.4 2.1 -5.7
v -1.4 2.2 5.8
v -1.4 2.2 5.5
v -1.4 2.2 1.8
v -1.4 2.2 1.5
v -1.4 2.2 -5.5
v -1.4 2.2 -5.8
v -1.3 1.8 5.7
v -1.3 1.8 5.6
v -1.3 1.8 1.7
v -1.3 1.8 1.6
v -1.3 1.8 -5.6
v -1.3 1.8 -5.7
v -1.3 2.1 5.7
v -1.3 2.1 5.6
v -1.3 2.1 1.7
v -1.3 2.1 1.6
v -1.3 2.1 -5.6
v -1.3 2.1 -5.7
v -1.2 4 3.9
v -1.2 4 3.8
v -1.2 4 0.2
v -1.2 4 0.0999999
v -1.2 4 -0.1
v -1.2 4 -0.2
v -1.2 4 -3.8
v -1.2 4 -3.9
v -1.2 8 3.9
v -1.2 8 3.8
v -1.2 8 0.2
v -1.2 8 0.0999999
v -1.2 8 -0.1
v -1.2 8 -0.2
v -1.2 8 -3.8
v -1.2 8 -3.9
v -1 4 3.8
v -1 4 3.7
v -1 4 0.3
v -1 4 0.2
v -1 4 -0.2
v -1 4 -0.3
v -1 4 -3.7
v -1 4 -3.8
v -1 8 3.8
v -1 8 3.7
v -1 8 0.3
v -1 8 0.2
v -1 8 -0.2
v -1 8 -0.3
v -1 8 -3.7
v -1 8 -3.8
v -0.9 4 3.7
v -0.9 4 3.6
v -0.9 4 0.4
v -0.9 4 0.3
v -0.9 4 -0.3
v -0.9 4 -0.4
v -0.9 4 -3.6
v -0.9 4 -3.7
v -0.9 8 3.7
v -0.9 8 3.6
v -0.9 8 0.4
v -0.9 8 0.3
v -0.9 8 -0.3
v -0.9 8 -0.4
v -0.9 8 -3.6
v -0.9 8 -3.7
v -0.7 4 3.6
v -0.7 4 3.5
v -0.7 4 0.5
v -0.7 4 0.4
v -0.7 4 -0.4
v -0.7 4 -0.5
v -0.7 4 -3.5
v -0.7 4 -3.6
v -0.7 8 3.6
v -0.7 8 3.5
v -0.7 8 0.5
v -0.7 8 0.4
v -0.7 8 -0.4
v -0.7 8 -0.5
v -0.7 8 -3.5
v -0.7 8 -3.6
v -0.6 4 3.5
v -0.6 4 3.4
v -0.6 4 0.6
v -0.6 4 0.5
v -0.6 4 -0.5
v -0.6 4 -0.6
v -0.6 4 -3.4
v -0.6 4 -3.5
v -0.6 8 3.5
v -0.6 8 3.4
v -0.6 8 0.6
v -0.6 8 0.5
v -0.6 8 -0.5
v -0.6 8 -0.6
v -0.6 8 -3.4
v -0.6 8 -3.5
v -0.5 4 3.4
v -0.5 4 3.3
v -0.5 4 0.7
v -0.5 4 0.6
v -0.5 4 -0.6
v -0.5 4 -0.7
v -0.5 4 -3.3
v -0.5 4 -3.4
v -0.5 8 3.4
v -0.5 8 3.3
v -0.5 8 0.7
v -0.5 8 0.6
v -0.5 8 -0.6
v -0.5 8 -0.7
v -0.5 8 -3.3
v -0.5 8 -3.4
v -0.4 4 3.3
v -0.4 4 3.1
v -0.4 4 0.9
v -0.4 4 0.7
v -0.4 4 -0.7
v -0.4 4 -0.9
v -0.4 4 -3.1
v -0.4 4 -3.3
v -0.4 8 3.3
v -0.4 8 3.1
v -0.4 8 0.9
v -0.4 8 0.7
v -0.4 8 -0.7
v -0.4 8 -0.9
v -0.4 8 -3.1
v -0.4 8 -3.3
v -0.3 4 3.1
v -0.3 4 3
v -0.3 4 1
v -0.3 4 0.9
v -0.3 4 -0.9
v -0.3 4 -1
v -0.3 4 -3
v -0.3 4 -3.1
v -0.3 8 3.1
v -0.3 8 3
v -0.3 8 1
v -0.3 8 0.9
v -0.3 8 -0.9
v -0.3 8 -1
v -0.3 8 -3
v -0.3 8 -3.1
v -0.2 4 3
v -0.2 4 2.8
v -0.2 4 1.2
v -0.2 4 1.1
v -0.2 4 1
v -0.2 4 -1
v -0.2 4 -1.2
v -0.2 4 -2.8
v -0.2 4 -3
v -0.2 8 3
v -0.2 8 2.8
v -0.2 8 1.2
v -0.2 8 1
v -0.2 8 -1
v -0.2 8 -1.2
v -0.2 8 -2.8
v -0.2 8 -3
v -0.0999999 4 2.8
v -0.0999999 4 2.4
v -0.0999999 4 1.6
v -0.0999999 4 1.2
v -0.0999999 4 -1.2
v -0.0999999 4 -1.6
v -0.0999999 4 -2.4
v -0.0999999 4 -2.8
v -0.0999999 8 2.8
v -0.0999999 8 2.4
v -0.0999999 8 1.6
v -0.0999999 8 1.2
v -0.0999999 8 -1.2
v -0.0999999 8 -1.6
v -0.0999999 8 -2.4
v -0.0999999 8 -2.8
v 0.4 0 6
v 0.4 0 5.9
v 0.4 0 2.1
v 0.4 0 1.9
v 0.4 0 -1.9
v 0.4 0 -2.1
v 0.4 0 -5.9
v 0.4 0 -6
v 0.4 3.9 2.1
v 0.4 3.9 1.9
v 0.4 3.9 -1.9
v 0.4 3.9 -2.1
v 0.4 4 6
v 0.4 4 5.9
v 0.4 4 -5.9
v 0.4 4 -6
v 0.8 0 5.9
v 0.8 0 5.8
v 0.8 0 2.2
v 0.8 0 2.1
v 0.8 0 1.9
v 0.8 0 1.8
v 0.8 0 -1.8
v 0.8 0 -1.9
v 0.8 0 -2.1
v 0.8 0 -2.2
v 0.8 0 -5.8
v 0.8 0 -5.9
v 0.8 3.9 2.2
v 0.8 3.9 2.1
v 0.8 3.9 1.9
v 0.8 3.9 1.8
v 0.8 3.9 -1.8
v 0.8 3.9 -1.9
v 0.8 3.9 -2.1
v 0.8 3.9 -2.2
v 0.8 4 5.9
v 0.8 4 5.8
v 0.8 4 -5.8
v 0.8 4 -5.9
v 1 0 5.8
v 1 0 5.7
v 1 0 2.3
v 1 0 2.2
v 1 0 1.8
v 1 0 1.7
v 1 0 -1.7
v 1 0 -1.8
v 1 0 -2.2
v 1 0 -2.3
v 1 0 -5.7
v 1 0 -5.8
v 1 3.9 2.3
v 1 3.9 2.2
v 1 3.9 1.8
v 1 3.9 1.7
v 1 3.9 -1.7
v 1 3.9 -1.8
v 1 3.9 -2.2
v 1 3.9 -2.3
v 1 4 5.8
v 1 4 5.7
v 1 4 -5.7
v 1 4 -5.8
v 1.1 0 5.7
v 1.1 0 5.6
v 1.1 0 2.4
v 1.1 0 2.3
v 1.1 0 1.7
v 1.1 0 1.6
v 1.1 0 -1.6
v 1.1 0 -1.7
v 1.1 0 -2.3
v 1.1 0 -2.4
v 1.1 0 -5.6
v 1.1 0 -5.7
v 1.1 3.9 2.4
v 1.1 3.9 2.3
v 1.1 3.9 1.7
v 1.1 3.9 1.6
v 1.1 3.9 -1.6
v 1.1 3.9 -1.7
v 1.1 3.9 -2.3
v 1.1 3.9 -2.4
v 1.1 4 5.7
v 1.1 4 5.6
v 1.1 4 -5.6
v 1.1 4 -5.7
v 1.3 0 5.6
v 1.3 0 5.5
v 1.3 0 2.5
v 1.3 0 2.4
v 1.3 0 1.6
v 1.3 0 1.5
v 1.3 0 -1.5
v 1.3 0 -1.6
v 1.3 0 -2.4
v 1.3 0 -2.5
v 1.3 0 -5.5
v 1.3 0 -5.6
v 1.3 3.9 2.5
v 1.3 3.9 2.4
v 1.3 3.9 1.6
v 1.3 3.9 1.5
v 1.3 3.9 -1.5
v 1.3 3.9 -1.6
v 1.3 3.9 -2.4
v 1.3 3.9 -2.5
v 1.3 4 5.6
v 1.3 4 5.5
v 1.3 4 -5.5
v 1.3 4 -5.6
v 1.4 0 5.5
v 1.4 0 5.4
v 1.4 0 2.6
v 1.4 0 2.5
v 1.4 0 1.5
v 1.4 0 1.4
v 1.4 0 -1.4
v 1.4 0 -1.5
v 1.4 0 -2.5
v 1.4 0 -2.6
v 1.4 0 -5.4
v 1.4 0 -5.5
v 1.4 3.9 2.6
v 1.4 3.9 2.5
v 1.4 3.9 1.5
v 1.4 3.9 1.4
v 1.4 3.9 -1.4
v 1.4 3.9 -1.5
v 1.4 3.9 -2.5
v 1.4 3.9 -2.6
v 1.4 4 5.5
v 1.4 4 5.4
v 1.4 4 -5.4
v 1.4 4 -5.5
v 1.5 0 5.4
v 1.5 0 5.3
v 1.5 0 2.7
v 1.5 0 2.6
v 1.5 0 1.4
v 1.5 0 1.3
v 1.5 0 -1.3
v 1.5 0 -1.4
v 1.5 0 -2.6
v 1.5 0 -2.7
v 1.5 0 -5.3
v 1.5 0 -5.4
v 1.5 3.9 2.7
v 1.5 3.9 2.6
v 1.5 3.9 1.4
v 1.5 3.9 1.3
v 1.5 3.9 -1.3
v 1.5 3.9 -1.4
v 1.5 3.9 -2.6
v 1.5 3.9 -2.7
v 1.5 4 5.4
v 1.5 4 5.3
v 1.5 4 -5.3
v 1.5 4 -5.4
v 1.6 0 5.3
v 1.6 0 5.1
v 1.6 0 2.9
v 1.6 0 2.7
v 1.6 0 1.3
v 1.6 0 1.1
v 1.6 0 -1.1
v 1.6 0 -1.3
v 1.6 0 -2.7
v 1.6 0 -2.9
v 1.6 0 -5.1
v 1.6 0 -5.3
v 1.6 3.9 2.9
v 1.6 3.9 2.7
v 1.6 3.9 1.3
v 1.6 3.9 1.1
v 1.6 3.9 -1.1
v 1.6 3.9 -1.3
v 1.6 3.9 -2.7
v 1.6 3.9 -2.9
v 1.6 4 5.3
v 1.6 4 5.1
v 1.6 4 -5.1
v 1.6 4 -5.3
v 1.7 0 5.1
v 1.7 0 5
v 1.7 0 3
v 1.7 0 2.9
v 1.7 0 1.1
v 1.7 0 1
v 1.7 0 -1
v 1.7 0 -1.1
v 1.7 0 -2.9
v 1.7 0 -3
v 1.7 0 -5
v 1.7 0 -5.1
v 1.7 3.9 3
v 1.7 3.9 2.9
v 1.7 3.9 1.1
v 1.7 3.9 1
v 1.7 3.9 -1
v 1.7 3.9 -1.1
v 1.7 3.9 -2.9
v 1.7 3.9 -3
v 1.7 4 5.1
v 1.7 4 5
v 1.7 4 -5
v 1.7 4 -5.1
v 1.8 0 5
v 1.8 0 4.8
v 1.8 0 3.2
v 1.8 0 3
v 1.8 0 1
v 1.8 0 0.8
v 1.8 0 -0.8
v 1.8 0 -1
v 1.8 0 -3
v 1.8 0 -3.2
v 1.8 0 -4.8
v 1.8 0 -5
v 1.8 3.9 3.2
v 1.8 3.9 3
v 1.8 3.9 1
v 1.8 3.9 0.8
v 1.8 3.9 -0.8
v 1.8 3.9 -1
v 1.8 3.9 -3
v 1.8 3.9 -3.2
v 1.8 4 5
v 1.8 4 4.8
v 1.8 4 -4.8
v 1.8 4 -5
v 1.9 0 4.8
v 1.9 0 4.4
v 1.9 0 3.6
v 1.9 0 3.2
v 1.9 0 0.8
v 1.9 0 0.4
v 1.9 0 -0.4
v 1.9 0 -0.8
v 1.9 0 -3.2
v 1.9 0 -3.6
v 1.9 0 -4.4
v 1.9 0 -4.8
v 1.9 3.9 3.6
v 1.9 3.9 3.2
v 1.9 3.9 0.8
v 1.9 3.9 0.4
v 1.9 3.9 -0.4
v 1.9 3.9 -0.8
v 1.9 3.9 -3.2
v 1.9 3.9 -3.6
v 1.9 4 4.8
v 1.9 4 4.4
v 1.9 4 -4.4
v 1.9 4 -4.8
v 2.4 4 4
v 2.4 4 3.9
v 2.4 4 0.0999999
v 2.4 4 -0.1
v 2.4 4 -3.9
v 2.4 4 -4
v 2.4 8 4
v 2.4 8 3.9
v 2.4 8 0.0999999
v 2.4 8 -0.1
v 2.4 8 -3.9
v 2.4 8 -4
v 2.6 1.7 5.8
v 2.6 1.7 5.5
v 2.6 1.7 1.8
v 2.6 1.7 1.5
v 2.6 1.7 -5.5
v 2.6 1.7 -5.8
v 2.6 1.8 5.7
v 2.6 1.8 5.5
v 2.6 1.8 1.7
v 2.6 1.8 1.5
v 2.6 1.8 -5.5
v 2.6 1.8 -5.7
v 2.6 2.1 5.7
v 2.6 2.1 5.5
v 2.6 2.1 1.7
v 2.6 2.1 1.5
v 2.6 2.1 -5.5
v 2.6 2.1 -5.7
v 2.6 2.2 5.8
v 2.6 2.2 5.5
v 2.6 2.2 1.8
v 2.6 2.2 1.5
v 2.6 2.2 -5.5
v 2.6 2.2 -5.8
v 2.7 1.8 5.7
v 2.7 1.8 5.6
v 2.7 1.8 1.7
v 2.7 1.8 1.6
v 2.7 1.8 -5.6
v 2.7 1.8 -5.7
v 2.7 2.1 5.7
v 2.7 2.1 5.6
v 2.7 2.1 1.7
v 2.7 2.1 1.6
v 2.7 2.1 -5.6
v 2.7 2.1 -5.7
v 2.8 4 3.9
v 2.8 4 3.8
v 2.8 4 0.2
v 2.8 4 0.0999999
v 2.8 4 -0.1
v 2.8 4 -0.2
v 2.8 4 -3.8
v 2.8 4 -3.9
v 2.8 8 3.9
v 2.8 8 3.8
v 2.8 8 0.2
v 2.8 8 0.0999999
v 2.8 8 -0.1
v 2.8 8 -0.2
v 2.8 8 -3.8
v 2.8 8 -3.9
v 3 4 3.8
v 3 4 3.7
v 3 4 0.3
v 3 4 0.2
v 3 4 -0.2
v 3 4 -0.3
v 3 4 -3.7
v 3 4 -3.8
v 3 8 3.8
v 3 8 3.7
v 3 8 0.3
v 3 8 0.2
v 3 8 -0.2
v 3 8 -0.3
v 3 8 -3.7
v 3 8 -3.8
v 3.1 4 3.7
v 3.1 4 3.6
v 3.1 4 0.4
v 3.1 4 0.3
v 3.1 4 -0.3
v 3.1 4 -0.4
v 3.1 4 -3.6
v 3.1 4 -3.7
v 3.1 8 3.7
v 3.1 8 3.6
v 3.1 8 0.4
v 3.1 8 0.3
v 3.1 8 -0.3
v 3.1 8 -0.4
v 3.1 8 -3.6
v 3.1 8 -3.7
v 3.3 4 3.6
v 3.3 4 3.5
v 3.3 4 0.5
v 3.3 4 0.4
v 3.3 4 -0.4
v 3.3 4 -0.5
v 3.3 4 -3.5
v 3.3 4 -3.6
v 3.3 5.8 3.6
v 3.3 5.8 3.5
v 3.3 5.8 -3.5
v 3.3 5.8 -3.6
v 3.3 6.1 3.6
v 3.3 6.1 3.5
v 3.3 6.1 -3.5
v 3.3 6.1 -3.6
v 3.3 8 3.6
v 3.3 8 3.5
v 3.3 8 0.5
v 3.3 8 0.4
v 3.3 8 -0.4
v 3.3 8 -0.5
v 3.3 8 -3.5
v 3.3 8 -3.6
v 3.4 4 3.5
v 3.4 4 3.4
v 3.4 4 0.6
v 3.4 4 0.5
v 3.4 4 -0.5
v 3.4 4 -0.6
v 3.4 4 -3.4
v 3.4 4 -3.5
v 3.4 5.7 3.5
v 3.4 5.7 3.4
v 3.4 5.7 -3.4
v 3.4 5.7 -3.5
v 3.4 6.2 3.5
v 3.4 6.2 3.4
v 3.4 6.2 -3.4
v 3.4 6.2 -3.5
v 3.4 8 3.5
v 3.4 8 3.4
v 3.4 8 0.6
v 3.4 8 0.5
v 3.4 8 -0.5
v 3.4 8 -0.6
v 3.4 8 -3.4
v 3.4 8 -3.5
v 3.5 4 3.4
v 3.5 4 3.3
v 3.5 4 0.7
v 3.5 4 0.6
v 3.5 4 -0.6
v 3.5 4 -0.7
v 3.5 4 -3.3
v 3.5 4 -3.4
v 3.5 5.7 3.4
v 3.5 5.7 3.3
v 3.5 5.7 -3.3
v 3.5 5.7 -3.4
v 3.5 6.2 3.4
v 3.5 6.2 3.3
v 3.5 6.2 -3.3
v 3.5 6.2 -3.4
v 3.5 8 3.4
v 3.5 8 3.3
v 3.5 8 0.7
v 3.5 8 0.6
v 3.5 8 -0.6
v 3.5 8 -0.7
v 3.5 8 -3.3
v 3.5 8 -3.4
v 3.6 4 3.3
v 3.6 4 3.1
v 3.6 4 0.9
v 3.6 4 0.7
v 3.6 4 -0.7
v 3.6 4 -0.9
v 3.6 4 -3.1
v 3.6 4 -3.3
v 3.6 5.7 3.3
v 3.6 5.7 3.2
v 3.6 5.7 -3.2
v 3.6 5.7 -3.3
v 3.6 5.8 3.2
v 3.6 5.8 3.1
v 3.6 5.8 -3.1
v 3.6 5.8 -3.2
v 3.6 6.1 3.2
v 3.6 6.1 3.1
v 3.6 6.1 -3.1
v 3.6 6.1 -3.2
v 3.6 6.2 3.3
v 3.6 6.2 3.2
v 3.6 6.2 -3.2
v 3.6 6.2 -3.3
v 3.6 8 3.3
v 3.6 8 3.1
v 3.6 8 0.9
v 3.6 8 0.7
v 3.6 8 -0.7
v 3.6 8 -0.9
v 3.6 8 -3.1
v 3.6 8 -3.3
v 3.7 4 3.1
v 3.7 4 3
v 3.7 4 1
v 3.7 4 0.9
v 3.7 4 -0.9
v 3.7 4 -1
v 3.7 4 -3
v 3.7 4 -3.1
v 3.7 5.7 3.6
v 3.7 5.7 3.2
v 3.7 5.7 -3.2
v 3.7 5.7 -3.6
v 3.7 5.8 3.6
v 3.7 5.8 3.2
v 3.7 5.8 3.1
v 3.7 5.8 -3.1
v 3.7 5.8 -3.2
v 3.7 5.8 -3.6
v 3.7 6.1 3.6
v 3.7 6.1 3.2
v 3.7 6.1 3.1
v 3.7 6.1 -3.1
v 3.7 6.1 -3.2
v 3.7 6.1 -3.6
v 3.7 6.2 3.6
v 3.7 6.2 3.2
v 3.7 6.2 -3.2
v 3.7 6.2 -3.6
v 3.7 8 3.1
v 3.7 8 3
v 3.7 8 1
v 3.7 8 0.9
v 3.7 8 -0.9
v 3.7 8 -1
v 3.7 8 -3
v 3.7 8 -3.1
v 3.8 4 3
v 3.8 4 2.8
v 3.8 4 1.2
v 3.8 4 1.1
v 3.8 4 1
v 3.8 4 -1
v 3.8 4 -1.2
v 3.8 4 -2.8
v 3.8 4 -3
v 3.8 5.7 3.8
v 3.8 5.7 3.6
v 3.8 5.7 -3.6
v 3.8 5.7 -3.8
v 3.8 5.8 3.8
v 3.8 5.8 3.7
v 3.8 5.8 3.6
v 3.8 5.8 3.2
v 3.8 5.8 -3.2
v 3.8 5.8 -3.6
v 3.8 5.8 -3.7
v 3.8 5.8 -3.8
v 3.8 6.1 3.8
v 3.8 6.1 3.7
v 3.8 6.1 3.6
v 3.8 6.1 3.2
v 3.8 6.1 -3.2
v 3.8 6.1 -3.6
v 3.8 6.1 -3.7
v 3.8 6.1 -3.8
v 3.8 6.2 3.8
v 3.8 6.2 3.6
v 3.8 6.2 -3.6
v 3.8 6.2 -3.8
v 3.8 8 3
v 3.8 8 2.8
v 3.8 8 1.2
v 3.8 8 1
v 3.8 8 -1
v 3.8 8 -1.2
v 3.8 8 -2.8
v 3.8 8 -3
v 3.9 4 2.8
v 3.9 4 2.4
v 3.9 4 1.6
v 3.9 4 1.2
v 3.9 4 -1.2
v 3.9 4 -1.6
v 3.9 4 -2.4
v 3.9 4 -2.8
v 3.9 5.8 3.8
v 3.9 5.8 3.7
v 3.9 5.8 -3.7
v 3.9 5.8 -3.8
v 3.9 6.1 3.8
v 3.9 6.1 3.7
v 3.9 6.1 -3.7
v 3.9 6.1 -3.8
v 3.9 8 2.8
v 3.9 8 2.4
v 3.9 8 1.6
v 3.9 8 1.2
v 3.9 8 -1.2
v 3.9 8 -1.6
v 3.9 8 -2.4
v 3.9 8 -2.8
v 4 4 2.4
v 4 4 2.3
v 4 4 1.7
v 4 4 1.6
v 4 4 -1.6
v 4 4 -1.7
v 4 4 -2.3
v 4 4 -2.4
v 4 8 2.4
v 4 8 1.6
v 4 8 -1.6
v 4 8 -2.4
v 4.4 0 6
v 4.4 0 5.9
v 4.4 0 2.1
v 4.4 0 1.9
v 4.4 0 -1.9
v 4.4 0 -2.1
v 4.4 0 -5.9
v 4.4 0 -6
v 4.4 4 6
v 4.4 4 5.9
v 4.4 4 2.1
v 4.4 4 1.9
v 4.4 4 -1.9
v 4.4 4 -2.1
v 4.4 4 -5.9
v 4.4 4 -6
v 4.8 0 5.9
v 4.8 0 5.8
v 4.8 0 2.2
v 4.8 0 2.1
v 4.8 0 1.9
v 4.8 0 1.8
v 4.8 0 -1.8
v 4.8 0 -1.9
v 4.8 0 -2.1
v 4.8 0 -2.2
v 4.8 0 -5.8
v 4.8 0 -5.9
v 4.8 4 5.9
v 4.8 4 5.8
v 4.8 4 2.2
v 4.8 4 2.1
v 4.8 4 1.9
v 4.8 4 1.8
v 4.8 4 -1.8
v 4.8 4 -1.9
v 4.8 4 -2.1
v 4.8 4 -2.2
v 4.8 4 -5.8
v 4.8 4 -5.9
v 5 0 5.8
v 5 0 5.7
v 5 0 2.3
v 5 0 2.2
v 5 0 1.8
v 5 0 1.7
v 5 0 -1.7
v 5 0 -1.8
v 5 0 -2.2
v 5 0 -2.3
v 5 0 -5.7
v 5 0 -5.8
v 5 4 5.8
v 5 4 5.7
v 5 4 2.3
v 5 4 2.2
v 5 4 1.8
v 5 4 1.7
v 5 4 -1.7
v 5 4 -1.8
v 5 4 -2.2
v 5 4 -2.3
v 5 4 -5.7
v 5 4 -5.8
v 5.1 0 5.7
v 5.1 0 5.6
v 5.1 0 2.4
v 5.1 0 2.3
v 5.1 0 1.7
v 5.1 0 1.6
v 5.1 0 -1.6
v 5.1 0 -1.7
v 5.1 0 -2.3
v 5.1 0 -2.4
v 5.1 0 -5.6
v 5.1 0 -5.7
v 5.1 4 5.7
v 5.1 4 5.6
v 5.1 4 2.4
v 5.1 4 2.3
v 5.1 4 1.7
v 5.1 4 1.6
v 5.1 4 -1.6
v 5.1 4 -1.7
v 5.1 4 -2.3
v 5.1 4 -2.4
v 5.1 4 -5.6
v 5.1 4 -5.7
v 5.3 0 5.6
v 5.3 0 5.5
v 5.3 0 2.5
v 5.3 0 2.4
v 5.3 0 1.6
v 5.3 0 1.5
v 5.3 0 -1.5
v 5.3 0 -1.6
v 5.3 0 -2.4
v 5.3 0 -2.5
v 5.3 0 -5.5
v 5.3 0 -5.6
v 5.3 4 5.6
v 5.3 4 5.5
v 5.3 4 2.5
v 5.3 4 2.4
v 5.3 4 1.6
v 5.3 4 1.5
v 5.3 4 -1.5
v 5.3 4 -1.6
v 5.3 4 -2.4
v 5.3 4 -2.5
v 5.3 4 -5.5
v 5.3 4 -5.6
v 5.4 0 5.5
v 5.4 0 5.4
v 5.4 0 2.6
v 5.4 0 2.5
v 5.4 0 1.5
v 5.4 0 1.4
v 5.4 0 -1.4
v 5.4 0 -1.5
v 5.4 0 -2.5
v 5.4 0 -2.6
v 5.4 0 -5.4
v 5.4 0 -5.5
v 5.4 4 5.5
v 5.4 4 5.4
v 5.4 4 2.6
v 5.4 4 2.5
v 5.4 4 1.5
v 5.4 4 1.4
v 5.4 4 -1.4
v 5.4 4 -1.5
v 5.4 4 -2.5
v 5.4 4 -2.6
v 5.4 4 -5.4
v 5.4 4 -5.5
v 5.5 0 5.4
v 5.5 0 5.3
v 5.5 0 2.7
v 5.5 0 2.6
v 5.5 0 1.4
v 5.5 0 1.3
v 5.5 0 -1.3
v 5.5 0 -1.4
v 5.5 0 -2.6
v 5.5 0 -2.7
v 5.5 0 -5.3
v 5.5 0 -5.4
v 5.5 4 5.4
v 5.5 4 5.3
v 5.5 4 2.7
v 5.5 4 2.6
v 5.5 4 1.4
v 5.5 4 1.3
v 5.5 4 -1.3
v 5.5 4 -1.4
v 5.5 4 -2.6
v 5.5 4 -2.7
v 5.5 4 -5.3
v 5.5 4 -5.4
v 5.6 0 5.3
v 5.6 0 5.1
v 5.6 0 2.9
v 5.6 0 2.7
v 5.6 0 1.3
v 5.6 0 1.1
v 5.6 0 -1.1
v 5.6 0 -1.3
v 5.6 0 -2.7
v 5.6 0 -2.9
v 5.6 0 -5.1
v 5.6 0 -5.3
v 5.6 4 5.3
v 5.6 4 5.1
v 5.6 4 2.9
v 5.6 4 2.7
v 5.6 4 1.3
v 5.6 4 1.1
v 5.6 4 -1.1
v 5.6 4 -1.3
v 5.6 4 -2.7
v 5.6 4 -2.9
v 5.6 4 -5.1
v 5.6 4 -5.3
v 5.7 0 5.1
v 5.7 0 5
v 5.7 0 3
v 5.7 0 2.9
v 5.7 0 1.1
v 5.7 0 1
v 5.7 0 -1
v 5.7 0 -1.1
v 5.7 0 -2.9
v 5.7 0 -3
v 5.7 0 -5
v 5.7 0 -5.1
v 5.7 4 5.1
v 5.7 4 5
v 5.7 4 3
v 5.7 4 2.9
v 5.7 4 1.1
v 5.7 4 1
v 5.7 4 -1
v 5.7 4 -1.1
v 5.7 4 -2.9
v 5.7 4 -3
v 5.7 4 -5
v 5.7 4 -5.1
v 5.8 0 5
v 5.8 0 4.8
v 5.8 0 3.2
v 5.8 0 3
v 5.8 0 1
v 5.8 0 0.8
v 5.8 0 -0.8
v 5.8 0 -1
v 5.8 0 -3
v 5.8 0 -3.2
v 5.8 0 -4.8
v 5.8 0 -5
v 5.8 4 5
v 5.8 4 4.8
v 5.8 4 3.2
v 5.8 4 3
v 5.8 4 1
v 5.8 4 0.8
v 5.8 4 -0.8
v 5.8 4 -1
v 5.8 4 -3
v 5.8 4 -3.2
v 5.8 4 -4.8
v 5.8 4 -5
v 5.9 0 4.8
v 5.9 0 4.4
v 5.9 0 3.6
v 5.9 0 3.2
v 5.9 0 0.8
v 5.9 0 0.4
v 5.9 0 -0.4
v 5.9 0 -0.8
v 5.9 0 -3.2
v 5.9 0 -3.6
v 5.9 0 -4.4
v 5.9 0 -4.8
v 5.9 4 4.8
v 5.9 4 4.4
v 5.9 4 3.6
v 5.9 4 3.2
v 5.9 4 0.8
v 5.9 4 0.4
v 5.9 4 -0.4
v 5.9 4 -0.8
v 5.9 4 -3.2
v 5.9 4 -3.6
v 5.9 4 -4.4
v 5.9 4 -4.8
v 6 0 4.4
v 6 0 3.6
v 6 0 0.4
v 6 0 -0.4
v 6 0 -3.6
v 6 0 -4.4
v 6 4 4.4
v 6 4 3.6
v 6 4 0.4
v 6 4 -0.4
v 6 4 -3.6
v 6 4 -4.4
v -4.4 0 6
v -4.4 4 6
v -3.6 0 6
v -3.6 4 6
v -0.4 0 6
v -0.4 4 6
v 0.4 0 6
v 0.4 4 6
v 3.6 0 6
v 3.6 4 6
v 4.4 0 6
v 4.4 4 6
v -4.8 0 5.9
v -4.8 4 5.9
v -4.4 0 5.9
v -4.4 4 5.9
v -3.6 0 5.9
v -3.6 4 5.9
v -3.2 0 5.9
v -3.2 4 5.9
v -0.8 0 5.9
v -0.8 4 5.9
v -0.4 0 5.9
v -0.4 4 5.9
v 0.4 0 5.9
v 0.4 4 5.9
v 0.8 0 5.9
v 0.8 4 5.9
v 3.2 0 5.9
v 3.2 4 5.9
v 3.6 0 5.9
v 3.6 4 5.9
v 4.4 0 5.9
v 4.4 4 5.9
v 4.8 0 5.9
v 4.8 4 5.9
v -5 0 5.8
v -5 4 5.8
v -4.8 0 5.8
v -4.8 4 5.8
v -3.2 0 5.8
v -3.2 4 5.8
v -3 0 5.8
v -3 4 5.8
v -2.6 1.7 5.8
v -2.6 2.2 5.8
v -2.5 1.8 5.8
v -2.5 2.1 5.8
v -2.2 1.7 5.8
v -2.2 1.8 5.8
v -2.2 2.1 5.8
v -2.2 2.2 5.8
v -2.1 1.8 5.8
v -2.1 2.1 5.8
v -1.9 1.8 5.8
v -1.9 2.1 5.8
v -1.8 1.7 5.8
v -1.8 1.8 5.8
v -1.8 2.1 5.8
v -1.8 2.2 5.8
v -1.5 1.8 5.8
v -1.5 2.1 5.8
v -1.4 1.7 5.8
v -1.4 2.2 5.8
v -1 0 5.8
v -1 4 5.8
v -0.8 0 5.8
v -0.8 4 5.8
v 0.8 0 5.8
v 0.8 4 5.8
v 1 0 5.8
v 1 4 5.8
v 2.1 1.8 5.8
v 2.1 2.1 5.8
v 2.2 1.7 5.8
v 2.2 1.8 5.8
v 2.2 2.1 5.8
v 2.2 2.2 5.8
v 2.5 1.8 5.8
v 2.5 2.1 5.8
v 2.6 1.7 5.8
v 2.6 2.2 5.8
v 3 0 5.8
v 3 4 5.8
v 3.2 0 5.8
v 3.2 4 5.8
v 4.8 0 5.8
v 4.8 4 5.8
v 5 0 5.8
v 5 4 5.8
v -5.1 0 5.7
v -5.1 4 5.7
v -5 0 5.7
v -5 4 5.7
v -3 0 5.7
v -3 4 5.7
v -2.9 0 5.7
v -2.9 4 5.7
v -2.7 1.8 5.7
v -2.7 2.1 5.7
v -2.6 1.8 5.7
v -2.6 2.1 5.7
v -1.4 1.8 5.7
v -1.4 2.1 5.7
v -1.3 1.8 5.7
v -1.3 2.1 5.7
v -1.1 0 5.7
v -1.1 4 5.7
v -1 0 5.7
v -1 4 5.7
v 1 0 5.7
v 1 4 5.7
v 1.1 0 5.7
v 1.1 4 5.7
v 2.6 1.8 5.7
v 2.6 2.1 5.7
v 2.7 1.8 5.7
v 2.7 2.1 5.7
v 2.9 0 5.7
v 2.9 4 5.7
v 3 0 5.7
v 3 4 5.7
v 5 0 5.7
v 5 4 5.7
v 5.1 0 5.7
v 5.1 4 5.7
v -5.3 0 5.6
v -5.3 4 5.6
v -5.1 0 5.6
v -5.1 4 5.6
v -2.9 0 5.6
v -2.9 4 5.6
v -2.7 0 5.6
v -2.7 1.8 5.6
v -2.7 2.1 5.6
v -2.7 4 5.6
v -1.3 0 5.6
v -1.3 1.8 5.6
v -1.3 2.1 5.6
v -1.3 4 5.6
v -1.1 0 5.6
v -1.1 4 5.6
v 1.1 0 5.6
v 1.1 4 5.6
v 1.3 0 5.6
v 1.3 4 5.6
v 2.7 0 5.6
v 2.7 1.8 5.6
v 2.7 2.1 5.6
v 2.7 4 5.6
v 2.9 0 5.6
v 2.9 4 5.6
v 5.1 0 5.6
v 5.1 4 5.6
v 5.3 0 5.6
v 5.3 4 5.6
v -5.4 0 5.5
v -5.4 4 5.5
v -5.3 0 5.5
v -5.3 4 5.5
v -2.7 0 5.5
v -2.7 1.8 5.5
v -2.7 2.1 5.5
v -2.7 4 5.5
v -2.6 0 5.5
v -2.6 1.7 5.5
v -2.6 1.8 5.5
v -2.6 2.1 5.5
v -2.6 2.2 5.5
v -2.6 4 5.5
v -1.4 0 5.5
v -1.4 1.7 5.5
v -1.4 1.8 5.5
v -1.4 2.1 5.5
v -1.4 2.2 5.5
v -1.4 4 5.5
v -1.3 0 5.5
v -1.3 1.8 5.5
v -1.3 2.1 5.5
v -1.3 4 5.5
v 1.3 0 5.5
v 1.3 4 5.5
v 1.4 0 5.5
v 1.4 4 5.5
v 2.6 0 5.5
v 2.6 1.7 5.5
v 2.6 1.8 5.5
v 2.6 2.1 5.5
v 2.6 2.2 5.5
v 2.6 4 5.5
v 2.7 0 5.5
v 2.7 1.8 5.5
v 2.7 2.1 5.5
v 2.7 4 5.5
v 5.3 0 5.5
v 5.3 4 5.5
v 5.4 0 5.5
v 5.4 4 5.5
v -5.5 0 5.4
v -5.5 4 5.4
v -5.4 0 5.4
v -5.4 4 5.4
v -2.6 0 5.4
v -2.6 1.7 5.4
v -2.6 2.2 5.4
v -2.6 4 5.4
v -2.5 0 5.4
v -2.5 1.7 5.4
v -2.5 2.2 5.4
v -2.5 4 5.4
v -1.5 0 5.4
v -1.5 1.7 5.4
v -1.5 2.2 5.4
v -1.5 4 5.4
v -1.4 0 5.4
v -1.4 1.7 5.4
v -1.4 2.2 5.4
v -1.4 4 5.4
v 1.4 0 5.4
v 1.4 4 5.4
v 1.5 0 5.4
v 1.5 4 5.4
v 2.5 0 5.4
v 2.5 1.7 5.4
v 2.5 2.2 5.4
v 2.5 4 5.4
v 2.6 0 5.4
v 2.6 1.7 5.4
v 2.6 2.2 5.4
v 2.6 4 5.4
v 5.4 0 5.4
v 5.4 4 5.4
v 5.5 0 5.4
v 5.5 4 5.4
v -5.6 0 5.3
v -5.6 4 5.3
v -5.5 0 5.3
v -5.5 4 5.3
v -2.5 0 5.3
v -2.5 1.7 5.3
v -2.5 2.2 5.3
v -2.5 4 5.3
v -2.4 0 5.3
v -2.4 1.7 5.3
v -2.4 2.2 5.3
v -2.4 4 5.3
v -1.6 0 5.3
v -1.6 1.7 5.3
v -1.6 2.2 5.3
v -1.6 4 5.3
v -1.5 0 5.3
v -1.5 1.7 5.3
v -1.5 2.2 5.3
v -1.5 4 5.3
v 1.5 0 5.3
v 1.5 4 5.3
v 1.6 0 5.3
v 1.6 4 5.3
v 2.4 0 5.3
v 2.4 1.7 5.3
v 2.4 2.2 5.3
v 2.4 4 5.3
v 2.5 0 5.3
v 2.5 1.7 5.3
v 2.5 2.2 5.3
v 2.5 4 5.3
v 5.5 0 5.3
v 5.5 4 5.3
v 5.6 0 5.3
v 5.6 4 5.3
v -5.7 0 5.1
v -5.7 4 5.1
v -5.6 0 5.1
v -5.6 4 5.1
v -2.4 0 5.1
v -2.4 1.8 5.1
v -2.4 2.1 5.1
v -2.4 4 5.1
v -2.3 0 5.1
v -2.3 1.8 5.1
v -2.3 2.1 5.1
v -2.3 4 5.1
v -1.7 0 5.1
v -1.7 1.8 5.1
v -1.7 2.1 5.1
v -1.7 4 5.1
v -1.6 0 5.1
v -1.6 1.8 5.1
v -1.6 2.1 5.1
v -1.6 4 5.1
v 1.6 0 5.1
v 1.6 4 5.1
v 1.7 0 5.1
v 1.7 4 5.1
v 2.3 0 5.1
v 2.3 1.8 5.1
v 2.3 2.1 5.1
v 2.3 4 5.1
v 2.4 0 5.1
v 2.4 1.8 5.1
v 2.4 2.1 5.1
v 2.4 4 5.1
v 5.6 0 5.1
v 5.6 4 5.1
v 5.7 0 5.1
v 5.7 4 5.1
v -5.8 0 5
v -5.8 4 5
v -5.7 0 5
v -5.7 4 5
v -2.3 0 5
v -2.3 4 5
v -2.2 0 5
v -2.2 4 5
v -1.8 0 5
v -1.8 4 5
v -1.7 0 5
v -1.7 4 5
v 1.7 0 5
v 1.7 4 5
v 1.8 0 5
v 1.8 4 5
v 2.2 0 5
v 2.2 4 5
v 2.3 0 5
v 2.3 4 5
v 5.7 0 5
v 5.7 4 5
v 5.8 0 5
v 5.8 4 5
v -5.9 0 4.8
v -5.9 4 4.8
v -5.8 0 4.8
v -5.8 4 4.8
v -2.2 0 4.8
v -2.2 4 4.8
v -2.1 0 4.8
v -2.1 4 4.8
v -1.9 0 4.8
v -1.9 4 4.8
v -1.8 0 4.8
v -1.8 4 4.8
v 1.8 0 4.8
v 1.8 4 4.8
v 1.9 0 4.8
v 1.9 4 4.8
v 2.1 0 4.8
v 2.1 4 4.8
v 2.2 0 4.8
v 2.2 4 4.8
v 5.8 0 4.8
v 5.8 4 4.8
v 5.9 0 4.8
v 5.9 4 4.8
v -6 0 4.4
v -6 4 4.4
v -5.9 0 4.4
v -5.9 4 4.4
v -2.1 0 4.4
v -2.1 4 4.4
v -1.9 0 4.4
v -1.9 4 4.4
v 1.9 0 4.4
v 1.9 4 4.4
v 2.1 0 4.4
v 2.1 4 4.4
v 5.9 0 4.4
v 5.9 4 4.4
v 6 0 4.4
v 6 4 4.4
v -2.4 4 4
v -2.4 8 4
v -2.3 4 4
v -1.7 4 4
v -1.6 4 4
v -1.6 8 4
v 1.6 4 4
v 1.6 8 4
v 1.7 4 4
v 2.3 4 4
v 2.4 4 4
v 2.4 8 4
v -2.8 4 3.9
v -2.8 8 3.9
v -2.4 4 3.9
v -2.4 8 3.9
v -1.6 4 3.9
v -1.6 8 3.9
v -1.2 4 3.9
v -1.2 8 3.9
v 1.2 4 3.9
v 1.2 8 3.9
v 1.6 4 3.9
v 1.6 8 3.9
v 2.4 4 3.9
v 2.4 8 3.9
v 2.8 4 3.9
v 2.8 8 3.9
v -3.9 5.8 3.8
v -3.9 6.1 3.8
v -3.8 5.7 3.8
v -3.8 5.8 3.8
v -3.8 6.1 3.8
v -3.8 6.2 3.8
v -3.5 5.8 3.8
v -3.5 6.1 3.8
v -3.4 5.7 3.8
v -3.4 6.2 3.8
v -3 4 3.8
v -3 8 3.8
v -2.8 4 3.8
v -2.8 8 3.8
v -1.2 4 3.8
v -1.2 8 3.8
v -1 4 3.8
v -1 8 3.8
v 1 4 3.8
v 1 8 3.8
v 1.2 4 3.8
v 1.2 8 3.8
v 2.8 4 3.8
v 2.8 8 3.8
v 3 4 3.8
v 3 8 3.8
v 3.4 5.7 3.8
v 3.4 6.2 3.8
v 3.5 5.8 3.8
v 3.5 6.1 3.8
v 3.8 5.7 3.8
v 3.8 5.8 3.8
v 3.8 6.1 3.8
v 3.8 6.2 3.8
v 3.9 5.8 3.8
v 3.9 6.1 3.8
v -3.4 5.8 3.7
v -3.4 6.1 3.7
v -3.3 5.8 3.7
v -3.3 6.1 3.7
v -3.1 4 3.7
v -3.1 8 3.7
v -3 4 3.7
v -3 8 3.7
v -1 4 3.7
v -1 8 3.7
v -0.9 4 3.7
v -0.9 8 3.7
v 0.9 4 3.7
v 0.9 8 3.7
v 1 4 3.7
v 1 8 3.7
v 3 4 3.7
v 3 8 3.7
v 3.1 4 3.7
v 3.1 8 3.7
v 3.3 5.8 3.7
v 3.3 6.1 3.7
v 3.4 5.8 3.7
v 3.4 6.1 3.7
v -3.3 4 3.6
v -3.3 5.8 3.6
v -3.3 6.1 3.6
v -3.3 8 3.6
v -3.2 4 3.6
v -3.1 4 3.6
v -3.1 8 3.6
v -0.9 4 3.6
v -0.9 8 3.6
v -0.8 4 3.6
v -0.7 4 3.6
v -0.7 8 3.6
v 0.7 4 3.6
v 0.7 8 3.6
v 0.9 4 3.6
v 0.9 8 3.6
v 3.1 4 3.6
v 3.1 8 3.6
v 3.2 4 3.6
v 3.3 4 3.6
v 3.3 5.8 3.6
v 3.3 6.1 3.6
v 3.3 8 3.6
v -3.4 4 3.5
v -3.4 5.7 3.5
v -3.4 5.8 3.5
v -3.4 6.1 3.5
v -3.4 6.2 3.5
v -3.4 8 3.5
v -3.3 4 3.5
v -3.3 5.8 3.5
v -3.3 6.1 3.5
v -3.3 8 3.5
v -0.7 4 3.5
v -0.7 8 3.5
v -0.6 4 3.5
v -0.6 8 3.5
v 0.6 4 3.5
v 0.6 8 3.5
v 0.7 4 3.5
v 0.7 8 3.5
v 3.3 4 3.5
v 3.3 5.8 3.5
v 3.3 6.1 3.5
v 3.3 8 3.5
v 3.4 4 3.5
v 3.4 5.7 3.5
v 3.4 5.8 3.5
v 3.4 6.1 3.5
v 3.4 6.2 3.5
v 3.4 8 3.5
v -3.5 4 3.4
v -3.5 5.7 3.4
v -3.5 6.2 3.4
v -3.5 8 3.4
v -3.4 4 3.4
v -3.4 5.7 3.4
v -3.4 6.2 3.4
v -3.4 8 3.4
v -0.6 4 3.4
v -0.6 8 3.4
v -0.5 4 3.4
v -0.5 8 3.4
v 0.5 4 3.4
v 0.5 8 3.4
v 0.6 4 3.4
v 0.6 8 3.4
v 3.4 4 3.4
v 3.4 5.7 3.4
v 3.4 6.2 3.4
v 3.4 8 3.4
v 3.5 4 3.4
v 3.5 5.7 3.4
v 3.5 6.2 3.4
v 3.5 8 3.4
v -3.6 4 3.3
v -3.6 5.7 3.3
v -3.6 6.2 3.3
v -3.6 8 3.3
v -3.5 4 3.3
v -3.5 5.7 3.3
v -3.5 6.2 3.3
v -3.5 8 3.3
v -0.5 4 3.3
v -0.5 8 3.3
v -0.4 4 3.3
v -0.4 8 3.3
v 0.4 4 3.3
v 0.4 8 3.3
v 0.5 4 3.3
v 0.5 8 3.3
v 3.5 4 3.3
v 3.5 5.7 3.3
v 3.5 6.2 3.3
v 3.5 8 3.3
v 3.6 4 3.3
v 3.6 5.7 3.3
v 3.6 6.2 3.3
v 3.6 8 3.3
v -3.7 4 3.1
v -3.7 5.8 3.1
v -3.7 6.1 3.1
v -3.7 8 3.1
v -3.6 4 3.1
v -3.6 5.8 3.1
v -3.6 6.1 3.1
v -3.6 8 3.1
v -0.4 4 3.1
v -0.4 8 3.1
v -0.3 4 3.1
v -0.3 8 3.1
v 0.3 4 3.1
v 0.3 8 3.1
v 0.4 4 3.1
v 0.4 8 3.1
v 3.6 4 3.1
v 3.6 5.8 3.1
v 3.6 6.1 3.1
v 3.6 8 3.1
v 3.7 4 3.1
v 3.7 5.8 3.1
v 3.7 6.1 3.1
v 3.7 8 3.1
v -3.8 4 3
v -3.8 8 3
v -3.7 4 3
v -3.7 8 3
v -0.3 4 3
v -0.3 8 3
v -0.2 4 3
v -0.2 8 3
v 0.2 4 3
v 0.2 8 3
v 0.3 4 3
v 0.3 8 3
v 3.7 4 3
v 3.7 8 3
v 3.8 4 3
v 3.8 8 3
v -3.9 4 2.8
v -3.9 8 2.8
v -3.8 4 2.8
v -3.8 8 2.8
v -0.2 4 2.8
v -0.2 8 2.8
v -0.0999999 4 2.8
v -0.0999999 8 2.8
v 0.1 4 2.8
v 0.1 8 2.8
v 0.2 4 2.8
v 0.2 8 2.8
v 3.8 4 2.8
v 3.8 8 2.8
v 3.9 4 2.8
v 3.9 8 2.8
v -4 4 2.4
v -4 8 2.4
v -3.9 4 2.4
v -3.9 8 2.4
v -0.0999999 4 2.4
v -0.0999999 8 2.4
v 0.1 4 2.4
v 0.1 8 2.4
v 3.9 4 2.4
v 3.9 8 2.4
v 4 4 2.4
v 4 8 2.4
v -4.8 0 1.9
v -4.8 4 1.9
v -4.4 0 1.9
v -4.4 4 1.9
v -3.6 0 1.9
v -3.6 3.9 1.9
v -3.2 0 1.9
v -3.2 3.9 1.9
v -0.8 0 1.9
v -0.8 3.9 1.9
v -0.4 0 1.9
v -0.4 3.9 1.9
v 0.4 0 1.9
v 0.4 3.9 1.9
v 0.8 0 1.9
v 0.8 3.9 1.9
v 3.2 0 1.9
v 3.2 3.9 1.9
v 3.6 0 1.9
v 3.6 3.9 1.9
v 4.4 0 1.9
v 4.4 4 1.9
v 4.8 0 1.9
v 4.8 4 1.9
v -5 0 1.8
v -5 4 1.8
v -4.8 0 1.8
v -4.8 4 1.8
v -3.2 0 1.8
v -3.2 3.9 1.8
v -3 0 1.8
v -3 3.9 1.8
v -2.6 1.7 1.8
v -2.6 2.2 1.8
v -2.5 1.8 1.8
v -2.5 2.1 1.8
v -2.2 1.7 1.8
v -2.2 1.8 1.8
v -2.2 2.1 1.8
v -2.2 2.2 1.8
v -2.1 1.8 1.8
v -2.1 2.1 1.8
v -1.9 1.8 1.8
v -1.9 2.1 1.8
v -1.8 1.7 1.8
v -1.8 1.8 1.8
v -1.8 2.1 1.8
v -1.8 2.2 1.8
v -1.5 1.8 1.8
v -1.5 2.1 1.8
v -1.4 1.7 1.8
v -1.4 2.2 1.8
v -1 0 1.8
v -1 3.9 1.8
v -0.8 0 1.8
v -0.8 3.9 1.8
v 0.8 0 1.8
v 0.8 3.9 1.8
v 1 0 1.8
v 1 3.9 1.8
v 2.1 1.8 1.8
v 2.1 2.1 1.8
v 2.2 1.7 1.8
v 2.2 1.8 1.8
v 2.2 2.1 1.8
v 2.2 2.2 1.8
v 2.5 1.8 1.8
v 2.5 2.1 1.8
v 2.6 1.7 1.8
v 2.6 2.2 1.8
v 3 0 1.8
v 3 3.9 1.8
v 3.2 0 1.8
v 3.2 3.9 1.8
v 4.8 0 1.8
v 4.8 4 1.8
v 5 0 1.8
v 5 4 1.8
v -5.1 0 1.7
v -5.1 4 1.7
v -5 0 1.7
v -5 4 1.7
v -3 0 1.7
v -3 3.9 1.7
v -2.9 0 1.7
v -2.9 3.9 1.7
v -2.7 1.8 1.7
v -2.7 2.1 1.7
v -2.6 1.8 1.7
v -2.6 2.1 1.7
v -1.4 1.8 1.7
v -1.4 2.1 1.7
v -1.3 1.8 1.7
v -1.3 2.1 1.7
v -1.1 0 1.7
v -1.1 3.9 1.7
v -1 0 1.7
v -1 3.9 1.7
v 1 0 1.7
v 1 3.9 1.7
v 1.1 0 1.7
v 1.1 3.9 1.7
v 2.6 1.8 1.7
v 2.6 2.1 1.7
v 2.7 1.8 1.7
v 2.7 2.1 1.7
v 2.9 0 1.7
v 2.9 3.9 1.7
v 3 0 1.7
v 3 3.9 1.7
v 5 0 1.7
v 5 4 1.7
v 5.1 0 1.7
v 5.1 4 1.7
v -5.3 0 1.6
v -5.3 4 1.6
v -5.1 0 1.6
v -5.1 4 1.6
v -2.9 0 1.6
v -2.9 3.9 1.6
v -2.7 0 1.6
v -2.7 1.8 1.6
v -2.7 2.1 1.6
v -2.7 3.9 1.6
v -1.3 0 1.6
v -1.3 1.8 1.6
v -1.3 2.1 1.6
v -1.3 3.9 1.6
v -1.1 0 1.6
v -1.1 3.9 1.6
v 1.1 0 1.6
v 1.1 3.9 1.6
v 1.3 0 1.6
v 1.3 3.9 1.6
v 2.7 0 1.6
v 2.7 1.8 1.6
v 2.7 2.1 1.6
v 2.7 3.9 1.6
v 2.9 0 1.6
v 2.9 3.9 1.6
v 5.1 0 1.6
v 5.1 4 1.6
v 5.3 0 1.6
v 5.3 4 1.6
v -5.4 0 1.5
v -5.4 4 1.5
v -5.3 0 1.5
v -5.3 4 1.5
v -2.7 0 1.5
v -2.7 1.8 1.5
v -2.7 2.1 1.5
v -2.7 3.9 1.5
v -2.6 0 1.5
v -2.6 1.7 1.5
v -2.6 1.8 1.5
v -2.6 2.1 1.5
v -2.6 2.2 1.5
v -2.6 3.9 1.5
v -1.4 0 1.5
v -1.4 1.7 1.5
v -1.4 1.8 1.5
v -1.4 2.1 1.5
v -1.4 2.2 1.5
v -1.4 3.9 1.5
v -1.3 0 1.5
v -1.3 1.8 1.5
v -1.3 2.1 1.5
v -1.3 3.9 1.5
v 1.3 0 1.5
v 1.3 3.9 1.5
v 1.4 0 1.5
v 1.4 3.9 1.5
v 2.6 0 1.5
v 2.6 1.7 1.5
v 2.6 1.8 1.5
v 2.6 2.1 1.5
v 2.6 2.2 1.5
v 2.6 3.9 1.5
v 2.7 0 1.5
v 2.7 1.8 1.5
v 2.7 2.1 1.5
v 2.7 3.9 1.5
v 5.3 0 1.5
v 5.3 4 1.5
v 5.4 0 1.5
v 5.4 4 1.5
v -5.5 0 1.4
v -5.5 4 1.4
v -5.4 0 1.4
v -5.4 4 1.4
v -2.6 0 1.4
v -2.6 1.7 1.4
v -2.6 2.2 1.4
v -2.6 3.9 1.4
v -2.5 0 1.4
v -2.5 1.7 1.4
v -2.5 2.2 1.4
v -2.5 3.9 1.4
v -1.5 0 1.4
v -1.5 1.7 1.4
v -1.5 2.2 1.4
v -1.5 3.9 1.4
v -1.4 0 1.4
v -1.4 1.7 1.4
v -1.4 2.2 1.4
v -1.4 3.9 1.4
v 1.4 0 1.4
v 1.4 3.9 1.4
v 1.5 0 1.4
v 1.5 3.9 1.4
v 2.5 0 1.4
v 2.5 1.7 1.4
v 2.5 2.2 1.4
v 2.5 3.9 1.4
v 2.6 0 1.4
v 2.6 1.7 1.4
v 2.6 2.2 1.4
v 2.6 3.9 1.4
v 5.4 0 1.4
v 5.4 4 1.4
v 5.5 0 1.4
v 5.5 4 1.4
v -5.6 0 1.3
v -5.6 4 1.3
v -5.5 0 1.3
v -5.5 4 1.3
v -2.5 0 1.3
v -2.5 1.7 1.3
v -2.5 2.2 1.3
v -2.5 3.9 1.3
v -2.4 0 1.3
v -2.4 1.7 1.3
v -2.4 2.2 1.3
v -2.4 3.9 1.3
v -1.6 0 1.3
v -1.6 1.7 1.3
v -1.6 2.2 1.3
v -1.6 3.9 1.3
v -1.5 0 1.3
v -1.5 1.7 1.3
v -1.5 2.2 1.3
v -1.5 3.9 1.3
v 1.5 0 1.3
v 1.5 3.9 1.3
v 1.6 0 1.3
v 1.6 3.9 1.3
v 2.4 0 1.3
v 2.4 1.7 1.3
v 2.4 2.2 1.3
v 2.4 3.9 1.3
v 2.5 0 1.3
v 2.5 1.7 1.3
v 2.5 2.2 1.3
v 2.5 3.9 1.3
v 5.5 0 1.3
v 5.5 4 1.3
v 5.6 0 1.3
v 5.6 4 1.3
v -5.7 0 1.1
v -5.7 4 1.1
v -5.6 0 1.1
v -5.6 4 1.1
v -2.4 0 1.1
v -2.4 1.8 1.1
v -2.4 2.1 1.1
v -2.4 3.9 1.1
v -2.3 0 1.1
v -2.3 1.8 1.1
v -2.3 2.1 1.1
v -2.3 3.9 1.1
v -1.7 0 1.1
v -1.7 1.8 1.1
v -1.7 2.1 1.1
v -1.7 3.9 1.1
v -1.6 0 1.1
v -1.6 1.8 1.1
v -1.6 2.1 1.1
v -1.6 3.9 1.1
v 1.6 0 1.1
v 1.6 3.9 1.1
v 1.7 0 1.1
v 1.7 3.9 1.1
v 2.3 0 1.1
v 2.3 1.8 1.1
v 2.3 2.1 1.1
v 2.3 3.9 1.1
v 2.4 0 1.1
v 2.4 1.8 1.1
v 2.4 2.1 1.1
v 2.4 3.9 1.1
v 5.6 0 1.1
v 5.6 4 1.1
v 5.7 0 1.1
v 5.7 4 1.1
v -5.8 0 1
v -5.8 4 1
v -5.7 0 1
v -5.7 4 1
v -2.3 0 1
v -2.3 3.9 1
v -2.2 0 1
v -2.2 3.9 1
v -1.8 0 1
v -1.8 3.9 1
v -1.7 0 1
v -1.7 3.9 1
v 1.7 0 1
v 1.7 3.9 1
v 1.8 0 1
v 1.8 3.9 1
v 2.2 0 1
v 2.2 3.9 1
v 2.3 0 1
v 2.3 3.9 1
v 5.7 0 1
v 5.7 4 1
v 5.8 0 1
v 5.8 4 1
v -5.9 0 0.8
v -5.9 4 0.8
v -5.8 0 0.8
v -5.8 4 0.8
v -2.2 0 0.8
v -2.2 3.9 0.8
v -2.1 0 0.8
v -2.1 3.9 0.8
v -1.9 0 0.8
v -1.9 3.9 0.8
v -1.8 0 0.8
v -1.8 3.9 0.8
v 1.8 0 0.8
v 1.8 3.9 0.8
v 1.9 0 0.8
v 1.9 3.9 0.8
v 2.1 0 0.8
v 2.1 3.9 0.8
v 2.2 0 0.8
v 2.2 3.9 0.8
v 5.8 0 0.8
v 5.8 4 0.8
v 5.9 0 0.8
v 5.9 4 0.8
v -6 0 0.4
v -6 4 0.4
v -5.9 0 0.4
v -5.9 4 0.4
v -2.1 0 0.4
v -2.1 3.9 0.4
v -1.9 0 0.4
v -1.9 3.9 0.4
v 1.9 0 0.4
v 1.9 3.9 0.4
v 2.1 0 0.4
v 2.1 3.9 0.4
v 5.9 0 0.4
v 5.9 4 0.4
v 6 0 0.4
v 6 4 0.4
v -2.8 4 -0.1
v -2.8 8 -0.1
v -2.4 4 -0.1
v -2.4 8 -0.1
v -1.6 4 -0.1
v -1.6 8 -0.1
v -1.2 4 -0.1
v -1.2 8 -0.1
v 1.2 4 -0.1
v 1.2 8 -0.1
v 1.6 4 -0.1
v 1.6 8 -0.1
v 2.4 4 -0.1
v 2.4 8 -0.1
v 2.8 4 -0.1
v 2.8 8 -0.1
v -3 4 -0.2
v -3 8 -0.2
v -2.8 4 -0.2
v -2.8 8 -0.2
v -1.2 4 -0.2
v -1.2 8 -0.2
v -1 4 -0.2
v -1 8 -0.2
v 1 4 -0.2
v 1 8 -0.2
v 1.2 4 -0.2
v 1.2 8 -0.2
v 2.8 4 -0.2
v 2.8 8 -0.2
v 3 4 -0.2
v 3 8 -0.2
v -3.1 4 -0.3
v -3.1 8 -0.3
v -3 4 -0.3
v -3 8 -0.3
v -1 4 -0.3
v -1 8 -0.3
v -0.9 4 -0.3
v -0.9 8 -0.3
v 0.9 4 -0.3
v 0.9 8 -0.3
v 1 4 -0.3
v 1 8 -0.3
v 3 4 -0.3
v 3 8 -0.3
v 3.1 4 -0.3
v 3.1 8 -0.3
v -3.3 4 -0.4
v -3.3 8 -0.4
v -3.2 4 -0.4
v -3.1 4 -0.4
v -3.1 8 -0.4
v -0.9 4 -0.4
v -0.9 8 -0.4
v -0.8 4 -0.4
v -0.7 4 -0.4
v -0.7 8 -0.4
v 0.7 4 -0.4
v 0.7 8 -0.4
v 0.9 4 -0.4
v 0.9 8 -0.4
v 3.1 4 -0.4
v 3.1 8 -0.4
v 3.2 4 -0.4
v 3.3 4 -0.4
v 3.3 8 -0.4
v -3.4 4 -0.5
v -3.4 8 -0.5
v -3.3 4 -0.5
v -3.3 8 -0.5
v -0.7 4 -0.5
v -0.7 8 -0.5
v -0.6 4 -0.5
v -0.6 8 -0.5
v 0.6 4 -0.5
v 0.6 8 -0.5
v 0.7 4 -0.5
v 0.7 8 -0.5
v 3.3 4 -0.5
v 3.3 8 -0.5
v 3.4 4 -0.5
v 3.4 8 -0.5
v -3.5 4 -0.6
v -3.5 8 -0.6
v -3.4 4 -0.6
v -3.4 8 -0.6
v -0.6 4 -0.6
v -0.6 8 -0.6
v -0.5 4 -0.6
v -0.5 8 -0.6
v 0.5 4 -0.6
v 0.5 8 -0.6
v 0.6 4 -0.6
v 0.6 8 -0.6
v 3.4 4 -0.6
v 3.4 8 -0.6
v 3.5 4 -0.6
v 3.5 8 -0.6
v -3.6 4 -0.7
v -3.6 8 -0.7
v -3.5 4 -0.7
v -3.5 8 -0.7
v -0.5 4 -0.7
v -0.5 8 -0.7
v -0.4 4 -0.7
v -0.4 8 -0.7
v 0.4 4 -0.7
v 0.4 8 -0.7
v 0.5 4 -0.7
v 0.5 8 -0.7
v 3.5 4 -0.7
v 3.5 8 -0.7
v 3.6 4 -0.7
v 3.6 8 -0.7
v -3.7 4 -0.9
v -3.7 8 -0.9
v -3.6 4 -0.9
v -3.6 8 -0.9
v -0.4 4 -0.9
v -0.4 8 -0.9
v -0.3 4 -0.9
v -0.3 8 -0.9
v 0.3 4 -0.9
v 0.3 8 -0.9
v 0.4 4 -0.9
v 0.4 8 -0.9
v 3.6 4 -0.9
v 3.6 8 -0.9
v 3.7 4 -0.9
v 3.7 8 -0.9
v -3.8 4 -1
v -3.8 8 -1
v -3.7 4 -1
v -3.7 8 -1
v -0.3 4 -1
v -0.3 8 -1
v -0.2 4 -1
v -0.2 8 -1
v 0.2 4 -1
v 0.2 8 -1
v 0.3 4 -1
v 0.3 8 -1
v 3.7 4 -1
v 3.7 8 -1
v 3.8 4 -1
v 3.8 8 -1
v -3.9 4 -1.2
v -3.9 8 -1.2
v -3.8 4 -1.2
v -3.8 8 -1.2
v -0.2 4 -1.2
v -0.2 8 -1.2
v -0.0999999 4 -1.2
v -0.0999999 8 -1.2
v 0.1 4 -1.2
v 0.1 8 -1.2
v 0.2 4 -1.2
v 0.2 8 -1.2
v 3.8 4 -1.2
v 3.8 8 -1.2
v 3.9 4 -1.2
v 3.9 8 -1.2
v -4 4 -1.6
v -4 8 -1.6
v -3.9 4 -1.6
v -3.9 8 -1.6
v -0.0999999 4 -1.6
v -0.0999999 8 -1.6
v 0.1 4 -1.6
v 0.1 8 -1.6
v 3.9 4 -1.6
v 3.9 8 -1.6
v 4 4 -1.6
v 4 8 -1.6
v -4.8 0 -2.1
v -4.8 4 -2.1
v -4.4 0 -2.1
v -4.4 4 -2.1
v -3.6 0 -2.1
v -3.6 3.9 -2.1
v -3.2 0 -2.1
v -3.2 3.9 -2.1
v -0.8 0 -2.1
v -0.8 3.9 -2.1
v -0.4 0 -2.1
v -0.4 3.9 -2.1
v 0.4 0 -2.1
v 0.4 3.9 -2.1
v 0.8 0 -2.1
v 0.8 3.9 -2.1
v 3.2 0 -2.1
v 3.2 3.9 -2.1
v 3.6 0 -2.1
v 3.6 3.9 -2.1
v 4.4 0 -2.1
v 4.4 4 -2.1
v 4.8 0 -2.1
v 4.8 4 -2.1
v -5 0 -2.2
v -5 4 -2.2
v -4.8 0 -2.2
v -4.8 4 -2.2
v -3.2 0 -2.2
v -3.2 3.9 -2.2
v -3 0 -2.2
v -3 3.9 -2.2
v -1 0 -2.2
v -1 3.9 -2.2
v -0.8 0 -2.2
v -0.8 3.9 -2.2
v 0.8 0 -2.2
v 0.8 3.9 -2.2
v 1 0 -2.2
v 1 3.9 -2.2
v 3 0 -2.2
v 3 3.9 -2.2
v 3.2 0 -2.2
v 3.2 3.9 -2.2
v 4.8 0 -2.2
v 4.8 4 -2.2
v 5 0 -2.2
v 5 4 -2.2
v -5.1 0 -2.3
v -5.1 4 -2.3
v -5 0 -2.3
v -5 4 -2.3
v -3 0 -2.3
v -3 3.9 -2.3
v -2.9 0 -2.3
v -2.9 3.9 -2.3
v -1.1 0 -2.3
v -1.1 3.9 -2.3
v -1 0 -2.3
v -1 3.9 -2.3
v 1 0 -2.3
v 1 3.9 -2.3
v 1.1 0 -2.3
v 1.1 3.9 -2.3
v 2.9 0 -2.3
v 2.9 3.9 -2.3
v 3 0 -2.3
v 3 3.9 -2.3
v 5 0 -2.3
v 5 4 -2.3
v 5.1 0 -2.3
v 5.1 4 -2.3
v -5.3 0 -2.4
v -5.3 4 -2.4
v -5.1 0 -2.4
v -5.1 4 -2.4
v -2.9 0 -2.4
v -2.9 3.9 -2.4
v -2.7 0 -2.4
v -2.7 3.9 -2.4
v -1.3 0 -2.4
v -1.3 3.9 -2.4
v -1.1 0 -2.4
v -1.1 3.9 -2.4
v 1.1 0 -2.4
v 1.1 3.9 -2.4
v 1.3 0 -2.4
v 1.3 3.9 -2.4
v 2.7 0 -2.4
v 2.7 3.9 -2.4
v 2.9 0 -2.4
v 2.9 3.9 -2.4
v 5.1 0 -2.4
v 5.1 4 -2.4
v 5.3 0 -2.4
v 5.3 4 -2.4
v -5.4 0 -2.5
v -5.4 4 -2.5
v -5.3 0 -2.5
v -5.3 4 -2.5
v -2.7 0 -2.5
v -2.7 3.9 -2.5
v -2.6 0 -2.5
v -2.6 3.9 -2.5
v -1.4 0 -2.5
v -1.4 3.9 -2.5
v -1.3 0 -2.5
v -1.3 3.9 -2.5
v 1.3 0 -2.5
v 1.3 3.9 -2.5
v 1.4 0 -2.5
v 1.4 3.9 -2.5
v 2.6 0 -2.5
v 2.6 3.9 -2.5
v 2.7 0 -2.5
v 2.7 3.9 -2.5
v 5.3 0 -2.5
v 5.3 4 -2.5
v 5.4 0 -2.5
v 5.4 4 -2.5
v -5.5 0 -2.6
v -5.5 4 -2.6
v -5.4 0 -2.6
v -5.4 4 -2.6
v -2.6 0 -2.6
v -2.6 3.9 -2.6
v -2.5 0 -2.6
v -2.5 3.9 -2.6
v -1.5 0 -2.6
v -1.5 3.9 -2.6
v -1.4 0 -2.6
v -1.4 3.9 -2.6
v 1.4 0 -2.6
v 1.4 3.9 -2.6
v 1.5 0 -2.6
v 1.5 3.9 -2.6
v 2.5 0 -2.6
v 2.5 3.9 -2.6
v 2.6 0 -2.6
v 2.6 3.9 -2.6
v 5.4 0 -2.6
v 5.4 4 -2.6
v 5.5 0 -2.6
v 5.5 4 -2.6
v -5.6 0 -2.7
v -5.6 4 -2.7
v -5.5 0 -2.7
v -5.5 4 -2.7
v -2.5 0 -2.7
v -2.5 3.9 -2.7
v -2.4 0 -2.7
v -2.4 3.9 -2.7
v -1.6 0 -2.7
v -1.6 3.9 -2.7
v -1.5 0 -2.7
v -1.5 3.9 -2.7
v 1.5 0 -2.7
v 1.5 3.9 -2.7
v 1.6 0 -2.7
v 1.6 3.9 -2.7
v 2.4 0 -2.7
v 2.4 3.9 -2.7
v 2.5 0 -2.7
v 2.5 3.9 -2.7
v 5.5 0 -2.7
v 5.5 4 -2.7
v 5.6 0 -2.7
v 5.6 4 -2.7
v -5.7 0 -2.9
v -5.7 4 -2.9
v -5.6 0 -2.9
v -5.6 4 -2.9
v -2.4 0 -2.9
v -2.4 3.9 -2.9
v -2.3 0 -2.9
v -2.3 3.9 -2.9
v -1.7 0 -2.9
v -1.7 3.9 -2.9
v -1.6 0 -2.9
v -1.6 3.9 -2.9
v 1.6 0 -2.9
v 1.6 3.9 -2.9
v 1.7 0 -2.9
v 1.7 3.9 -2.9
v 2.3 0 -2.9
v 2.3 3.9 -2.9
v 2.4 0 -2.9
v 2.4 3.9 -2.9
v 5.6 0 -2.9
v 5.6 4 -2.9
v 5.7 0 -2.9
v 5.7 4 -2.9
v -5.8 0 -3
v -5.8 4 -3
v -5.7 0 -3
v -5.7 4 -3
v -2.3 0 -3
v -2.3 3.9 -3
v -2.2 0 -3
v -2.2 3.9 -3
v -1.8 0 -3
v -1.8 3.9 -3
v -1.7 0 -3
v -1.7 3.9 -3
v 1.7 0 -3
v 1.7 3.9 -3
v 1.8 0 -3
v 1.8 3.9 -3
v 2.2 0 -3
v 2.2 3.9 -3
v 2.3 0 -3
v 2.3 3.9 -3
v 5.7 0 -3
v 5.7 4 -3
v 5.8 0 -3
v 5.8 4 -3
v -5.9 0 -3.2
v -5.9 4 -3.2
v -5.8 0 -3.2
v -5.8 4 -3.2
v -3.8 5.8 -3.2
v -3.8 6.1 -3.2
v -3.7 5.7 -3.2
v -3.7 5.8 -3.2
v -3.7 6.1 -3.2
v -3.7 6.2 -3.2
v -3.6 5.7 -3.2
v -3.6 5.8 -3.2
v -3.6 6.1 -3.2
v -3.6 6.2 -3.2
v -2.2 0 -3.2
v -2.2 3.9 -3.2
v -2.1 0 -3.2
v -2.1 3.9 -3.2
v -1.9 0 -3.2
v -1.9 3.9 -3.2
v -1.8 0 -3.2
v -1.8 3.9 -3.2
v 1.8 0 -3.2
v 1.8 3.9 -3.2
v 1.9 0 -3.2
v 1.9 3.9 -3.2
v 2.1 0 -3.2
v 2.1 3.9 -3.2
v 2.2 0 -3.2
v 2.2 3.9 -3.2
v 3.6 5.7 -3.2
v 3.6 5.8 -3.2
v 3.6 6.1 -3.2
v 3.6 6.2 -3.2
v 3.7 5.7 -3.2
v 3.7 5.8 -3.2
v 3.7 6.1 -3.2
v 3.7 6.2 -3.2
v 3.8 5.8 -3.2
v 3.8 6.1 -3.2
v 5.8 0 -3.2
v 5.8 4 -3.2
v 5.9 0 -3.2
v 5.9 4 -3.2
v -6 0 -3.6
v -6 4 -3.6
v -5.9 0 -3.6
v -5.9 4 -3.6
v -3.8 5.7 -3.6
v -3.8 5.8 -3.6
v -3.8 6.1 -3.6
v -3.8 6.2 -3.6
v -3.7 5.7 -3.6
v -3.7 5.8 -3.6
v -3.7 6.1 -3.6
v -3.7 6.2 -3.6
v -2.1 0 -3.6
v -2.1 3.9 -3.6
v -1.9 0 -3.6
v -1.9 3.9 -3.6
v 1.9 0 -3.6
v 1.9 3.9 -3.6
v 2.1 0 -3.6
v 2.1 3.9 -3.6
v 3.7 5.7 -3.6
v 3.7 5.8 -3.6
v 3.7 6.1 -3.6
v 3.7 6.2 -3.6
v 3.8 5.7 -3.6
v 3.8 5.8 -3.6
v 3.8 6.1 -3.6
v 3.8 6.2 -3.6
v 5.9 0 -3.6
v 5.9 4 -3.6
v 6 0 -3.6
v 6 4 -3.6
v -3.9 5.8 -3.7
v -3.9 6.1 -3.7
v -3.8 5.8 -3.7
v -3.8 6.1 -3.7
v 3.8 5.8 -3.7
v 3.8 6.1 -3.7
v 3.9 5.8 -3.7
v 3.9 6.1 -3.7
v -2.4 1.7 -5.2
v -2.4 1.8 -5.2
v -2.4 2.1 -5.2
v -2.4 2.2 -5.2
v -2.3 1.7 -5.2
v -2.3 1.8 -5.2
v -2.3 2.1 -5.2
v -2.3 2.2 -5.2
v -2.2 1.8 -5.2
v -2.2 2.1 -5.2
v -1.8 1.8 -5.2
v -1.8 2.1 -5.2
v -1.7 1.7 -5.2
v -1.7 1.8 -5.2
v -1.7 2.1 -5.2
v -1.7 2.2 -5.2
v -1.6 1.7 -5.2
v -1.6 1.8 -5.2
v -1.6 2.1 -5.2
v -1.6 2.2 -5.2
v 2.2 1.8 -5.2
v 2.2 2.1 -5.2
v 2.3 1.7 -5.2
v 2.3 1.8 -5.2
v 2.3 2.1 -5.2
v 2.3 2.2 -5.2
v 2.4 1.7 -5.2
v 2.4 1.8 -5.2
v 2.4 2.1 -5.2
v 2.4 2.2 -5.2
v -2.3 1.7 -5.6
v -2.3 1.8 -5.6
v -2.3 2.1 -5.6
v -2.3 2.2 -5.6
v -2.2 1.7 -5.6
v -2.2 1.8 -5.6
v -2.2 2.1 -5.6
v -2.2 2.2 -5.6
v -1.8 1.7 -5.6
v -1.8 1.8 -5.6
v -1.8 2.1 -5.6
v -1.8 2.2 -5.6
v -1.7 1.7 -5.6
v -1.7 1.8 -5.6
v -1.7 2.1 -5.6
v -1.7 2.2 -5.6
v 2.2 1.7 -5.6
v 2.2 1.8 -5.6
v 2.2 2.1 -5.6
v 2.2 2.2 -5.6
v 2.3 1.7 -5.6
v 2.3 1.8 -5.6
v 2.3 2.1 -5.6
v 2.3 2.2 -5.6
v -2.2 1.8 -5.7
v -2.2 2.1 -5.7
v -2.1 1.8 -5.7
v -2.1 2.1 -5.7
v -1.9 1.8 -5.7
v -1.9 2.1 -5.7
v -1.8 1.8 -5.7
v -1.8 2.1 -5.7
v 2.1 1.8 -5.7
v 2.1 2.1 -5.7
v 2.2 1.8 -5.7
v 2.2 2.1 -5.7
v -2.2 1.8 5.7
v -2.2 2.1 5.7
v -2.1 1.8 5.7
v -2.1 2.1 5.7
v -1.9 1.8 5.7
v -1.9 2.1 5.7
v -1.8 1.8 5.7
v -1.8 2.1 5.7
v 2.1 1.8 5.7
v 2.1 2.1 5.7
v 2.2 1.8 5.7
v 2.2 2.1 5.7
v -2.3 1.7 5.6
v -2.3 1.8 5.6
v -2.3 2.1 5.6
v -2.3 2.2 5.6
v -2.2 1.7 5.6
v -2.2 1.8 5.6
v -2.2 2.1 5.6
v -2.2 2.2 5.6
v -1.8 1.7 5.6
v -1.8 1.8 5.6
v -1.8 2.1 5.6
v -1.8 2.2 5.6
v -1.7 1.7 5.6
v -1.7 1.8 5.6
v -1.7 2.1 5.6
v -1.7 2.2 5.6
v 2.2 1.7 5.6
v 2.2 1.8 5.6
v 2.2 2.1 5.6
v 2.2 2.2 5.6
v 2.3 1.7 5.6
v 2.3 1.8 5.6
v 2.3 2.1 5.6
v 2.3 2.2 5.6
v -2.4 1.7 5.2
v -2.4 1.8 5.2
v -2.4 2.1 5.2
v -2.4 2.2 5.2
v -2.3 1.7 5.2
v -2.3 1.8 5.2
v -2.3 2.1 5.2
v -2.3 2.2 5.2
v -2.2 1.8 5.2
v -2.2 2.1 5.2
v -1.8 1.8 5.2
v -1.8 2.1 5.2
v -1.7 1.7 5.2
v -1.7 1.8 5.2
v -1.7 2.1 5.2
v -1.7 2.2 5.2
v -1.6 1.7 5.2
v -1.6 1.8 5.2
v -1.6 2.1 5.2
v -1.6 2.2 5.2
v 2.2 1.8 5.2
v 2.2 2.1 5.2
v 2.3 1.7 5.2
v 2.3 1.8 5.2
v 2.3 2.1 5.2
v 2.3 2.2 5.2
v 2.4 1.7 5.2
v 2.4 1.8 5.2
v 2.4 2.1 5.2
v 2.4 2.2 5.2
v -3.9 5.8 3.7
v -3.9 6.1 3.7
v -3.8 5.8 3.7
v -3.8 6.1 3.7
v 3.8 5.8 3.7
v 3.8 6.1 3.7
v 3.9 5.8 3.7
v 3.9 6.1 3.7
v -6 0 3.6
v -6 4 3.6
v -5.9 0 3.6
v -5.9 4 3.6
v -3.8 5.7 3.6
v -3.8 5.8 3.6
v -3.8 6.1 3.6
v -3.8 6.2 3.6
v -3.7 5.7 3.6
v -3.7 5.8 3.6
v -3.7 6.1 3.6
v -3.7 6.2 3.6
v -2.1 0 3.6
v -2.1 3.9 3.6
v -1.9 0 3.6
v -1.9 3.9 3.6
v 1.9 0 3.6
v 1.9 3.9 3.6
v 2.1 0 3.6
v 2.1 3.9 3.6
v 3.7 5.7 3.6
v 3.7 5.8 3.6
v 3.7 6.1 3.6
v 3.7 6.2 3.6
v 3.8 5.7 3.6
v 3.8 5.8 3.6
v 3.8 6.1 3.6
v 3.8 6.2 3.6
v 5.9 0 3.6
v 5.9 4 3.6
v 6 0 3.6
v 6 4 3.6
v -5.9 0 3.2
v -5.9 4 3.2
v -5.8 0 3.2
v -5.8 4 3.2
v -3.8 5.8 3.2
v -3.8 6.1 3.2
v -3.7 5.7 3.2
v -3.7 5.8 3.2
v -3.7 6.1 3.2
v -3.7 6.2 3.2
v -3.6 5.7 3.2
v -3.6 5.8 3.2
v -3.6 6.1 3.2
v -3.6 6.2 3.2
v -2.2 0 3.2
v -2.2 3.9 3.2
v -2.1 0 3.2
v -2.1 3.9 3.2
v -1.9 0 3.2
v -1.9 3.9 3.2
v -1.8 0 3.2
v -1.8 3.9 3.2
v 1.8 0 3.2
v 1.8 3.9 3.2
v 1.9 0 3.2
v 1.9 3.9 3.2
v 2.1 0 3.2
v 2.1 3.9 3.2
v 2.2 0 3.2
v 2.2 3.9 3.2
v 3.6 5.7 3.2
v 3.6 5.8 3.2
v 3.6 6.1 3.2
v 3.6 6.2 3.2
v 3.7 5.7 3.2
v 3.7 5.8 3.2
v 3.7 6.1 3.2
v 3.7 6.2 3.2
v 3.8 5.8 3.2
v 3.8 6.1 3.2
v 5.8 0 3.2
v 5.8 4 3.2
v 5.9 0 3.2
v 5.9 4 3.2
v -5.8 0 3
v -5.8 4 3
v -5.7 0 3
v -5.7 4 3
v -2.3 0 3
v -2.3 3.9 3
v -2.2 0 3
v -2.2 3.9 3
v -1.8 0 3
v -1.8 3.9 3
v -1.7 0 3
v -1.7 3.9 3
v 1.7 0 3
v 1.7 3.9 3
v 1.8 0 3
v 1.8 3.9 3
v 2.2 0 3
v 2.2 3.9 3
v 2.3 0 3
v 2.3 3.9 3
v 5.7 0 3
v 5.7 4 3
v 5.8 0 3
v 5.8 4 3
v -5.7 0 2.9
v -5.7 4 2.9
v -5.6 0 2.9
v -5.6 4 2.9
v -2.4 0 2.9
v -2.4 3.9 2.9
v -2.3 0 2.9
v -2.3 3.9 2.9
v -1.7 0 2.9
v -1.7 3.9 2.9
v -1.6 0 2.9
v -1.6 3.9 2.9
v 1.6 0 2.9
v 1.6 3.9 2.9
v 1.7 0 2.9
v 1.7 3.9 2.9
v 2.3 0 2.9
v 2.3 3.9 2.9
v 2.4 0 2.9
v 2.4 3.9 2.9
v 5.6 0 2.9
v 5.6 4 2.9
v 5.7 0 2.9
v 5.7 4 2.9
v -5.6 0 2.7
v -5.6 4 2.7
v -5.5 0 2.7
v -5.5 4 2.7
v -2.5 0 2.7
v -2.5 3.9 2.7
v -2.4 0 2.7
v -2.4 3.9 2.7
v -1.6 0 2.7
v -1.6 3.9 2.7
v -1.5 0 2.7
v -1.5 3.9 2.7
v 1.5 0 2.7
v 1.5 3.9 2.7
v 1.6 0 2.7
v 1.6 3.9 2.7
v 2.4 0 2.7
v 2.4 3.9 2.7
v 2.5 0 2.7
v 2.5 3.9 2.7
v 5.5 0 2.7
v 5.5 4 2.7
v 5.6 0 2.7
v 5.6 4 2.7
v -5.5 0 2.6
v -5.5 4 2.6
v -5.4 0 2.6
v -5.4 4 2.6
v -2.6 0 2.6
v -2.6 3.9 2.6
v -2.5 0 2.6
v -2.5 3.9 2.6
v -1.5 0 2.6
v -1.5 3.9 2.6
v -1.4 0 2.6
v -1.4 3.9 2.6
v 1.4 0 2.6
v 1.4 3.9 2.6
v 1.5 0 2.6
v 1.5 3.9 2.6
v 2.5 0 2.6
v 2.5 3.9 2.6
v 2.6 0 2.6
v 2.6 3.9 2.6
v 5.4 0 2.6
v 5.4 4 2.6
v 5.5 0 2.6
v 5.5 4 2.6
v -5.4 0 2.5
v -5.4 4 2.5
v -5.3 0 2.5
v -5.3 4 2.5
v -2.7 0 2.5
v -2.7 3.9 2.5
v -2.6 0 2.5
v -2.6 3.9 2.5
v -1.4 0 2.5
v -1.4 3.9 2.5
v -1.3 0 2.5
v -1.3 3.9 2.5
v 1.3 0 2.5
v 1.3 3.9 2.5
v 1.4 0 2.5
v 1.4 3.9 2.5
v 2.6 0 2.5
v 2.6 3.9 2.5
v 2.7 0 2.5
v 2.7 3.9 2.5
v 5.3 0 2.5
v 5.3 4 2.5
v 5.4 0 2.5
v 5.4 4 2.5
v -5.3 0 2.4
v -5.3 4 2.4
v -5.1 0 2.4
v -5.1 4 2.4
v -2.9 0 2.4
v -2.9 3.9 2.4
v -2.7 0 2.4
v -2.7 3.9 2.4
v -1.3 0 2.4
v -1.3 3.9 2.4
v -1.1 0 2.4
v -1.1 3.9 2.4
v 1.1 0 2.4
v 1.1 3.9 2.4
v 1.3 0 2.4
v 1.3 3.9 2.4
v 2.7 0 2.4
v 2.7 3.9 2.4
v 2.9 0 2.4
v 2.9 3.9 2.4
v 5.1 0 2.4
v 5.1 4 2.4
v 5.3 0 2.4
v 5.3 4 2.4
v -5.1 0 2.3
v -5.1 4 2.3
v -5 0 2.3
v -5 4 2.3
v -3 0 2.3
v -3 3.9 2.3
v -2.9 0 2.3
v -2.9 3.9 2.3
v -1.1 0 2.3
v -1.1 3.9 2.3
v -1 0 2.3
v -1 3.9 2.3
v 1 0 2.3
v 1 3.9 2.3
v 1.1 0 2.3
v 1.1 3.9 2.3
v 2.9 0 2.3
v 2.9 3.9 2.3
v 3 0 2.3
v 3 3.9 2.3
v 5 0 2.3
v 5 4 2.3
v 5.1 0 2.3
v 5.1 4 2.3
v -5 0 2.2
v -5 4 2.2
v -4.8 0 2.2
v -4.8 4 2.2
v -3.2 0 2.2
v -3.2 3.9 2.2
v -3 0 2.2
v -3 3.9 2.2
v -1 0 2.2
v -1 3.9 2.2
v -0.8 0 2.2
v -0.8 3.9 2.2
v 0.8 0 2.2
v 0.8 3.9 2.2
v 1 0 2.2
v 1 3.9 2.2
v 3 0 2.2
v 3 3.9 2.2
v 3.2 0 2.2
v 3.2 3.9 2.2
v 4.8 0 2.2
v 4.8 4 2.2
v 5 0 2.2
v 5 4 2.2
v -4.8 0 2.1
v -4.8 4 2.1
v -4.4 0 2.1
v -4.4 4 2.1
v -3.6 0 2.1
v -3.6 3.9 2.1
v -3.2 0 2.1
v -3.2 3.9 2.1
v -0.8 0 2.1
v -0.8 3.9 2.1
v -0.4 0 2.1
v -0.4 3.9 2.1
v 0.4 0 2.1
v 0.4 3.9 2.1
v 0.8 0 2.1
v 0.8 3.9 2.1
v 3.2 0 2.1
v 3.2 3.9 2.1
v 3.6 0 2.1
v 3.6 3.9 2.1
v 4.4 0 2.1
v 4.4 4 2.1
v 4.8 0 2.1
v 4.8 4 2.1
v -2.2 1.8 1.7
v -2.2 2.1 1.7
v -2.1 1.8 1.7
v -2.1 2.1 1.7
v -1.9 1.8 1.7
v -1.9 2.1 1.7
v -1.8 1.8 1.7
v -1.8 2.1 1.7
v 2.1 1.8 1.7
v 2.1 2.1 1.7
v 2.2 1.8 1.7
v 2.2 2.1 1.7
v -4 4 1.6
v -4 8 1.6
v -3.9 4 1.6
v -3.9 8 1.6
v -2.3 1.7 1.6
v -2.3 1.8 1.6
v -2.3 2.1 1.6
v -2.3 2.2 1.6
v -2.2 1.7 1.6
v -2.2 1.8 1.6
v -2.2 2.1 1.6
v -2.2 2.2 1.6
v -1.8 1.7 1.6
v -1.8 1.8 1.6
v -1.8 2.1 1.6
v -1.8 2.2 1.6
v -1.7 1.7 1.6
v -1.7 1.8 1.6
v -1.7 2.1 1.6
v -1.7 2.2 1.6
v -0.0999999 4 1.6
v -0.0999999 8 1.6
v 0.1 4 1.6
v 0.1 8 1.6
v 2.2 1.7 1.6
v 2.2 1.8 1.6
v 2.2 2.1 1.6
v 2.2 2.2 1.6
v 2.3 1.7 1.6
v 2.3 1.8 1.6
v 2.3 2.1 1.6
v 2.3 2.2 1.6
v 3.9 4 1.6
v 3.9 8 1.6
v 4 4 1.6
v 4 8 1.6
v -3.9 4 1.2
v -3.9 8 1.2
v -3.8 4 1.2
v -3.8 8 1.2
v -2.4 1.7 1.2
v -2.4 1.8 1.2
v -2.4 2.1 1.2
v -2.4 2.2 1.2
v -2.3 1.7 1.2
v -2.3 1.8 1.2
v -2.3 2.1 1.2
v -2.3 2.2 1.2
v -2.2 1.8 1.2
v -2.2 2.1 1.2
v -1.8 1.8 1.2
v -1.8 2.1 1.2
v -1.7 1.7 1.2
v -1.7 1.8 1.2
v -1.7 2.1 1.2
v -1.7 2.2 1.2
v -1.6 1.7 1.2
v -1.6 1.8 1.2
v -1.6 2.1 1.2
v -1.6 2.2 1.2
v -0.2 4 1.2
v -0.2 8 1.2
v -0.0999999 4 1.2
v -0.0999999 8 1.2
v 0.1 4 1.2
v 0.1 8 1.2
v 0.2 4 1.2
v 0.2 8 1.2
v 2.2 1.8 1.2
v 2.2 2.1 1.2
v 2.3 1.7 1.2
v 2.3 1.8 1.2
v 2.3 2.1 1.2
v 2.3 2.2 1.2
v 2.4 1.7 1.2
v 2.4 1.8 1.2
v 2.4 2.1 1.2
v 2.4 2.2 1.2
v 3.8 4 1.2
v 3.8 8 1.2
v 3.9 4 1.2
v 3.9 8 1.2
v -3.8 4 1
v -3.8 8 1
v -3.7 4 1
v -3.7 8 1
v -0.3 4 1
v -0.3 8 1
v -0.2 4 1
v -0.2 8 1
v 0.2 4 1
v 0.2 8 1
v 0.3 4 1
v 0.3 8 1
v 3.7 4 1
v 3.7 8 1
v 3.8 4 1
v 3.8 8 1
v -3.7 4 0.9
v -3.7 8 0.9
v -3.6 4 0.9
v -3.6 8 0.9
v -0.4 4 0.9
v -0.4 8 0.9
v -0.3 4 0.9
v -0.3 8 0.9
v 0.3 4 0.9
v 0.3 8 0.9
v 0.4 4 0.9
v 0.4 8 0.9
v 3.6 4 0.9
v 3.6 8 0.9
v 3.7 4 0.9
v 3.7 8 0.9
v -3.6 4 0.7
v -3.6 8 0.7
v -3.5 4 0.7
v -3.5 8 0.7
v -0.5 4 0.7
v -0.5 8 0.7
v -0.4 4 0.7
v -0.4 8 0.7
v 0.4 4 0.7
v 0.4 8 0.7
v 0.5 4 0.7
v 0.5 8 0.7
v 3.5 4 0.7
v 3.5 8 0.7
v 3.6 4 0.7
v 3.6 8 0.7
v -3.5 4 0.6
v -3.5 8 0.6
v -3.4 4 0.6
v -3.4 8 0.6
v -0.6 4 0.6
v -0.6 8 0.6
v -0.5 4 0.6
v -0.5 8 0.6
v 0.5 4 0.6
v 0.5 8 0.6
v 0.6 4 0.6
v 0.6 8 0.6
v 3.4 4 0.6
v 3.4 8 0.6
v 3.5 4 0.6
v 3.5 8 0.6
v -3.4 4 0.5
v -3.4 8 0.5
v -3.3 4 0.5
v -3.3 8 0.5
v -0.7 4 0.5
v -0.7 8 0.5
v -0.6 4 0.5
v -0.6 8 0.5
v 0.6 4 0.5
v 0.6 8 0.5
v 0.7 4 0.5
v 0.7 8 0.5
v 3.3 4 0.5
v 3.3 8 0.5
v 3.4 4 0.5
v 3.4 8 0.5
v -3.3 4 0.4
v -3.3 8 0.4
v -3.2 4 0.4
v -3.1 4 0.4
v -3.1 8 0.4
v -0.9 4 0.4
v -0.9 8 0.4
v -0.8 4 0.4
v -0.7 4 0.4
v -0.7 8 0.4
v 0.7 4 0.4
v 0.7 8 0.4
v 0.9 4 0.4
v 0.9 8 0.4
v 3.1 4 0.4
v 3.1 8 0.4
v 3.2 4 0.4
v 3.3 4 0.4
v 3.3 8 0.4
v -3.1 4 0.3
v -3.1 8 0.3
v -3 4 0.3
v -3 8 0.3
v -1 4 0.3
v -1 8 0.3
v -0.9 4 0.3
v -0.9 8 0.3
v 0.9 4 0.3
v 0.9 8 0.3
v 1 4 0.3
v 1 8 0.3
v 3 4 0.3
v 3 8 0.3
v 3.1 4 0.3
v 3.1 8 0.3
v -3 4 0.2
v -3 8 0.2
v -2.8 4 0.2
v -2.8 8 0.2
v -1.2 4 0.2
v -1.2 8 0.2
v -1 4 0.2
v -1 8 0.2
v 1 4 0.2
v 1 8 0.2
v 1.2 4 0.2
v 1.2 8 0.2
v 2.8 4 0.2
v 2.8 8 0.2
v 3 4 0.2
v 3 8 0.2
v -2.8 4 0.0999999
v -2.8 8 0.0999999
v -2.4 4 0.0999999
v -2.4 8 0.0999999
v -1.6 4 0.0999999
v -1.6 8 0.0999999
v -1.2 4 0.0999999
v -1.2 8 0.0999999
v 1.2 4 0.0999999
v 1.2 8 0.0999999
v 1.6 4 0.0999999
v 1.6 8 0.0999999
v 2.4 4 0.0999999
v 2.4 8 0.0999999
v 2.8 4 0.0999999
v 2.8 8 0.0999999
v -6 0 -0.4
v -6 4 -0.4
v -5.9 0 -0.4
v -5.9 4 -0.4
v -2.1 0 -0.4
v -2.1 3.9 -0.4
v -1.9 0 -0.4
v -1.9 3.9 -0.4
v 1.9 0 -0.4
v 1.9 3.9 -0.4
v 2.1 0 -0.4
v 2.1 3.9 -0.4
v 5.9 0 -0.4
v 5.9 4 -0.4
v 6 0 -0.4
v 6 4 -0.4
v -5.9 0 -0.8
v -5.9 4 -0.8
v -5.8 0 -0.8
v -5.8 4 -0.8
v -2.2 0 -0.8
v -2.2 3.9 -0.8
v -2.1 0 -0.8
v -2.1 3.9 -0.8
v -1.9 0 -0.8
v -1.9 3.9 -0.8
v -1.8 0 -0.8
v -1.8 3.9 -0.8
v 1.8 0 -0.8
v 1.8 3.9 -0.8
v 1.9 0 -0.8
v 1.9 3.9 -0.8
v 2.1 0 -0.8
v 2.1 3.9 -0.8
v 2.2 0 -0.8
v 2.2 3.9 -0.8
v 5.8 0 -0.8
v 5.8 4 -0.8
v 5.9 0 -0.8
v 5.9 4 -0.8
v -5.8 0 -1
v -5.8 4 -1
v -5.7 0 -1
v -5.7 4 -1
v -2.3 0 -1
v -2.3 3.9 -1
v -2.2 0 -1
v -2.2 3.9 -1
v -1.8 0 -1
v -1.8 3.9 -1
v -1.7 0 -1
v -1.7 3.9 -1
v 1.7 0 -1
v 1.7 3.9 -1
v 1.8 0 -1
v 1.8 3.9 -1
v 2.2 0 -1
v 2.2 3.9 -1
v 2.3 0 -1
v 2.3 3.9 -1
v 5.7 0 -1
v 5.7 4 -1
v 5.8 0 -1
v 5.8 4 -1
v -5.7 0 -1.1
v -5.7 4 -1.1
v -5.6 0 -1.1
v -5.6 4 -1.1
v -2.4 0 -1.1
v -2.4 3.9 -1.1
v -2.3 0 -1.1
v -2.3 3.9 -1.1
v -1.7 0 -1.1
v -1.7 3.9 -1.1
v -1.6 0 -1.1
v -1.6 3.9 -1.1
v 1.6 0 -1.1
v 1.6 3.9 -1.1
v 1.7 0 -1.1
v 1.7 3.9 -1.1
v 2.3 0 -1.1
v 2.3 3.9 -1.1
v 2.4 0 -1.1
v 2.4 3.9 -1.1
v 5.6 0 -1.1
v 5.6 4 -1.1
v 5.7 0 -1.1
v 5.7 4 -1.1
v -5.6 0 -1.3
v -5.6 4 -1.3
v -5.5 0 -1.3
v -5.5 4 -1.3
v -2.5 0 -1.3
v -2.5 3.9 -1.3
v -2.4 0 -1.3
v -2.4 3.9 -1.3
v -1.6 0 -1.3
v -1.6 3.9 -1.3
v -1.5 0 -1.3
v -1.5 3.9 -1.3
v 1.5 0 -1.3
v 1.5 3.9 -1.3
v 1.6 0 -1.3
v 1.6 3.9 -1.3
v 2.4 0 -1.3
v 2.4 3.9 -1.3
v 2.5 0 -1.3
v 2.5 3.9 -1.3
v 5.5 0 -1.3
v 5.5 4 -1.3
v 5.6 0 -1.3
v 5.6 4 -1.3
v -5.5 0 -1.4
v -5.5 4 -1.4
v -5.4 0 -1.4
v -5.4 4 -1.4
v -2.6 0 -1.4
v -2.6 3.9 -1.4
v -2.5 0 -1.4
v -2.5 3.9 -1.4
v -1.5 0 -1.4
v -1.5 3.9 -1.4
v -1.4 0 -1.4
v -1.4 3.9 -1.4
v 1.4 0 -1.4
v 1.4 3.9 -1.4
v 1.5 0 -1.4
v 1.5 3.9 -1.4
v 2.5 0 -1.4
v 2.5 3.9 -1.4
v 2.6 0 -1.4
v 2.6 3.9 -1.4
v 5.4 0 -1.4
v 5.4 4 -1.4
v 5.5 0 -1.4
v 5.5 4 -1.4
v -5.4 0 -1.5
v -5.4 4 -1.5
v -5.3 0 -1.5
v -5.3 4 -1.5
v -2.7 0 -1.5
v -2.7 3.9 -1.5
v -2.6 0 -1.5
v -2.6 3.9 -1.5
v -1.4 0 -1.5
v -1.4 3.9 -1.5
v -1.3 0 -1.5
v -1.3 3.9 -1.5
v 1.3 0 -1.5
v 1.3 3.9 -1.5
v 1.4 0 -1.5
v 1.4 3.9 -1.5
v 2.6 0 -1.5
v 2.6 3.9 -1.5
v 2.7 0 -1.5
v 2.7 3.9 -1.5
v 5.3 0 -1.5
v 5.3 4 -1.5
v 5.4 0 -1.5
v 5.4 4 -1.5
v -5.3 0 -1.6
v -5.3 4 -1.6
v -5.1 0 -1.6
v -5.1 4 -1.6
v -2.9 0 -1.6
v -2.9 3.9 -1.6
v -2.7 0 -1.6
v -2.7 3.9 -1.6
v -1.3 0 -1.6
v -1.3 3.9 -1.6
v -1.1 0 -1.6
v -1.1 3.9 -1.6
v 1.1 0 -1.6
v 1.1 3.9 -1.6
v 1.3 0 -1.6
v 1.3 3.9 -1.6
v 2.7 0 -1.6
v 2.7 3.9 -1.6
v 2.9 0 -1.6
v 2.9 3.9 -1.6
v 5.1 0 -1.6
v 5.1 4 -1.6
v 5.3 0 -1.6
v 5.3 4 -1.6
v -5.1 0 -1.7
v -5.1 4 -1.7
v -5 0 -1.7
v -5 4 -1.7
v -3 0 -1.7
v -3 3.9 -1.7
v -2.9 0 -1.7
v -2.9 3.9 -1.7
v -1.1 0 -1.7
v -1.1 3.9 -1.7
v -1 0 -1.7
v -1 3.9 -1.7
v 1 0 -1.7
v 1 3.9 -1.7
v 1.1 0 -1.7
v 1.1 3.9 -1.7
v 2.9 0 -1.7
v 2.9 3.9 -1.7
v 3 0 -1.7
v 3 3.9 -1.7
v 5 0 -1.7
v 5 4 -1.7
v 5.1 0 -1.7
v 5.1 4 -1.7
v -5 0 -1.8
v -5 4 -1.8
v -4.8 0 -1.8
v -4.8 4 -1.8
v -3.2 0 -1.8
v -3.2 3.9 -1.8
v -3 0 -1.8
v -3 3.9 -1.8
v -1 0 -1.8
v -1 3.9 -1.8
v -0.8 0 -1.8
v -0.8 3.9 -1.8
v 0.8 0 -1.8
v 0.8 3.9 -1.8
v 1 0 -1.8
v 1 3.9 -1.8
v 3 0 -1.8
v 3 3.9 -1.8
v 3.2 0 -1.8
v 3.2 3.9 -1.8
v 4.8 0 -1.8
v 4.8 4 -1.8
v 5 0 -1.8
v 5 4 -1.8
v -4.8 0 -1.9
v -4.8 4 -1.9
v -4.4 0 -1.9
v -4.4 4 -1.9
v -3.6 0 -1.9
v -3.6 3.9 -1.9
v -3.2 0 -1.9
v -3.2 3.9 -1.9
v -0.8 0 -1.9
v -0.8 3.9 -1.9
v -0.4 0 -1.9
v -0.4 3.9 -1.9
v 0.4 0 -1.9
v 0.4 3.9 -1.9
v 0.8 0 -1.9
v 0.8 3.9 -1.9
v 3.2 0 -1.9
v 3.2 3.9 -1.9
v 3.6 0 -1.9
v 3.6 3.9 -1.9
v 4.4 0 -1.9
v 4.4 4 -1.9
v 4.8 0 -1.9
v 4.8 4 -1.9
v -4 4 -2.4
v -4 8 -2.4
v -3.9 4 -2.4
v -3.9 8 -2.4
v -0.0999999 4 -2.4
v -0.0999999 8 -2.4
v 0.1 4 -2.4
v 0.1 8 -2.4
v 3.9 4 -2.4
v 3.9 8 -2.4
v 4 4 -2.4
v 4 8 -2.4
v -3.9 4 -2.8
v -3.9 8 -2.8
v -3.8 4 -2.8
v -3.8 8 -2.8
v -0.2 4 -2.8
v -0.2 8 -2.8
v -0.0999999 4 -2.8
v -0.0999999 8 -2.8
v 0.1 4 -2.8
v 0.1 8 -2.8
v 0.2 4 -2.8
v 0.2 8 -2.8
v 3.8 4 -2.8
v 3.8 8 -2.8
v 3.9 4 -2.8
v 3.9 8 -2.8
v -3.8 4 -3
v -3.8 8 -3
v -3.7 4 -3
v -3.7 8 -3
v -0.3 4 -3
v -0.3 8 -3
v -0.2 4 -3
v -0.2 8 -3
v 0.2 4 -3
v 0.2 8 -3
v 0.3 4 -3
v 0.3 8 -3
v 3.7 4 -3
v 3.7 8 -3
v 3.8 4 -3
v 3.8 8 -3
v -3.7 4 -3.1
v -3.7 5.8 -3.1
v -3.7 6.1 -3.1
v -3.7 8 -3.1
v -3.6 4 -3.1
v -3.6 5.8 -3.1
v -3.6 6.1 -3.1
v -3.6 8 -3.1
v -0.4 4 -3.1
v -0.4 8 -3.1
v -0.3 4 -3.1
v -0.3 8 -3.1
v 0.3 4 -3.1
v 0.3 8 -3.1
v 0.4 4 -3.1
v 0.4 8 -3.1
v 3.6 4 -3.1
v 3.6 5.8 -3.1
v 3.6 6.1 -3.1
v 3.6 8 -3.1
v 3.7 4 -3.1
v 3.7 5.8 -3.1
v 3.7 6.1 -3.1
v 3.7 8 -3.1
v -3.6 4 -3.3
v -3.6 5.7 -3.3
v -3.6 6.2 -3.3
v -3.6 8 -3.3
v -3.5 4 -3.3
v -3.5 5.7 -3.3
v -3.5 6.2 -3.3
v -3.5 8 -3.3
v -0.5 4 -3.3
v -0.5 8 -3.3
v -0.4 4 -3.3
v -0.4 8 -3.3
v 0.4 4 -3.3
v 0.4 8 -3.3
v 0.5 4 -3.3
v 0.5 8 -3.3
v 3.5 4 -3.3
v 3.5 5.7 -3.3
v 3.5 6.2 -3.3
v 3.5 8 -3.3
v 3.6 4 -3.3
v 3.6 5.7 -3.3
v 3.6 6.2 -3.3
v 3.6 8 -3.3
v -3.5 4 -3.4
v -3.5 5.7 -3.4
v -3.5 6.2 -3.4
v -3.5 8 -3.4
v -3.4 4 -3.4
v -3.4 5.7 -3.4
v -3.4 6.2 -3.4
v -3.4 8 -3.4
v -0.6 4 -3.4
v -0.6 8 -3.4
v -0.5 4 -3.4
v -0.5 8 -3.4
v 0.5 4 -3.4
v 0.5 8 -3.4
v 0.6 4 -3.4
v 0.6 8 -3.4
v 3.4 4 -3.4
v 3.4 5.7 -3.4
v 3.4 6.2 -3.4
v 3.4 8 -3.4
v 3.5 4 -3.4
v 3.5 5.7 -3.4
v 3.5 6.2 -3.4
v 3.5 8 -3.4
v -3.4 4 -3.5
v -3.4 5.7 -3.5
v -3.4 5.8 -3.5
v -3.4 6.1 -3.5
v -3.4 6.2 -3.5
v -3.4 8 -3.5
v -3.3 4 -3.5
v -3.3 5.8 -3.5
v -3.3 6.1 -3.5
v -3.3 8 -3.5
v -0.7 4 -3.5
v -0.7 8 -3.5
v -0.6 4 -3.5
v -0.6 8 -3.5
v 0.6 4 -3.5
v 0.6 8 -3.5
v 0.7 4 -3.5
v 0.7 8 -3.5
v 3.3 4 -3.5
v 3.3 5.8 -3.5
v 3.3 6.1 -3.5
v 3.3 8 -3.5
v 3.4 4 -3.5
v 3.4 5.7 -3.5
v 3.4 5.8 -3.5
v 3.4 6.1 -3.5
v 3.4 6.2 -3.5
v 3.4 8 -3.5
v -3.3 4 -3.6
v -3.3 5.8 -3.6
v -3.3 6.1 -3.6
v -3.3 8 -3.6
v -3.2 4 -3.6
v -3.1 4 -3.6
v -3.1 8 -3.6
v -0.9 4 -3.6
v -0.9 8 -3.6
v -0.8 4 -3.6
v -0.7 4 -3.6
v -0.7 8 -3.6
v 0.7 4 -3.6
v 0.7 8 -3.6
v 0.9 4 -3.6
v 0.9 8 -3.6
v 3.1 4 -3.6
v 3.1 8 -3.6
v 3.2 4 -3.6
v 3.3 4 -3.6
v 3.3 5.8 -3.6
v 3.3 6.1 -3.6
v 3.3 8 -3.6
v -3.4 5.8 -3.7
v -3.4 6.1 -3.7
v -3.3 5.8 -3.7
v -3.3 6.1 -3.7
v -3.1 4 -3.7
v -3.1 8 -3.7
v -3 4 -3.7
v -3 8 -3.7
v -1 4 -3.7
v -1 8 -3.7
v -0.9 4 -3.7
v -0.9 8 -3.7
v 0.9 4 -3.7
v 0.9 8 -3.7
v 1 4 -3.7
v 1 8 -3.7
v 3 4 -3.7
v 3 8 -3.7
v 3.1 4 -3.7
v 3.1 8 -3.7
v 3.3 5.8 -3.7
v 3.3 6.1 -3.7
v 3.4 5.8 -3.7
v 3.4 6.1 -3.7
v -3.9 5.8 -3.8
v -3.9 6.1 -3.8
v -3.8 5.7 -3.8
v -3.8 5.8 -3.8
v -3.8 6.1 -3.8
v -3.8 6.2 -3.8
v -3.5 5.8 -3.8
v -3.5 6.1 -3.8
v -3.4 5.7 -3.8
v -3.4 6.2 -3.8
v -3 4 -3.8
v -3 8 -3.8
v -2.8 4 -3.8
v -2.8 8 -3.8
v -1.2 4 -3.8
v -1.2 8 -3.8
v -1 4 -3.8
v -1 8 -3.8
v 1 4 -3.8
v 1 8 -3.8
v 1.2 4 -3.8
v 1.2 8 -3.8
v 2.8 4 -3.8
v 2.8 8 -3.8
v 3 4 -3.8
v 3 8 -3.8
v 3.4 5.7 -3.8
v 3.4 6.2 -3.8
v 3.5 5.8 -3.8
v 3.5 6.1 -3.8
v 3.8 5.7 -3.8
v 3.8 5.8 -3.8
v 3.8 6.1 -3.8
v 3.8 6.2 -3.8
v 3.9 5.8 -3.8
v 3.9 6.1 -3.8
v -2.8 4 -3.9
v -2.8 8 -3.9
v -2.4 4 -3.9
v -2.4 8 -3.9
v -1.6 4 -3.9
v -1.6 8 -3.9
v -1.2 4 -3.9
v -1.2 8 -3.9
v 1.2 4 -3.9
v 1.2 8 -3.9
v 1.6 4 -3.9
v 1.6 8 -3.9
v 2.4 4 -3.9
v 2.4 8 -3.9
v 2.8 4 -3.9
v 2.8 8 -3.9
v -2.4 4 -4
v -2.4 8 -4
v -2.3 4 -4
v -1.7 4 -4
v -1.6 4 -4
v -1.6 8 -4
v 1.6 4 -4
v 1.6 8 -4
v 1.7 4 -4
v 2.3 4 -4
v 2.4 4 -4
v 2.4 8 -4
v -6 0 -4.4
v -6 4 -4.4
v -5.9 0 -4.4
v -5.9 4 -4.4
v -2.1 0 -4.4
v -2.1 4 -4.4
v -1.9 0 -4.4
v -1.9 4 -4.4
v 1.9 0 -4.4
v 1.9 4 -4.4
v 2.1 0 -4.4
v 2.1 4 -4.4
v 5.9 0 -4.4
v 5.9 4 -4.4
v 6 0 -4.4
v 6 4 -4.4
v -5.9 0 -4.8
v -5.9 4 -4.8
v -5.8 0 -4.8
v -5.8 4 -4.8
v -2.2 0 -4.8
v -2.2 4 -4.8
v -2.1 0 -4.8
v -2.1 4 -4.8
v -1.9 0 -4.8
v -1.9 4 -4.8
v -1.8 0 -4.8
v -1.8 4 -4.8
v 1.8 0 -4.8
v 1.8 4 -4.8
v 1.9 0 -4.8
v 1.9 4 -4.8
v 2.1 0 -4.8
v 2.1 4 -4.8
v 2.2 0 -4.8
v 2.2 4 -4.8
v 5.8 0 -4.8
v 5.8 4 -4.8
v 5.9 0 -4.8
v 5.9 4 -4.8
v -5.8 0 -5
v -5.8 4 -5
v -5.7 0 -5
v -5.7 4 -5
v -2.3 0 -5
v -2.3 4 -5
v -2.2 0 -5
v -2.2 4 -5
v -1.8 0 -5
v -1.8 4 -5
v -1.7 0 -5
v -1.7 4 -5
v 1.7 0 -5
v 1.7 4 -5
v 1.8 0 -5
v 1.8 4 -5
v 2.2 0 -5
v 2.2 4 -5
v 2.3 0 -5
v 2.3 4 -5
v 5.7 0 -5
v 5.7 4 -5
v 5.8 0 -5
v 5.8 4 -5
v -5.7 0 -5.1
v -5.7 4 -5.1
v -5.6 0 -5.1
v -5.6 4 -5.1
v -2.4 0 -5.1
v -2.4 1.8 -5.1
v -2.4 2.1 -5.1
v -2.4 4 -5.1
v -2.3 0 -5.1
v -2.3 1.8 -5.1
v -2.3 2.1 -5.1
v -2.3 4 -5.1
v -1.7 0 -5.1
v -1.7 1.8 -5.1
v -1.7 2.1 -5.1
v -1.7 4 -5.1
v -1.6 0 -5.1
v -1.6 1.8 -5.1
v -1.6 2.1 -5.1
v -1.6 4 -5.1
v 1.6 0 -5.1
v 1.6 4 -5.1
v 1.7 0 -5.1
v 1.7 4 -5.1
v 2.3 0 -5.1
v 2.3 1.8 -5.1
v 2.3 2.1 -5.1
v 2.3 4 -5.1
v 2.4 0 -5.1
v 2.4 1.8 -5.1
v 2.4 2.1 -5.1
v 2.4 4 -5.1
v 5.6 0 -5.1
v 5.6 4 -5.1
v 5.7 0 -5.1
v 5.7 4 -5.1
v -5.6 0 -5.3
v -5.6 4 -5.3
v -5.5 0 -5.3
v -5.5 4 -5.3
v -2.5 0 -5.3
v -2.5 1.7 -5.3
v -2.5 2.2 -5.3
v -2.5 4 -5.3
v -2.4 0 -5.3
v -2.4 1.7 -5.3
v -2.4 2.2 -5.3
v -2.4 4 -5.3
v -1.6 0 -5.3
v -1.6 1.7 -5.3
v -1.6 2.2 -5.3
v -1.6 4 -5.3
v -1.5 0 -5.3
v -1.5 1.7 -5.3
v -1.5 2.2 -5.3
v -1.5 4 -5.3
v 1.5 0 -5.3
v 1.5 4 -5.3
v 1.6 0 -5.3
v 1.6 4 -5.3
v 2.4 0 -5.3
v 2.4 1.7 -5.3
v 2.4 2.2 -5.3
v 2.4 4 -5.3
v 2.5 0 -5.3
v 2.5 1.7 -5.3
v 2.5 2.2 -5.3
v 2.5 4 -5.3
v 5.5 0 -5.3
v 5.5 4 -5.3
v 5.6 0 -5.3
v 5.6 4 -5.3
v -5.5 0 -5.4
v -5.5 4 -5.4
v -5.4 0 -5.4
v -5.4 4 -5.4
v -2.6 0 -5.4
v -2.6 1.7 -5.4
v -2.6 2.2 -5.4
v -2.6 4 -5.4
v -2.5 0 -5.4
v -2.5 1.7 -5.4
v -2.5 2.2 -5.4
v -2.5 4 -5.4
v -1.5 0 -5.4
v -1.5 1.7 -5.4
v -1.5 2.2 -5.4
v -1.5 4 -5.4
v -1.4 0 -5.4
v -1.4 1.7 -5.4
v -1.4 2.2 -5.4
v -1.4 4 -5.4
v 1.4 0 -5.4
v 1.4 4 -5.4
v 1.5 0 -5.4
v 1.5 4 -5.4
v 2.5 0 -5.4
v 2.5 1.7 -5.4
v 2.5 2.2 -5.4
v 2.5 4 -5.4
v 2.6 0 -5.4
v 2.6 1.7 -5.4
v 2.6 2.2 -5.4
v 2.6 4 -5.4
v 5.4 0 -5.4
v 5.4 4 -5.4
v 5.5 0 -5.4
v 5.5 4 -5.4
v -5.4 0 -5.5
v -5.4 4 -5.5
v -5.3 0 -5.5
v -5.3 4 -5.5
v -2.7 0 -5.5
v -2.7 1.8 -5.5
v -2.7 2.1 -5.5
v -2.7 4 -5.5
v -2.6 0 -5.5
v -2.6 1.7 -5.5
v -2.6 1.8 -5.5
v -2.6 2.1 -5.5
v -2.6 2.2 -5.5
v -2.6 4 -5.5
v -1.4 0 -5.5
v -1.4 1.7 -5.5
v -1.4 1.8 -5.5
v -1.4 2.1 -5.5
v -1.4 2.2 -5.5
v -1.4 4 -5.5
v -1.3 0 -5.5
v -1.3 1.8 -5.5
v -1.3 2.1 -5.5
v -1.3 4 -5.5
v 1.3 0 -5.5
v 1.3 4 -5.5
v 1.4 0 -5.5
v 1.4 4 -5.5
v 2.6 0 -5.5
v 2.6 1.7 -5.5
v 2.6 1.8 -5.5
v 2.6 2.1 -5.5
v 2.6 2.2 -5.5
v 2.6 4 -5.5
v 2.7 0 -5.5
v 2.7 1.8 -5.5
v 2.7 2.1 -5.5
v 2.7 4 -5.5
v 5.3 0 -5.5
v 5.3 4 -5.5
v 5.4 0 -5.5
v 5.4 4 -5.5
v -5.3 0 -5.6
v -5.3 4 -5.6
v -5.1 0 -5.6
v -5.1 4 -5.6
v -2.9 0 -5.6
v -2.9 4 -5.6
v -2.7 0 -5.6
v -2.7 1.8 -5.6
v -2.7 2.1 -5.6
v -2.7 4 -5.6
v -1.3 0 -5.6
v -1.3 1.8 -5.6
v -1.3 2.1 -5.6
v -1.3 4 -5.6
v -1.1 0 -5.6
v -1.1 4 -5.6
v 1.1 0 -5.6
v 1.1 4 -5.6
v 1.3 0 -5.6
v 1.3 4 -5.6
v 2.7 0 -5.6
v 2.7 1.8 -5.6
v 2.7 2.1 -5.6
v 2.7 4 -5.6
v 2.9 0 -5.6
v 2.9 4 -5.6
v 5.1 0 -5.6
v 5.1 4 -5.6
v 5.3 0 -5.6
v 5.3 4 -5.6
v -5.1 0 -5.7
v -5.1 4 -5.7
v -5 0 -5.7
v -5 4 -5.7
v -3 0 -5.7
v -3 4 -5.7
v -2.9 0 -5.7
v -2.9 4 -5.7
v -2.7 1.8 -5.7
v -2.7 2.1 -5.7
v -2.6 1.8 -5.7
v -2.6 2.1 -5.7
v -1.4 1.8 -5.7
v -1.4 2.1 -5.7
v -1.3 1.8 -5.7
v -1.3 2.1 -5.7
v -1.1 0 -5.7
v -1.1 4 -5.7
v -1 0 -5.7
v -1 4 -5.7
v 1 0 -5.7
v 1 4 -5.7
v 1.1 0 -5.7
v 1.1 4 -5.7
v 2.6 1.8 -5.7
v 2.6 2.1 -5.7
v 2.7 1.8 -5.7
v 2.7 2.1 -5.7
v 2.9 0 -5.7
v 2.9 4 -5.7
v 3 0 -5.7
v 3 4 -5.7
v 5 0 -5.7
v 5 4 -5.7
v 5.1 0 -5.7
v 5.1 4 -5.7
v -5 0 -5.8
v -5 4 -5.8
v -4.8 0 -5.8
v -4.8 4 -5.8
v -3.2 0 -5.8
v -3.2 4 -5.8
v -3 0 -5.8
v -3 4 -5.8
v -2.6 1.7 -5.8
v -2.6 2.2 -5.8
v -2.5 1.8 -5.8
v -2.5 2.1 -5.8
v -2.2 1.7 -5.8
v -2.2 1.8 -5.8
v -2.2 2.1 -5.8
v -2.2 2.2 -5.8
v -2.1 1.8 -5.8
v -2.1 2.1 -5.8
v -1.9 1.8 -5.8
v -1.9 2.1 -5.8
v -1.8 1.7 -5.8
v -1.8 1.8 -5.8
v -1.8 2.1 -5.8
v -1.8 2.2 -5.8
v -1.5 1.8 -5.8
v -1.5 2.1 -5.8
v -1.4 1.7 -5.8
v -1.4 2.2 -5.8
v -1 0 -5.8
v -1 4 -5.8
v -0.8 0 -5.8
v -0.8 4 -5.8
v 0.8 0 -5.8
v 0.8 4 -5.8
v 1 0 -5.8
v 1 4 -5.8
v 2.1 1.8 -5.8
v 2.1 2.1 -5.8
v 2.2 1.7 -5.8
v 2.2 1.8 -5.8
v 2.2 2.1 -5.8
v 2.2 2.2 -5.8
v 2.5 1.8 -5.8
v 2.5 2.1 -5.8
v 2.6 1.7 -5.8
v 2.6 2.2 -5.8
v 3 0 -5.8
v 3 4 -5.8
v 3.2 0 -5.8
v 3.2 4 -5.8
v 4.8 0 -5.8
v 4.8 4 -5.8
v 5 0 -5.8
v 5 4 -5.8
v -4.8 0 -5.9
v -4.8 4 -5.9
v -4.4 0 -5.9
v -4.4 4 -5.9
v -3.6 0 -5.9
v -3.6 4 -5.9
v -3.2 0 -5.9
v -3.2 4 -5.9
v -0.8 0 -5.9
v -0.8 4 -5.9
v -0.4 0 -5.9
v -0.4 4 -5.9
v 0.4 0 -5.9
v 0.4 4 -5.9
v 0.8 0 -5.9
v 0.8 4 -5.9
v 3.2 0 -5.9
v 3.2 4 -5.9
v 3.6 0 -5.9
v 3.6 4 -5.9
v 4.4 0 -5.9
v 4.4 4 -5.9
v 4.8 0 -5.9
v 4.8 4 -5.9
v -4.4 0 -6
v -4.4 4 -6
v -3.6 0 -6
v -3.6 4 -6
v -0.4 0 -6
v -0.4 4 -6
v 0.4 0 -6
v 0.4 4 -6
v 3.6 0 -6
v 3.6 4 -6
v 4.4 0 -6
v 4.4 4 -6
v -4.4 0 6
v -3.6 0 6
v -0.4 0 6
v 0.4 0 6
v 3.6 0 6
v 4.4 0 6
v -4.8 0 5.9
v -4.4 0 5.9
v -3.6 0 5.9
v -3.2 0 5.9
v -0.8 0 5.9
v -0.4 0 5.9
v 0.4 0 5.9
v 0.8 0 5.9
v 3.2 0 5.9
v 3.6 0 5.9
v 4.4 0 5.9
v 4.8 0 5.9
v -5 0 5.8
v -4.8 0 5.8
v -3.2 0 5.8
v -3 0 5.8
v -1 0 5.8
v -0.8 0 5.8
v 0.8 0 5.8
v 1 0 5.8
v 3 0 5.8
v 3.2 0 5.8
v 4.8 0 5.8
v 5 0 5.8
v -5.1 0 5.7
v -5 0 5.7
v -4.5 0 5.7
v -3.5 0 5.7
v -3 0 5.7
v -2.9 0 5.7
v -1.1 0 5.7
v -1 0 5.7
v -0.5 0 5.7
v 0.5 0 5.7
v 1 0 5.7
v 1.1 0 5.7
v 2.9 0 5.7
v 3 0 5.7
v 3.5 0 5.7
v 4.5 0 5.7
v 5 0 5.7
v 5.1 0 5.7
v -5.3 0 5.6
v -5.1 0 5.6
v -4.8 0 5.6
v -4.5 0 5.6
v -4.4 0 5.6
v -3.9 0 5.6
v -3.8 0 5.6
v -3.6 0 5.6
v -3.5 0 5.6
v -3.3 0 5.6
v -2.9 0 5.6
v -2.7 0 5.6
v -1.3 0 5.6
v -1.1 0 5.6
v -0.7 0 5.6
v -0.5 0 5.6
v -0.4 0 5.6
v -0.2 0 5.6
v -0.0999999 0 5.6
v 0.4 0 5.6
v 0.5 0 5.6
v 0.8 0 5.6
v 1.1 0 5.6
v 1.3 0 5.6
v 2.7 0 5.6
v 2.9 0 5.6
v 3.3 0 5.6
v 3.5 0 5.6
v 3.6 0 5.6
v 3.8 0 5.6
v 3.9 0 5.6
v 4.4 0 5.6
v 4.5 0 5.6
v 4.8 0 5.6
v 5.1 0 5.6
v 5.3 0 5.6
v -5.4 0 5.5
v -5.3 0 5.5
v -5 0 5.5
v -4.8 0 5.5
v -4.7 0 5.5
v -4.4 0 5.5
v -3.6 0 5.5
v -3.4 0 5.5
v -3.3 0 5.5
v -3.1 0 5.5
v -2.7 0 5.5
v -2.6 0 5.5
v -1.4 0 5.5
v -1.3 0 5.5
v -0.9 0 5.5
v -0.7 0 5.5
v -0.6 0 5.5
v -0.4 0 5.5
v 0.4 0 5.5
v 0.7 0 5.5
v 0.8 0 5.5
v 1 0 5.5
v 1.3 0 5.5
v 1.4 0 5.5
v 2.6 0 5.5
v 2.7 0 5.5
v 3.1 0 5.5
v 3.3 0 5.5
v 3.4 0 5.5
v 3.6 0 5.5
v 4.4 0 5.5
v 4.7 0 5.5
v 4.8 0 5.5
v 5 0 5.5
v 5.3 0 5.5
v 5.4 0 5.5
v -5.5 0 5.4
v -5.4 0 5.4
v -5.1 0 5.4
v -5 0 5.4
v -4.8 0 5.4
v -4.7 0 5.4
v -3.4 0 5.4
v -3.2 0 5.4
v -3.1 0 5.4
v -2.9 0 5.4
v -2.6 0 5.4
v -2.5 0 5.4
v -1.5 0 5.4
v -1.4 0 5.4
v -1.1 0 5.4
v -0.9 0 5.4
v -0.8 0 5.4
v -0.6 0 5.4
v 0.7 0 5.4
v 0.8 0 5.4
v 1 0 5.4
v 1.1 0 5.4
v 1.4 0 5.4
v 1.5 0 5.4
v 2.5 0 5.4
v 2.6 0 5.4
v 2.9 0 5.4
v 3.1 0 5.4
v 3.2 0 5.4
v 3.4 0 5.4
v 4.7 0 5.4
v 4.8 0 5.4
v 5 0 5.4
v 5.1 0 5.4
v 5.4 0 5.4
v 5.5 0 5.4
v -5.6 0 5.3
v -5.5 0 5.3
v -5.2 0 5.3
v -5.1 0 5.3
v -5 0 5.3
v -4.8 0 5.3
v -3.2 0 5.3
v -3 0 5.3
v -2.9 0 5.3
v -2.8 0 5.3
v -2.5 0 5.3
v -2.4 0 5.3
v -1.6 0 5.3
v -1.5 0 5.3
v -1.2 0 5.3
v -1.1 0 5.3
v -1 0 5.3
v -0.8 0 5.3
v 0.8 0 5.3
v 1 0 5.3
v 1.1 0 5.3
v 1.2 0 5.3
v 1.5 0 5.3
v 1.6 0 5.3
v 2.4 0 5.3
v 2.5 0 5.3
v 2.8 0 5.3
v 2.9 0 5.3
v 3 0 5.3
v 3.2 0 5.3
v 4.8 0 5.3
v 5 0 5.3
v 5.1 0 5.3
v 5.2 0 5.3
v 5.5 0 5.3
v 5.6 0 5.3
v -5.3 0 5.2
v -5.2 0 5.2
v -5.1 0 5.2
v -5 0 5.2
v -4.9 0 5.2
v -3 0 5.2
v -2.9 0 5.2
v -2.8 0 5.2
v -2.7 0 5.2
v -1.3 0 5.2
v -1.2 0 5.2
v -1.1 0 5.2
v -1 0 5.2
v 0.9 0 5.2
v 1 0 5.2
v 1.1 0 5.2
v 1.2 0 5.2
v 1.3 0 5.2
v 2.7 0 5.2
v 2.8 0 5.2
v 2.9 0 5.2
v 3 0 5.2
v 4.9 0 5.2
v 5 0 5.2
v 5.1 0 5.2
v 5.2 0 5.2
v 5.3 0 5.2
v -5.7 0 5.1
v -5.6 0 5.1
v -5.4 0 5.1
v -5.3 0 5.1
v -5.2 0 5.1
v -5.1 0 5.1
v -5 0 5.1
v -4.9 0 5.1
v -4.8 0 5.1
v -3.9 0 5.1
v -3.8 0 5.1
v -3.7 0 5.1
v -2.9 0 5.1
v -2.8 0 5.1
v -2.7 0 5.1
v -2.6 0 5.1
v -2.4 0 5.1
v -2.3 0 5.1
v -1.7 0 5.1
v -1.6 0 5.1
v -1.4 0 5.1
v -1.3 0 5.1
v -1.2 0 5.1
v -1.1 0 5.1
v -0.3 0 5.1
v -0.2 0 5.1
v -0.0999999 0 5.1
v 0.8 0 5.1
v 0.9 0 5.1
v 1 0 5.1
v 1.1 0 5.1
v 1.2 0 5.1
v 1.3 0 5.1
v 1.4 0 5.1
v 1.6 0 5.1
v 1.7 0 5.1
v 2.3 0 5.1
v 2.4 0 5.1
v 2.6 0 5.1
v 2.7 0 5.1
v 2.8 0 5.1
v 2.9 0 5.1
v 3.7 0 5.1
v 3.8 0 5.1
v 3.9 0 5.1
v 4.8 0 5.1
v 4.9 0 5.1
v 5 0 5.1
v 5.1 0 5.1
v 5.2 0 5.1
v 5.3 0 5.1
v 5.4 0 5.1
v 5.6 0 5.1
v 5.7 0 5.1
v -5.8 0 5
v -5.7 0 5
v -5.3 0 5
v -5.2 0 5
v -2.8 0 5
v -2.7 0 5
v -2.3 0 5
v -2.2 0 5
v -1.8 0 5
v -1.7 0 5
v -1.3 0 5
v -1.2 0 5
v 1.2 0 5
v 1.3 0 5
v 1.7 0 5
v 1.8 0 5
v 2.2 0 5
v 2.3 0 5
v 2.7 0 5
v 2.8 0 5
v 5.2 0 5
v 5.3 0 5
v 5.7 0 5
v 5.8 0 5
v -5.5 0 4.9
v -5.4 0 4.9
v -4.9 0 4.9
v -4.8 0 4.9
v -4.7 0 4.9
v -2.6 0 4.9
v -2.5 0 4.9
v -1.5 0 4.9
v -1.4 0 4.9
v 0.7 0 4.9
v 0.8 0 4.9
v 0.9 0 4.9
v 1.4 0 4.9
v 1.5 0 4.9
v 2.5 0 4.9
v 2.6 0 4.9
v 4.7 0 4.9
v 4.8 0 4.9
v 4.9 0 4.9
v 5.4 0 4.9
v 5.5 0 4.9
v -5.9 0 4.8
v -5.8 0 4.8
v -5.4 0 4.8
v -5.3 0 4.8
v -4.8 0 4.8
v -4.7 0 4.8
v -4.6 0 4.8
v -2.2 0 4.8
v -2.1 0 4.8
v -1.9 0 4.8
v -1.8 0 4.8
v 0.6 0 4.8
v 0.7 0 4.8
v 0.8 0 4.8
v 1.3 0 4.8
v 1.4 0 4.8
v 1.8 0 4.8
v 1.9 0 4.8
v 2.1 0 4.8
v 2.2 0 4.8
v 4.6 0 4.8
v 4.7 0 4.8
v 4.8 0 4.8
v 5.3 0 4.8
v 5.4 0 4.8
v 5.8 0 4.8
v 5.9 0 4.8
v -5.6 0 4.7
v -5.5 0 4.7
v -4.7 0 4.7
v -4.6 0 4.7
v -4.3 0 4.7
v -2.9 0 4.7
v -2.7 0 4.7
v -2.5 0 4.7
v -2.4 0 4.7
v -1.6 0 4.7
v -1.5 0 4.7
v -1.3 0 4.7
v -1.1 0 4.7
v 0.3 0 4.7
v 0.6 0 4.7
v 0.7 0 4.7
v 1.5 0 4.7
v 1.6 0 4.7
v 2.4 0 4.7
v 2.5 0 4.7
v 2.7 0 4.7
v 2.9 0 4.7
v 4.3 0 4.7
v 4.6 0 4.7
v 4.7 0 4.7
v 5.5 0 4.7
v 5.6 0 4.7
v -5.5 0 4.6
v -5.4 0 4.6
v -4.6 0 4.6
v -4.3 0 4.6
v -4.1 0 4.6
v -3.8 0 4.6
v -3.7 0 4.6
v -3.1 0 4.6
v -2.9 0 4.6
v -2.7 0 4.6
v -1.3 0 4.6
v -1.1 0 4.6
v -0.9 0 4.6
v -0.3 0 4.6
v -0.2 0 4.6
v 0.1 0 4.6
v 0.3 0 4.6
v 0.6 0 4.6
v 1.4 0 4.6
v 1.5 0 4.6
v 2.7 0 4.6
v 2.9 0 4.6
v 3.1 0 4.6
v 3.7 0 4.6
v 3.8 0 4.6
v 4.1 0 4.6
v 4.3 0 4.6
v 4.6 0 4.6
v 5.4 0 4.6
v 5.5 0 4.6
v -5.7 0 4.5
v -5.6 0 4.5
v -4.3 0 4.5
v -4.1 0 4.5
v -3.2 0 4.5
v -3.1 0 4.5
v -2.9 0 4.5
v -2.4 0 4.5
v -2.3 0 4.5
v -1.7 0 4.5
v -1.6 0 4.5
v -1.1 0 4.5
v -0.9 0 4.5
v -0.8 0 4.5
v 0.1 0 4.5
v 0.3 0 4.5
v 1.6 0 4.5
v 1.7 0 4.5
v 2.3 0 4.5
v 2.4 0 4.5
v 2.9 0 4.5
v 3.1 0 4.5
v 3.2 0 4.5
v 4.1 0 4.5
v 4.3 0 4.5
v 5.6 0 4.5
v 5.7 0 4.5
v -6 0 4.4
v -5.9 0 4.4
v -3.4 0 4.4
v -3.2 0 4.4
v -3.1 0 4.4
v -2.5 0 4.4
v -2.4 0 4.4
v -2.1 0 4.4
v -1.9 0 4.4
v -1.6 0 4.4
v -1.5 0 4.4
v -0.9 0 4.4
v -0.8 0 4.4
v -0.6 0 4.4
v 1.9 0 4.4
v 2.1 0 4.4
v 2.4 0 4.4
v 2.5 0 4.4
v 3.1 0 4.4
v 3.2 0 4.4
v 3.4 0 4.4
v 5.9 0 4.4
v 6 0 4.4
v -5.6 0 4.3
v -5.5 0 4.3
v -4.5 0 4.3
v -4.2 0 4.3
v -3.5 0 4.3
v -3.4 0 4.3
v -3.2 0 4.3
v -0.8 0 4.3
v -0.6 0 4.3
v -0.5 0 4.3
v 0.2 0 4.3
v 0.5 0 4.3
v 1.5 0 4.3
v 1.6 0 4.3
v 3.2 0 4.3
v 3.4 0 4.3
v 3.5 0 4.3
v 4.2 0 4.3
v 4.5 0 4.3
v 5.5 0 4.3
v 5.6 0 4.3
v -4.9 0 4.2
v -4.5 0 4.2
v -4.2 0 4.2
v -3.5 0 4.2
v -3.4 0 4.2
v -0.6 0 4.2
v -0.5 0 4.2
v 0.2 0 4.2
v 0.5 0 4.2
v 0.9 0 4.2
v 3.4 0 4.2
v 3.5 0 4.2
v 4.2 0 4.2
v 4.5 0 4.2
v 4.9 0 4.2
v -5.1 0 4.1
v -4.9 0 4.1
v -4.5 0 4.1
v 0.5 0 4.1
v 0.9 0 4.1
v 1.1 0 4.1
v 4.5 0 4.1
v 4.9 0 4.1
v 5.1 0 4.1
v -5.2 0 4
v -5.1 0 4
v -4.9 0 4
v -3.7 0 4
v -3.6 0 4
v -0.4 0 4
v -0.3 0 4
v 0.9 0 4
v 1.1 0 4
v 1.2 0 4
v 3.6 0 4
v 3.7 0 4
v 4.9 0 4
v 5.1 0 4
v 5.2 0 4
v -5.3 0 3.9
v -5.2 0 3.9
v -5.1 0 3.9
v -4.4 0 3.9
v -4.3 0 3.9
v -3.7 0 3.9
v -3.6 0 3.9
v -3.4 0 3.9
v -0.6 0 3.9
v -0.4 0 3.9
v -0.3 0 3.9
v 0.3 0 3.9
v 0.4 0 3.9
v 1.1 0 3.9
v 1.2 0 3.9
v 1.3 0 3.9
v 3.4 0 3.9
v 3.6 0 3.9
v 3.7 0 3.9
v 4.3 0 3.9
v 4.4 0 3.9
v 5.1 0 3.9
v 5.2 0 3.9
v 5.3 0 3.9
v -5.4 0 3.8
v -5.3 0 3.8
v -5.2 0 3.8
v -4.5 0 3.8
v -4.4 0 3.8
v -4.3 0 3.8
v -3.6 0 3.8
v -3.4 0 3.8
v -3.3 0 3.8
v -0.7 0 3.8
v -0.6 0 3.8
v -0.4 0 3.8
v 0.3 0 3.8
v 0.4 0 3.8
v 0.5 0 3.8
v 1.2 0 3.8
v 1.3 0 3.8
v 1.4 0 3.8
v 3.3 0 3.8
v 3.4 0 3.8
v 3.6 0 3.8
v 4.3 0 3.8
v 4.4 0 3.8
v 4.5 0 3.8
v 5.2 0 3.8
v 5.3 0 3.8
v 5.4 0 3.8
v -5.6 0 3.7
v -5.4 0 3.7
v -5.3 0 3.7
v -3.4 0 3.7
v -3.3 0 3.7
v -3.2 0 3.7
v -0.8 0 3.7
v -0.7 0 3.7
v -0.6 0 3.7
v 1.3 0 3.7
v 1.4 0 3.7
v 1.6 0 3.7
v 3.2 0 3.7
v 3.3 0 3.7
v 3.4 0 3.7
v 5.3 0 3.7
v 5.4 0 3.7
v 5.6 0 3.7
v -6 0 3.6
v -5.9 0 3.6
v -5.5 0 3.6
v -5.4 0 3.6
v -4.6 0 3.6
v -4.5 0 3.6
v -4.4 0 3.6
v -2.1 0 3.6
v -1.9 0 3.6
v 0.4 0 3.6
v 0.5 0 3.6
v 0.6 0 3.6
v 1.4 0 3.6
v 1.5 0 3.6
v 1.9 0 3.6
v 2.1 0 3.6
v 4.4 0 3.6
v 4.5 0 3.6
v 4.6 0 3.6
v 5.4 0 3.6
v 5.5 0 3.6
v 5.9 0 3.6
v 6 0 3.6
v -5.7 0 3.5
v -5.6 0 3.5
v -3.3 0 3.5
v -3.2 0 3.5
v -3.1 0 3.5
v -2.5 0 3.5
v -2.4 0 3.5
v -2.3 0 3.5
v -1.7 0 3.5
v -1.6 0 3.5
v -1.5 0 3.5
v -0.9 0 3.5
v -0.8 0 3.5
v -0.7 0 3.5
v 1.6 0 3.5
v 1.7 0 3.5
v 2.3 0 3.5
v 2.4 0 3.5
v 2.5 0 3.5
v 3.1 0 3.5
v 3.2 0 3.5
v 3.3 0 3.5
v 5.6 0 3.5
v 5.7 0 3.5
v -5.5 0 3.4
v -5.4 0 3.4
v -4.7 0 3.4
v -4.6 0 3.4
v -4.5 0 3.4
v -3.2 0 3.4
v -3.1 0 3.4
v -3 0 3.4
v -1 0 3.4
v -0.9 0 3.4
v -0.8 0 3.4
v 0.5 0 3.4
v 0.6 0 3.4
v 0.7 0 3.4
v 1.4 0 3.4
v 1.5 0 3.4
v 3 0 3.4
v 3.1 0 3.4
v 3.2 0 3.4
v 4.5 0 3.4
v 4.6 0 3.4
v 4.7 0 3.4
v 5.4 0 3.4
v 5.5 0 3.4
v -5.6 0 3.3
v -5.5 0 3.3
v -3.1 0 3.3
v -3 0 3.3
v -2.9 0 3.3
v -2.5 0 3.3
v -2.4 0 3.3
v -1.6 0 3.3
v -1.5 0 3.3
v -1.1 0 3.3
v -1 0 3.3
v -0.9 0 3.3
v 1.5 0 3.3
v 1.6 0 3.3
v 2.4 0 3.3
v 2.5 0 3.3
v 2.9 0 3.3
v 3 0 3.3
v 3.1 0 3.3
v 5.5 0 3.3
v 5.6 0 3.3
v -5.9 0 3.2
v -5.8 0 3.2
v -5.4 0 3.2
v -5.3 0 3.2
v -4.8 0 3.2
v -4.7 0 3.2
v -4.6 0 3.2
v -2.6 0 3.2
v -2.5 0 3.2
v -2.2 0 3.2
v -2.1 0 3.2
v -1.9 0 3.2
v -1.8 0 3.2
v -1.5 0 3.2
v -1.4 0 3.2
v 0.6 0 3.2
v 0.7 0 3.2
v 0.8 0 3.2
v 1.3 0 3.2
v 1.4 0 3.2
v 1.8 0 3.2
v 1.9 0 3.2
v 2.1 0 3.2
v 2.2 0 3.2
v 2.5 0 3.2
v 2.6 0 3.2
v 4.6 0 3.2
v 4.7 0 3.2
v 4.8 0 3.2
v 5.3 0 3.2
v 5.4 0 3.2
v 5.8 0 3.2
v 5.9 0 3.2
v -5.5 0 3.1
v -5.4 0 3.1
v -5.3 0 3.1
v -5.2 0 3.1
v -3 0 3.1
v -2.9 0 3.1
v -2.8 0 3.1
v -2.6 0 3.1
v -2.5 0 3.1
v -1.5 0 3.1
v -1.4 0 3.1
v -1.2 0 3.1
v -1.1 0 3.1
v -1 0 3.1
v 1.2 0 3.1
v 1.3 0 3.1
v 1.4 0 3.1
v 1.5 0 3.1
v 2.5 0 3.1
v 2.6 0 3.1
v 2.8 0 3.1
v 2.9 0 3.1
v 3 0 3.1
v 5.2 0 3.1
v 5.3 0 3.1
v 5.4 0 3.1
v 5.5 0 3.1
v -5.8 0 3
v -5.7 0 3
v -5.2 0 3
v -5.1 0 3
v -4.9 0 3
v -4.8 0 3
v -4.7 0 3
v -2.9 0 3
v -2.8 0 3
v -2.6 0 3
v -2.3 0 3
v -2.2 0 3
v -1.8 0 3
v -1.7 0 3
v -1.4 0 3
v -1.2 0 3
v -1.1 0 3
v 0.7 0 3
v 0.8 0 3
v 0.9 0 3
v 1.1 0 3
v 1.2 0 3
v 1.7 0 3
v 1.8 0 3
v 2.2 0 3
v 2.3 0 3
v 2.6 0 3
v 2.8 0 3
v 2.9 0 3
v 4.7 0 3
v 4.8 0 3
v 4.9 0 3
v 5.1 0 3
v 5.2 0 3
v 5.7 0 3
v 5.8 0 3
v -5.7 0 2.9
v -5.6 0 2.9
v -5.4 0 2.9
v -5.3 0 2.9
v -5.1 0 2.9
v -5 0 2.9
v -2.9 0 2.9
v -2.8 0 2.9
v -2.7 0 2.9
v -2.6 0 2.9
v -2.4 0 2.9
v -2.3 0 2.9
v -1.7 0 2.9
v -1.6 0 2.9
v -1.4 0 2.9
v -1.3 0 2.9
v -1.2 0 2.9
v -1.1 0 2.9
v 1 0 2.9
v 1.1 0 2.9
v 1.3 0 2.9
v 1.4 0 2.9
v 1.6 0 2.9
v 1.7 0 2.9
v 2.3 0 2.9
v 2.4 0 2.9
v 2.6 0 2.9
v 2.7 0 2.9
v 2.8 0 2.9
v 2.9 0 2.9
v 5 0 2.9
v 5.1 0 2.9
v 5.3 0 2.9
v 5.4 0 2.9
v 5.6 0 2.9
v 5.7 0 2.9
v -5.3 0 2.8
v -5.2 0 2.8
v -2.8 0 2.8
v -2.7 0 2.8
v -1.3 0 2.8
v -1.2 0 2.8
v 1.2 0 2.8
v 1.3 0 2.8
v 2.7 0 2.8
v 2.8 0 2.8
v 5.2 0 2.8
v 5.3 0 2.8
v -5.6 0 2.7
v -5.5 0 2.7
v -5.2 0 2.7
v -5.1 0 2.7
v -5 0 2.7
v -4.9 0 2.7
v -4.8 0 2.7
v -4.7 0 2.7
v -3.1 0 2.7
v -2.9 0 2.7
v -2.8 0 2.7
v -2.5 0 2.7
v -2.4 0 2.7
v -1.6 0 2.7
v -1.5 0 2.7
v -1.2 0 2.7
v -1.1 0 2.7
v -0.9 0 2.7
v 0.7 0 2.7
v 0.8 0 2.7
v 0.9 0 2.7
v 1 0 2.7
v 1.1 0 2.7
v 1.2 0 2.7
v 1.5 0 2.7
v 1.6 0 2.7
v 2.4 0 2.7
v 2.5 0 2.7
v 2.8 0 2.7
v 2.9 0 2.7
v 3.1 0 2.7
v 4.7 0 2.7
v 4.8 0 2.7
v 4.9 0 2.7
v 5 0 2.7
v 5.1 0 2.7
v 5.2 0 2.7
v 5.5 0 2.7
v 5.6 0 2.7
v -5.5 0 2.6
v -5.4 0 2.6
v -5.1 0 2.6
v -4.9 0 2.6
v -4.7 0 2.6
v -4.6 0 2.6
v -3.4 0 2.6
v -3.1 0 2.6
v -2.9 0 2.6
v -2.6 0 2.6
v -2.5 0 2.6
v -1.5 0 2.6
v -1.4 0 2.6
v -1.1 0 2.6
v -0.9 0 2.6
v -0.6 0 2.6
v 0.6 0 2.6
v 0.7 0 2.6
v 0.9 0 2.6
v 1.1 0 2.6
v 1.4 0 2.6
v 1.5 0 2.6
v 2.5 0 2.6
v 2.6 0 2.6
v 2.9 0 2.6
v 3.1 0 2.6
v 3.4 0 2.6
v 4.6 0 2.6
v 4.7 0 2.6
v 4.9 0 2.6
v 5.1 0 2.6
v 5.4 0 2.6
v 5.5 0 2.6
v -5.4 0 2.5
v -5.3 0 2.5
v -4.9 0 2.5
v -4.7 0 2.5
v -4.6 0 2.5
v -4.3 0 2.5
v -3.6 0 2.5
v -3.4 0 2.5
v -3.3 0 2.5
v -3.1 0 2.5
v -2.7 0 2.5
v -2.6 0 2.5
v -1.4 0 2.5
v -1.3 0 2.5
v -0.9 0 2.5
v -0.7 0 2.5
v -0.6 0 2.5
v -0.4 0 2.5
v 0.3 0 2.5
v 0.6 0 2.5
v 0.7 0 2.5
v 0.9 0 2.5
v 1.3 0 2.5
v 1.4 0 2.5
v 2.6 0 2.5
v 2.7 0 2.5
v 3.1 0 2.5
v 3.3 0 2.5
v 3.4 0 2.5
v 3.6 0 2.5
v 4.3 0 2.5
v 4.6 0 2.5
v 4.7 0 2.5
v 4.9 0 2.5
v 5.3 0 2.5
v 5.4 0 2.5
v -5.3 0 2.4
v -5.1 0 2.4
v -4.7 0 2.4
v -4.5 0 2.4
v -4.3 0 2.4
v -3.6 0 2.4
v -3.5 0 2.4
v -3.3 0 2.4
v -2.9 0 2.4
v -2.7 0 2.4
v -1.3 0 2.4
v -1.1 0 2.4
v -0.7 0 2.4
v -0.5 0 2.4
v -0.4 0 2.4
v 0.3 0 2.4
v 0.5 0 2.4
v 0.7 0 2.4
v 1.1 0 2.4
v 1.3 0 2.4
v 2.7 0 2.4
v 2.9 0 2.4
v 3.3 0 2.4
v 3.5 0 2.4
v 3.6 0 2.4
v 4.3 0 2.4
v 4.5 0 2.4
v 4.7 0 2.4
v 5.1 0 2.4
v 5.3 0 2.4
v -5.1 0 2.3
v -5 0 2.3
v -4.5 0 2.3
v -3.5 0 2.3
v -3 0 2.3
v -2.9 0 2.3
v -1.1 0 2.3
v -1 0 2.3
v -0.5 0 2.3
v 0.5 0 2.3
v 1 0 2.3
v 1.1 0 2.3
v 2.9 0 2.3
v 3 0 2.3
v 3.5 0 2.3
v 4.5 0 2.3
v 5 0 2.3
v 5.1 0 2.3
v -5 0 2.2
v -4.8 0 2.2
v -3.2 0 2.2
v -3 0 2.2
v -1 0 2.2
v -0.8 0 2.2
v 0.8 0 2.2
v 1 0 2.2
v 3 0 2.2
v 3.2 0 2.2
v 4.8 0 2.2
v 5 0 2.2
v -4.8 0 2.1
v -4.4 0 2.1
v -3.6 0 2.1
v -3.2 0 2.1
v -0.8 0 2.1
v -0.4 0 2.1
v 0.4 0 2.1
v 0.8 0 2.1
v 3.2 0 2.1
v 3.6 0 2.1
v 4.4 0 2.1
v 4.8 0 2.1
v -4.8 0 1.9
v -4.4 0 1.9
v -3.6 0 1.9
v -3.2 0 1.9
v -0.8 0 1.9
v -0.4 0 1.9
v 0.4 0 1.9
v 0.8 0 1.9
v 3.2 0 1.9
v 3.6 0 1.9
v 4.4 0 1.9
v 4.8 0 1.9
v -5 0 1.8
v -4.8 0 1.8
v -3.2 0 1.8
v -3 0 1.8
v -1 0 1.8
v -0.8 0 1.8
v 0.8 0 1.8
v 1 0 1.8
v 3 0 1.8
v 3.2 0 1.8
v 4.8 0 1.8
v 5 0 1.8
v -5.1 0 1.7
v -5 0 1.7
v -4.5 0 1.7
v -3.5 0 1.7
v -3 0 1.7
v -2.9 0 1.7
v -1.1 0 1.7
v -1 0 1.7
v -0.5 0 1.7
v 0.5 0 1.7
v 1 0 1.7
v 1.1 0 1.7
v 2.9 0 1.7
v 3 0 1.7
v 3.5 0 1.7
v 4.5 0 1.7
v 5 0 1.7
v 5.1 0 1.7
v -5.3 0 1.6
v -5.1 0 1.6
v -4.8 0 1.6
v -4.5 0 1.6
v -4.4 0 1.6
v -3.9 0 1.6
v -3.8 0 1.6
v -3.6 0 1.6
v -3.5 0 1.6
v -3.3 0 1.6
v -2.9 0 1.6
v -2.7 0 1.6
v -1.3 0 1.6
v -1.1 0 1.6
v -0.7 0 1.6
v -0.5 0 1.6
v -0.4 0 1.6
v -0.2 0 1.6
v -0.0999999 0 1.6
v 0.4 0 1.6
v 0.5 0 1.6
v 0.8 0 1.6
v 1.1 0 1.6
v 1.3 0 1.6
v 2.7 0 1.6
v 2.9 0 1.6
v 3.3 0 1.6
v 3.5 0 1.6
v 3.6 0 1.6
v 3.8 0 1.6
v 3.9 0 1.6
v 4.4 0 1.6
v 4.5 0 1.6
v 4.8 0 1.6
v 5.1 0 1.6
v 5.3 0 1.6
v -5.4 0 1.5
v -5.3 0 1.5
v -5 0 1.5
v -4.8 0 1.5
v -4.7 0 1.5
v -4.4 0 1.5
v -3.6 0 1.5
v -3.4 0 1.5
v -3.3 0 1.5
v -3.1 0 1.5
v -2.7 0 1.5
v -2.6 0 1.5
v -1.4 0 1.5
v -1.3 0 1.5
v -0.9 0 1.5
v -0.7 0 1.5
v -0.6 0 1.5
v -0.4 0 1.5
v 0.4 0 1.5
v 0.7 0 1.5
v 0.8 0 1.5
v 1 0 1.5
v 1.3 0 1.5
v 1.4 0 1.5
v 2.6 0 1.5
v 2.7 0 1.5
v 3.1 0 1.5
v 3.3 0 1.5
v 3.4 0 1.5
v 3.6 0 1.5
v 4.4 0 1.5
v 4.7 0 1.5
v 4.8 0 1.5
v 5 0 1.5
v 5.3 0 1.5
v 5.4 0 1.5
v -5.5 0 1.4
v -5.4 0 1.4
v -5.1 0 1.4
v -5 0 1.4
v -4.8 0 1.4
v -4.7 0 1.4
v -3.4 0 1.4
v -3.2 0 1.4
v -3.1 0 1.4
v -2.9 0 1.4
v -2.6 0 1.4
v -2.5 0 1.4
v -1.5 0 1.4
v -1.4 0 1.4
v -1.1 0 1.4
v -0.9 0 1.4
v -0.8 0 1.4
v -0.6 0 1.4
v 0.7 0 1.4
v 0.8 0 1.4
v 1 0 1.4
v 1.1 0 1.4
v 1.4 0 1.4
v 1.5 0 1.4
v 2.5 0 1.4
v 2.6 0 1.4
v 2.9 0 1.4
v 3.1 0 1.4
v 3.2 0 1.4
v 3.4 0 1.4
v 4.7 0 1.4
v 4.8 0 1.4
v 5 0 1.4
v 5.1 0 1.4
v 5.4 0 1.4
v 5.5 0 1.4
v -5.6 0 1.3
v -5.5 0 1.3
v -5.2 0 1.3
v -5.1 0 1.3
v -5 0 1.3
v -4.8 0 1.3
v -3.2 0 1.3
v -3 0 1.3
v -2.9 0 1.3
v -2.8 0 1.3
v -2.5 0 1.3
v -2.4 0 1.3
v -1.6 0 1.3
v -1.5 0 1.3
v -1.2 0 1.3
v -1.1 0 1.3
v -1 0 1.3
v -0.8 0 1.3
v 0.8 0 1.3
v 1 0 1.3
v 1.1 0 1.3
v 1.2 0 1.3
v 1.5 0 1.3
v 1.6 0 1.3
v 2.4 0 1.3
v 2.5 0 1.3
v 2.8 0 1.3
v 2.9 0 1.3
v 3 0 1.3
v 3.2 0 1.3
v 4.8 0 1.3
v 5 0 1.3
v 5.1 0 1.3
v 5.2 0 1.3
v 5.5 0 1.3
v 5.6 0 1.3
v -5.3 0 1.2
v -5.2 0 1.2
v -5.1 0 1.2
v -5 0 1.2
v -4.9 0 1.2
v -3 0 1.2
v -2.9 0 1.2
v -2.8 0 1.2
v -2.7 0 1.2
v -1.3 0 1.2
v -1.2 0 1.2
v -1.1 0 1.2
v -1 0 1.2
v 0.9 0 1.2
v 1 0 1.2
v 1.1 0 1.2
v 1.2 0 1.2
v 1.3 0 1.2
v 2.7 0 1.2
v 2.8 0 1.2
v 2.9 0 1.2
v 3 0 1.2
v 4.9 0 1.2
v 5 0 1.2
v 5.1 0 1.2
v 5.2 0 1.2
v 5.3 0 1.2
v -5.7 0 1.1
v -5.6 0 1.1
v -5.4 0 1.1
v -5.3 0 1.1
v -5.2 0 1.1
v -5.1 0 1.1
v -5 0 1.1
v -4.9 0 1.1
v -4.8 0 1.1
v -3.9 0 1.1
v -3.8 0 1.1
v -3.7 0 1.1
v -2.9 0 1.1
v -2.8 0 1.1
v -2.7 0 1.1
v -2.6 0 1.1
v -2.4 0 1.1
v -2.3 0 1.1
v -1.7 0 1.1
v -1.6 0 1.1
v -1.4 0 1.1
v -1.3 0 1.1
v -1.2 0 1.1
v -1.1 0 1.1
v -0.3 0 1.1
v -0.2 0 1.1
v -0.0999999 0 1.1
v 0.8 0 1.1
v 0.9 0 1.1
v 1 0 1.1
v 1.1 0 1.1
v 1.2 0 1.1
v 1.3 0 1.1
v 1.4 0 1.1
v 1.6 0 1.1
v 1.7 0 1.1
v 2.3 0 1.1
v 2.4 0 1.1
v 2.6 0 1.1
v 2.7 0 1.1
v 2.8 0 1.1
v 2.9 0 1.1
v 3.7 0 1.1
v 3.8 0 1.1
v 3.9 0 1.1
v 4.8 0 1.1
v 4.9 0 1.1
v 5 0 1.1
v 5.1 0 1.1
v 5.2 0 1.1
v 5.3 0 1.1
v 5.4 0 1.1
v 5.6 0 1.1
v 5.7 0 1.1
v -5.8 0 1
v -5.7 0 1
v -5.3 0 1
v -5.2 0 1
v -2.8 0 1
v -2.7 0 1
v -2.3 0 1
v -2.2 0 1
v -1.8 0 1
v -1.7 0 1
v -1.3 0 1
v -1.2 0 1
v 1.2 0 1
v 1.3 0 1
v 1.7 0 1
v 1.8 0 1
v 2.2 0 1
v 2.3 0 1
v 2.7 0 1
v 2.8 0 1
v 5.2 0 1
v 5.3 0 1
v 5.7 0 1
v 5.8 0 1
v -5.5 0 0.9
v -5.4 0 0.9
v -4.9 0 0.9
v -4.8 0 0.9
v -4.7 0 0.9
v -2.6 0 0.9
v -2.5 0 0.9
v -1.5 0 0.9
v -1.4 0 0.9
v 0.7 0 0.9
v 0.8 0 0.9
v 0.9 0 0.9
v 1.4 0 0.9
v 1.5 0 0.9
v 2.5 0 0.9
v 2.6 0 0.9
v 4.7 0 0.9
v 4.8 0 0.9
v 4.9 0 0.9
v 5.4 0 0.9
v 5.5 0 0.9
v -5.9 0 0.8
v -5.8 0 0.8
v -5.4 0 0.8
v -5.3 0 0.8
v -4.8 0 0.8
v -4.7 0 0.8
v -4.6 0 0.8
v -2.2 0 0.8
v -2.1 0 0.8
v -1.9 0 0.8
v -1.8 0 0.8
v 0.6 0 0.8
v 0.7 0 0.8
v 0.8 0 0.8
v 1.3 0 0.8
v 1.4 0 0.8
v 1.8 0 0.8
v 1.9 0 0.8
v 2.1 0 0.8
v 2.2 0 0.8
v 4.6 0 0.8
v 4.7 0 0.8
v 4.8 0 0.8
v 5.3 0 0.8
v 5.4 0 0.8
v 5.8 0 0.8
v 5.9 0 0.8
v -5.6 0 0.7
v -5.5 0 0.7
v -4.7 0 0.7
v -4.6 0 0.7
v -4.3 0 0.7
v -2.9 0 0.7
v -2.7 0 0.7
v -2.5 0 0.7
v -2.4 0 0.7
v -1.6 0 0.7
v -1.5 0 0.7
v -1.3 0 0.7
v -1.1 0 0.7
v 0.3 0 0.7
v 0.6 0 0.7
v 0.7 0 0.7
v 1.5 0 0.7
v 1.6 0 0.7
v 2.4 0 0.7
v 2.5 0 0.7
v 2.7 0 0.7
v 2.9 0 0.7
v 4.3 0 0.7
v 4.6 0 0.7
v 4.7 0 0.7
v 5.5 0 0.7
v 5.6 0 0.7
v -5.5 0 0.6
v -5.4 0 0.6
v -4.6 0 0.6
v -4.3 0 0.6
v -4.1 0 0.6
v -3.8 0 0.6
v -3.7 0 0.6
v -3.1 0 0.6
v -2.9 0 0.6
v -2.7 0 0.6
v -1.3 0 0.6
v -1.1 0 0.6
v -0.9 0 0.6
v -0.3 0 0.6
v -0.2 0 0.6
v 0.1 0 0.6
v 0.3 0 0.6
v 0.6 0 0.6
v 1.4 0 0.6
v 1.5 0 0.6
v 2.7 0 0.6
v 2.9 0 0.6
v 3.1 0 0.6
v 3.7 0 0.6
v 3.8 0 0.6
v 4.1 0 0.6
v 4.3 0 0.6
v 4.6 0 0.6
v 5.4 0 0.6
v 5.5 0 0.6
v -5.7 0 0.5
v -5.6 0 0.5
v -4.3 0 0.5
v -4.1 0 0.5
v -3.2 0 0.5
v -3.1 0 0.5
v -2.9 0 0.5
v -2.4 0 0.5
v -2.3 0 0.5
v -1.7 0 0.5
v -1.6 0 0.5
v -1.1 0 0.5
v -0.9 0 0.5
v -0.8 0 0.5
v 0.1 0 0.5
v 0.3 0 0.5
v 1.6 0 0.5
v 1.7 0 0.5
v 2.3 0 0.5
v 2.4 0 0.5
v 2.9 0 0.5
v 3.1 0 0.5
v 3.2 0 0.5
v 4.1 0 0.5
v 4.3 0 0.5
v 5.6 0 0.5
v 5.7 0 0.5
v -6 0 0.4
v -5.9 0 0.4
v -3.4 0 0.4
v -3.2 0 0.4
v -3.1 0 0.4
v -2.5 0 0.4
v -2.4 0 0.4
v -2.1 0 0.4
v -1.9 0 0.4
v -1.6 0 0.4
v -1.5 0 0.4
v -0.9 0 0.4
v -0.8 0 0.4
v -0.6 0 0.4
v 1.9 0 0.4
v 2.1 0 0.4
v 2.4 0 0.4
v 2.5 0 0.4
v 3.1 0 0.4
v 3.2 0 0.4
v 3.4 0 0.4
v 5.9 0 0.4
v 6 0 0.4
v -5.6 0 0.3
v -5.5 0 0.3
v -4.5 0 0.3
v -4.2 0 0.3
v -3.5 0 0.3
v -3.4 0 0.3
v -3.2 0 0.3
v -0.8 0 0.3
v -0.6 0 0.3
v -0.5 0 0.3
v 0.2 0 0.3
v 0.5 0 0.3
v 1.5 0 0.3
v 1.6 0 0.3
v 3.2 0 0.3
v 3.4 0 0.3
v 3.5 0 0.3
v 4.2 0 0.3
v 4.5 0 0.3
v 5.5 0 0.3
v 5.6 0 0.3
v -4.9 0 0.2
v -4.5 0 0.2
v -4.2 0 0.2
v -3.5 0 0.2
v -3.4 0 0.2
v -0.6 0 0.2
v -0.5 0 0.2
v 0.2 0 0.2
v 0.5 0 0.2
v 0.9 0 0.2
v 3.4 0 0.2
v 3.5 0 0.2
v 4.2 0 0.2
v 4.5 0 0.2
v 4.9 0 0.2
v -5.1 0 0.0999999
v -4.9 0 0.0999999
v -4.5 0 0.0999999
v 0.5 0 0.0999999
v 0.9 0 0.0999999
v 1.1 0 0.0999999
v 4.5 0 0.0999999
v 4.9 0 0.0999999
v 5.1 0 0.0999999
v -5.2 0 0
v -5.1 0 0
v -4.9 0 0
v -3.7 0 0
v -3.6 0 0
v -0.4 0 0
v -0.3 0 0
v 0.9 0 0
v 1.1 0 0
v 1.2 0 0
v 3.6 0 0
v 3.7 0 0
v 4.9 0 0
v 5.1 0 0
v 5.2 0 0
v -5.3 0 -0.1
v -5.2 0 -0.1
v -5.1 0 -0.1
v -4.4 0 -0.1
v -4.3 0 -0.1
v -3.7 0 -0.1
v -3.6 0 -0.1
v -3.4 0 -0.1
v -0.6 0 -0.1
v -0.4 0 -0.1
v -0.3 0 -0.1
v 0.3 0 -0.1
v 0.4 0 -0.1
v 1.1 0 -0.1
v 1.2 0 -0.1
v 1.3 0 -0.1
v 3.4 0 -0.1
v 3.6 0 -0.1
v 3.7 0 -0.1
v 4.3 0 -0.1
v 4.4 0 -0.1
v 5.1 0 -0.1
v 5.2 0 -0.1
v 5.3 0 -0.1
v -5.4 0 -0.2
v -5.3 0 -0.2
v -5.2 0 -0.2
v -4.5 0 -0.2
v -4.4 0 -0.2
v -4.3 0 -0.2
v -3.6 0 -0.2
v -3.4 0 -0.2
v -3.3 0 -0.2
v -0.7 0 -0.2
v -0.6 0 -0.2
v -0.4 0 -0.2
v 0.3 0 -0.2
v 0.4 0 -0.2
v 0.5 0 -0.2
v 1.2 0 -0.2
v 1.3 0 -0.2
v 1.4 0 -0.2
v 3.3 0 -0.2
v 3.4 0 -0.2
v 3.6 0 -0.2
v 4.3 0 -0.2
v 4.4 0 -0.2
v 4.5 0 -0.2
v 5.2 0 -0.2
v 5.3 0 -0.2
v 5.4 0 -0.2
v -5.6 0 -0.3
v -5.4 0 -0.3
v -5.3 0 -0.3
v -3.4 0 -0.3
v -3.3 0 -0.3
v -3.2 0 -0.3
v -0.8 0 -0.3
v -0.7 0 -0.3
v -0.6 0 -0.3
v 1.3 0 -0.3
v 1.4 0 -0.3
v 1.6 0 -0.3
v 3.2 0 -0.3
v 3.3 0 -0.3
v 3.4 0 -0.3
v 5.3 0 -0.3
v 5.4 0 -0.3
v 5.6 0 -0.3
v -6 0 -0.4
v -5.9 0 -0.4
v -5.5 0 -0.4
v -5.4 0 -0.4
v -4.6 0 -0.4
v -4.5 0 -0.4
v -4.4 0 -0.4
v -2.1 0 -0.4
v -1.9 0 -0.4
v 0.4 0 -0.4
v 0.5 0 -0.4
v 0.6 0 -0.4
v 1.4 0 -0.4
v 1.5 0 -0.4
v 1.9 0 -0.4
v 2.1 0 -0.4
v 4.4 0 -0.4
v 4.5 0 -0.4
v 4.6 0 -0.4
v 5.4 0 -0.4
v 5.5 0 -0.4
v 5.9 0 -0.4
v 6 0 -0.4
v -5.7 0 -0.5
v -5.6 0 -0.5
v -3.3 0 -0.5
v -3.2 0 -0.5
v -3.1 0 -0.5
v -2.5 0 -0.5
v -2.4 0 -0.5
v -2.3 0 -0.5
v -1.7 0 -0.5
v -1.6 0 -0.5
v -1.5 0 -0.5
v -0.9 0 -0.5
v -0.8 0 -0.5
v -0.7 0 -0.5
v 1.6 0 -0.5
v 1.7 0 -0.5
v 2.3 0 -0.5
v 2.4 0 -0.5
v 2.5 0 -0.5
v 3.1 0 -0.5
v 3.2 0 -0.5
v 3.3 0 -0.5
v 5.6 0 -0.5
v 5.7 0 -0.5
v -5.5 0 -0.6
v -5.4 0 -0.6
v -4.7 0 -0.6
v -4.6 0 -0.6
v -4.5 0 -0.6
v -3.2 0 -0.6
v -3.1 0 -0.6
v -3 0 -0.6
v -1 0 -0.6
v -0.9 0 -0.6
v -0.8 0 -0.6
v 0.5 0 -0.6
v 0.6 0 -0.6
v 0.7 0 -0.6
v 1.4 0 -0.6
v 1.5 0 -0.6
v 3 0 -0.6
v 3.1 0 -0.6
v 3.2 0 -0.6
v 4.5 0 -0.6
v 4.6 0 -0.6
v 4.7 0 -0.6
v 5.4 0 -0.6
v 5.5 0 -0.6
v -5.6 0 -0.7
v -5.5 0 -0.7
v -3.1 0 -0.7
v -3 0 -0.7
v -2.9 0 -0.7
v -2.5 0 -0.7
v -2.4 0 -0.7
v -1.6 0 -0.7
v -1.5 0 -0.7
v -1.1 0 -0.7
v -1 0 -0.7
v -0.9 0 -0.7
v 1.5 0 -0.7
v 1.6 0 -0.7
v 2.4 0 -0.7
v 2.5 0 -0.7
v 2.9 0 -0.7
v 3 0 -0.7
v 3.1 0 -0.7
v 5.5 0 -0.7
v 5.6 0 -0.7
v -5.9 0 -0.8
v -5.8 0 -0.8
v -5.4 0 -0.8
v -5.3 0 -0.8
v -4.8 0 -0.8
v -4.7 0 -0.8
v -4.6 0 -0.8
v -2.6 0 -0.8
v -2.5 0 -0.8
v -2.2 0 -0.8
v -2.1 0 -0.8
v -1.9 0 -0.8
v -1.8 0 -0.8
v -1.5 0 -0.8
v -1.4 0 -0.8
v 0.6 0 -0.8
v 0.7 0 -0.8
v 0.8 0 -0.8
v 1.3 0 -0.8
v 1.4 0 -0.8
v 1.8 0 -0.8
v 1.9 0 -0.8
v 2.1 0 -0.8
v 2.2 0 -0.8
v 2.5 0 -0.8
v 2.6 0 -0.8
v 4.6 0 -0.8
v 4.7 0 -0.8
v 4.8 0 -0.8
v 5.3 0 -0.8
v 5.4 0 -0.8
v 5.8 0 -0.8
v 5.9 0 -0.8
v -5.5 0 -0.9
v -5.4 0 -0.9
v -5.3 0 -0.9
v -5.2 0 -0.9
v -3 0 -0.9
v -2.9 0 -0.9
v -2.8 0 -0.9
v -2.6 0 -0.9
v -2.5 0 -0.9
v -1.5 0 -0.9
v -1.4 0 -0.9
v -1.2 0 -0.9
v -1.1 0 -0.9
v -1 0 -0.9
v 1.2 0 -0.9
v 1.3 0 -0.9
v 1.4 0 -0.9
v 1.5 0 -0.9
v 2.5 0 -0.9
v 2.6 0 -0.9
v 2.8 0 -0.9
v 2.9 0 -0.9
v 3 0 -0.9
v 5.2 0 -0.9
v 5.3 0 -0.9
v 5.4 0 -0.9
v 5.5 0 -0.9
v -5.8 0 -1
v -5.7 0 -1
v -5.2 0 -1
v -5.1 0 -1
v -4.9 0 -1
v -4.8 0 -1
v -4.7 0 -1
v -2.9 0 -1
v -2.8 0 -1
v -2.6 0 -1
v -2.3 0 -1
v -2.2 0 -1
v -1.8 0 -1
v -1.7 0 -1
v -1.4 0 -1
v -1.2 0 -1
v -1.1 0 -1
v 0.7 0 -1
v 0.8 0 -1
v 0.9 0 -1
v 1.1 0 -1
v 1.2 0 -1
v 1.7 0 -1
v 1.8 0 -1
v 2.2 0 -1
v 2.3 0 -1
v 2.6 0 -1
v 2.8 0 -1
v 2.9 0 -1
v 4.7 0 -1
v 4.8 0 -1
v 4.9 0 -1
v 5.1 0 -1
v 5.2 0 -1
v 5.7 0 -1
v 5.8 0 -1
v -5.7 0 -1.1
v -5.6 0 -1.1
v -5.4 0 -1.1
v -5.3 0 -1.1
v -5.1 0 -1.1
v -5 0 -1.1
v -2.9 0 -1.1
v -2.8 0 -1.1
v -2.7 0 -1.1
v -2.6 0 -1.1
v -2.4 0 -1.1
v -2.3 0 -1.1
v -1.7 0 -1.1
v -1.6 0 -1.1
v -1.4 0 -1.1
v -1.3 0 -1.1
v -1.2 0 -1.1
v -1.1 0 -1.1
v 1 0 -1.1
v 1.1 0 -1.1
v 1.3 0 -1.1
v 1.4 0 -1.1
v 1.6 0 -1.1
v 1.7 0 -1.1
v 2.3 0 -1.1
v 2.4 0 -1.1
v 2.6 0 -1.1
v 2.7 0 -1.1
v 2.8 0 -1.1
v 2.9 0 -1.1
v 5 0 -1.1
v 5.1 0 -1.1
v 5.3 0 -1.1
v 5.4 0 -1.1
v 5.6 0 -1.1
v 5.7 0 -1.1
v -5.3 0 -1.2
v -5.2 0 -1.2
v -2.8 0 -1.2
v -2.7 0 -1.2
v -1.3 0 -1.2
v -1.2 0 -1.2
v 1.2 0 -1.2
v 1.3 0 -1.2
v 2.7 0 -1.2
v 2.8 0 -1.2
v 5.2 0 -1.2
v 5.3 0 -1.2
v -5.6 0 -1.3
v -5.5 0 -1.3
v -5.2 0 -1.3
v -5.1 0 -1.3
v -5 0 -1.3
v -4.9 0 -1.3
v -4.8 0 -1.3
v -4.7 0 -1.3
v -3.1 0 -1.3
v -2.9 0 -1.3
v -2.8 0 -1.3
v -2.5 0 -1.3
v -2.4 0 -1.3
v -1.6 0 -1.3
v -1.5 0 -1.3
v -1.2 0 -1.3
v -1.1 0 -1.3
v -0.9 0 -1.3
v 0.7 0 -1.3
v 0.8 0 -1.3
v 0.9 0 -1.3
v 1 0 -1.3
v 1.1 0 -1.3
v 1.2 0 -1.3
v 1.5 0 -1.3
v 1.6 0 -1.3
v 2.4 0 -1.3
v 2.5 0 -1.3
v 2.8 0 -1.3
v 2.9 0 -1.3
v 3.1 0 -1.3
v 4.7 0 -1.3
v 4.8 0 -1.3
v 4.9 0 -1.3
v 5 0 -1.3
v 5.1 0 -1.3
v 5.2 0 -1.3
v 5.5 0 -1.3
v 5.6 0 -1.3
v -5.5 0 -1.4
v -5.4 0 -1.4
v -5.1 0 -1.4
v -4.9 0 -1.4
v -4.7 0 -1.4
v -4.6 0 -1.4
v -3.4 0 -1.4
v -3.1 0 -1.4
v -2.9 0 -1.4
v -2.6 0 -1.4
v -2.5 0 -1.4
v -1.5 0 -1.4
v -1.4 0 -1.4
v -1.1 0 -1.4
v -0.9 0 -1.4
v -0.6 0 -1.4
v 0.6 0 -1.4
v 0.7 0 -1.4
v 0.9 0 -1.4
v 1.1 0 -1.4
v 1.4 0 -1.4
v 1.5 0 -1.4
v 2.5 0 -1.4
v 2.6 0 -1.4
v 2.9 0 -1.4
v 3.1 0 -1.4
v 3.4 0 -1.4
v 4.6 0 -1.4
v 4.7 0 -1.4
v 4.9 0 -1.4
v 5.1 0 -1.4
v 5.4 0 -1.4
v 5.5 0 -1.4
v -5.4 0 -1.5
v -5.3 0 -1.5
v -4.9 0 -1.5
v -4.7 0 -1.5
v -4.6 0 -1.5
v -4.3 0 -1.5
v -3.6 0 -1.5
v -3.4 0 -1.5
v -3.3 0 -1.5
v -3.1 0 -1.5
v -2.7 0 -1.5
v -2.6 0 -1.5
v -1.4 0 -1.5
v -1.3 0 -1.5
v -0.9 0 -1.5
v -0.7 0 -1.5
v -0.6 0 -1.5
v -0.4 0 -1.5
v 0.3 0 -1.5
v 0.6 0 -1.5
v 0.7 0 -1.5
v 0.9 0 -1.5
v 1.3 0 -1.5
v 1.4 0 -1.5
v 2.6 0 -1.5
v 2.7 0 -1.5
v 3.1 0 -1.5
v 3.3 0 -1.5
v 3.4 0 -1.5
v 3.6 0 -1.5
v 4.3 0 -1.5
v 4.6 0 -1.5
v 4.7 0 -1.5
v 4.9 0 -1.5
v 5.3 0 -1.5
v 5.4 0 -1.5
v -5.3 0 -1.6
v -5.1 0 -1.6
v -4.7 0 -1.6
v -4.5 0 -1.6
v -4.3 0 -1.6
v -3.6 0 -1.6
v -3.5 0 -1.6
v -3.3 0 -1.6
v -2.9 0 -1.6
v -2.7 0 -1.6
v -1.3 0 -1.6
v -1.1 0 -1.6
v -0.7 0 -1.6
v -0.5 0 -1.6
v -0.4 0 -1.6
v 0.3 0 -1.6
v 0.5 0 -1.6
v 0.7 0 -1.6
v 1.1 0 -1.6
v 1.3 0 -1.6
v 2.7 0 -1.6
v 2.9 0 -1.6
v 3.3 0 -1.6
v 3.5 0 -1.6
v 3.6 0 -1.6
v 4.3 0 -1.6
v 4.5 0 -1.6
v 4.7 0 -1.6
v 5.1 0 -1.6
v 5.3 0 -1.6
v -5.1 0 -1.7
v -5 0 -1.7
v -4.5 0 -1.7
v -3.5 0 -1.7
v -3 0 -1.7
v -2.9 0 -1.7
v -1.1 0 -1.7
v -1 0 -1.7
v -0.5 0 -1.7
v 0.5 0 -1.7
v 1 0 -1.7
v 1.1 0 -1.7
v 2.9 0 -1.7
v 3 0 -1.7
v 3.5 0 -1.7
v 4.5 0 -1.7
v 5 0 -1.7
v 5.1 0 -1.7
v -5 0 -1.8
v -4.8 0 -1.8
v -3.2 0 -1.8
v -3 0 -1.8
v -1 0 -1.8
v -0.8 0 -1.8
v 0.8 0 -1.8
v 1 0 -1.8
v 3 0 -1.8
v 3.2 0 -1.8
v 4.8 0 -1.8
v 5 0 -1.8
v -4.8 0 -1.9
v -4.4 0 -1.9
v -3.6 0 -1.9
v -3.2 0 -1.9
v -0.8 0 -1.9
v -0.4 0 -1.9
v 0.4 0 -1.9
v 0.8 0 -1.9
v 3.2 0 -1.9
v 3.6 0 -1.9
v 4.4 0 -1.9
v 4.8 0 -1.9
v -4.8 0 -2.1
v -4.4 0 -2.1
v -3.6 0 -2.1
v -3.2 0 -2.1
v -0.8 0 -2.1
v -0.4 0 -2.1
v 0.4 0 -2.1
v 0.8 0 -2.1
v 3.2 0 -2.1
v 3.6 0 -2.1
v 4.4 0 -2.1
v 4.8 0 -2.1
v -5 0 -2.2
v -4.8 0 -2.2
v -3.2 0 -2.2
v -3 0 -2.2
v -1 0 -2.2
v -0.8 0 -2.2
v 0.8 0 -2.2
v 1 0 -2.2
v 3 0 -2.2
v 3.2 0 -2.2
v 4.8 0 -2.2
v 5 0 -2.2
v -5.1 0 -2.3
v -5 0 -2.3
v -4.5 0 -2.3
v -3.5 0 -2.3
v -3 0 -2.3
v -2.9 0 -2.3
v -1.1 0 -2.3
v -1 0 -2.3
v -0.5 0 -2.3
v 0.5 0 -2.3
v 1 0 -2.3
v 1.1 0 -2.3
v 2.9 0 -2.3
v 3 0 -2.3
v 3.5 0 -2.3
v 4.5 0 -2.3
v 5 0 -2.3
v 5.1 0 -2.3
v -5.3 0 -2.4
v -5.1 0 -2.4
v -4.7 0 -2.4
v -4.5 0 -2.4
v -4.3 0 -2.4
v -3.6 0 -2.4
v -3.5 0 -2.4
v -3.3 0 -2.4
v -2.9 0 -2.4
v -2.7 0 -2.4
v -1.3 0 -2.4
v -1.1 0 -2.4
v -0.7 0 -2.4
v -0.5 0 -2.4
v -0.4 0 -2.4
v 0.3 0 -2.4
v 0.5 0 -2.4
v 0.7 0 -2.4
v 1.1 0 -2.4
v 1.3 0 -2.4
v 2.7 0 -2.4
v 2.9 0 -2.4
v 3.3 0 -2.4
v 3.5 0 -2.4
v 3.6 0 -2.4
v 4.3 0 -2.4
v 4.5 0 -2.4
v 4.7 0 -2.4
v 5.1 0 -2.4
v 5.3 0 -2.4
v -5.4 0 -2.5
v -5.3 0 -2.5
v -4.9 0 -2.5
v -4.7 0 -2.5
v -4.6 0 -2.5
v -4.3 0 -2.5
v -3.6 0 -2.5
v -3.4 0 -2.5
v -3.3 0 -2.5
v -3.1 0 -2.5
v -2.7 0 -2.5
v -2.6 0 -2.5
v -1.4 0 -2.5
v -1.3 0 -2.5
v -0.9 0 -2.5
v -0.7 0 -2.5
v -0.6 0 -2.5
v -0.4 0 -2.5
v 0.3 0 -2.5
v 0.6 0 -2.5
v 0.7 0 -2.5
v 0.9 0 -2.5
v 1.3 0 -2.5
v 1.4 0 -2.5
v 2.6 0 -2.5
v 2.7 0 -2.5
v 3.1 0 -2.5
v 3.3 0 -2.5
v 3.4 0 -2.5
v 3.6 0 -2.5
v 4.3 0 -2.5
v 4.6 0 -2.5
v 4.7 0 -2.5
v 4.9 0 -2.5
v 5.3 0 -2.5
v 5.4 0 -2.5
v -5.5 0 -2.6
v -5.4 0 -2.6
v -5.1 0 -2.6
v -4.9 0 -2.6
v -4.7 0 -2.6
v -4.6 0 -2.6
v -3.4 0 -2.6
v -3.1 0 -2.6
v -2.9 0 -2.6
v -2.6 0 -2.6
v -2.5 0 -2.6
v -1.5 0 -2.6
v -1.4 0 -2.6
v -1.1 0 -2.6
v -0.9 0 -2.6
v -0.6 0 -2.6
v 0.6 0 -2.6
v 0.7 0 -2.6
v 0.9 0 -2.6
v 1.1 0 -2.6
v 1.4 0 -2.6
v 1.5 0 -2.6
v 2.5 0 -2.6
v 2.6 0 -2.6
v 2.9 0 -2.6
v 3.1 0 -2.6
v 3.4 0 -2.6
v 4.6 0 -2.6
v 4.7 0 -2.6
v 4.9 0 -2.6
v 5.1 0 -2.6
v 5.4 0 -2.6
v 5.5 0 -2.6
v -5.6 0 -2.7
v -5.5 0 -2.7
v -5.2 0 -2.7
v -5.1 0 -2.7
v -5 0 -2.7
v -4.9 0 -2.7
v -4.8 0 -2.7
v -4.7 0 -2.7
v -3.1 0 -2.7
v -2.9 0 -2.7
v -2.8 0 -2.7
v -2.5 0 -2.7
v -2.4 0 -2.7
v -1.6 0 -2.7
v -1.5 0 -2.7
v -1.2 0 -2.7
v -1.1 0 -2.7
v -0.9 0 -2.7
v 0.7 0 -2.7
v 0.8 0 -2.7
v 0.9 0 -2.7
v 1 0 -2.7
v 1.1 0 -2.7
v 1.2 0 -2.7
v 1.5 0 -2.7
v 1.6 0 -2.7
v 2.4 0 -2.7
v 2.5 0 -2.7
v 2.8 0 -2.7
v 2.9 0 -2.7
v 3.1 0 -2.7
v 4.7 0 -2.7
v 4.8 0 -2.7
v 4.9 0 -2.7
v 5 0 -2.7
v 5.1 0 -2.7
v 5.2 0 -2.7
v 5.5 0 -2.7
v 5.6 0 -2.7
v -5.3 0 -2.8
v -5.2 0 -2.8
v -2.8 0 -2.8
v -2.7 0 -2.8
v -1.3 0 -2.8
v -1.2 0 -2.8
v 1.2 0 -2.8
v 1.3 0 -2.8
v 2.7 0 -2.8
v 2.8 0 -2.8
v 5.2 0 -2.8
v 5.3 0 -2.8
v -5.7 0 -2.9
v -5.6 0 -2.9
v -5.4 0 -2.9
v -5.3 0 -2.9
v -5.1 0 -2.9
v -5 0 -2.9
v -2.9 0 -2.9
v -2.8 0 -2.9
v -2.7 0 -2.9
v -2.6 0 -2.9
v -2.4 0 -2.9
v -2.3 0 -2.9
v -1.7 0 -2.9
v -1.6 0 -2.9
v -1.4 0 -2.9
v -1.3 0 -2.9
v -1.2 0 -2.9
v -1.1 0 -2.9
v 1 0 -2.9
v 1.1 0 -2.9
v 1.3 0 -2.9
v 1.4 0 -2.9
v 1.6 0 -2.9
v 1.7 0 -2.9
v 2.3 0 -2.9
v 2.4 0 -2.9
v 2.6 0 -2.9
v 2.7 0 -2.9
v 2.8 0 -2.9
v 2.9 0 -2.9
v 5 0 -2.9
v 5.1 0 -2.9
v 5.3 0 -2.9
v 5.4 0 -2.9
v 5.6 0 -2.9
v 5.7 0 -2.9
v -5.8 0 -3
v -5.7 0 -3
v -5.2 0 -3
v -5.1 0 -3
v -4.9 0 -3
v -4.8 0 -3
v -4.7 0 -3
v -2.9 0 -3
v -2.8 0 -3
v -2.6 0 -3
v -2.3 0 -3
v -2.2 0 -3
v -1.8 0 -3
v -1.7 0 -3
v -1.4 0 -3
v -1.2 0 -3
v -1.1 0 -3
v 0.7 0 -3
v 0.8 0 -3
v 0.9 0 -3
v 1.1 0 -3
v 1.2 0 -3
v 1.7 0 -3
v 1.8 0 -3
v 2.2 0 -3
v 2.3 0 -3
v 2.6 0 -3
v 2.8 0 -3
v 2.9 0 -3
v 4.7 0 -3
v 4.8 0 -3
v 4.9 0 -3
v 5.1 0 -3
v 5.2 0 -3
v 5.7 0 -3
v 5.8 0 -3
v -5.5 0 -3.1
v -5.4 0 -3.1
v -5.3 0 -3.1
v -5.2 0 -3.1
v -3 0 -3.1
v -2.9 0 -3.1
v -2.8 0 -3.1
v -2.6 0 -3.1
v -2.5 0 -3.1
v -1.5 0 -3.1
v -1.4 0 -3.1
v -1.2 0 -3.1
v -1.1 0 -3.1
v -1 0 -3.1
v 1.2 0 -3.1
v 1.3 0 -3.1
v 1.4 0 -3.1
v 1.5 0 -3.1
v 2.5 0 -3.1
v 2.6 0 -3.1
v 2.8 0 -3.1
v 2.9 0 -3.1
v 3 0 -3.1
v 5.2 0 -3.1
v 5.3 0 -3.1
v 5.4 0 -3.1
v 5.5 0 -3.1
v -5.9 0 -3.2
v -5.8 0 -3.2
v -5.4 0 -3.2
v -5.3 0 -3.2
v -4.8 0 -3.2
v -4.7 0 -3.2
v -4.6 0 -3.2
v -2.6 0 -3.2
v -2.5 0 -3.2
v -2.2 0 -3.2
v -2.1 0 -3.2
v -1.9 0 -3.2
v -1.8 0 -3.2
v -1.5 0 -3.2
v -1.4 0 -3.2
v 0.6 0 -3.2
v 0.7 0 -3.2
v 0.8 0 -3.2
v 1.3 0 -3.2
v 1.4 0 -3.2
v 1.8 0 -3.2
v 1.9 0 -3.2
v 2.1 0 -3.2
v 2.2 0 -3.2
v 2.5 0 -3.2
v 2.6 0 -3.2
v 4.6 0 -3.2
v 4.7 0 -3.2
v 4.8 0 -3.2
v 5.3 0 -3.2
v 5.4 0 -3.2
v 5.8 0 -3.2
v 5.9 0 -3.2
v -5.6 0 -3.3
v -5.5 0 -3.3
v -3.1 0 -3.3
v -3 0 -3.3
v -2.9 0 -3.3
v -2.5 0 -3.3
v -2.4 0 -3.3
v -1.6 0 -3.3
v -1.5 0 -3.3
v -1.1 0 -3.3
v -1 0 -3.3
v -0.9 0 -3.3
v 1.5 0 -3.3
v 1.6 0 -3.3
v 2.4 0 -3.3
v 2.5 0 -3.3
v 2.9 0 -3.3
v 3 0 -3.3
v 3.1 0 -3.3
v 5.5 0 -3.3
v 5.6 0 -3.3
v -5.5 0 -3.4
v -5.4 0 -3.4
v -4.7 0 -3.4
v -4.6 0 -3.4
v -4.5 0 -3.4
v -3.2 0 -3.4
v -3.1 0 -3.4
v -3 0 -3.4
v -1 0 -3.4
v -0.9 0 -3.4
v -0.8 0 -3.4
v 0.5 0 -3.4
v 0.6 0 -3.4
v 0.7 0 -3.4
v 1.4 0 -3.4
v 1.5 0 -3.4
v 3 0 -3.4
v 3.1 0 -3.4
v 3.2 0 -3.4
v 4.5 0 -3.4
v 4.6 0 -3.4
v 4.7 0 -3.4
v 5.4 0 -3.4
v 5.5 0 -3.4
v -5.7 0 -3.5
v -5.6 0 -3.5
v -3.3 0 -3.5
v -3.2 0 -3.5
v -3.1 0 -3.5
v -2.5 0 -3.5
v -2.4 0 -3.5
v -2.3 0 -3.5
v -1.7 0 -3.5
v -1.6 0 -3.5
v -1.5 0 -3.5
v -0.9 0 -3.5
v -0.8 0 -3.5
v -0.7 0 -3.5
v 1.6 0 -3.5
v 1.7 0 -3.5
v 2.3 0 -3.5
v 2.4 0 -3.5
v 2.5 0 -3.5
v 3.1 0 -3.5
v 3.2 0 -3.5
v 3.3 0 -3.5
v 5.6 0 -3.5
v 5.7 0 -3.5
v -6 0 -3.6
v -5.9 0 -3.6
v -5.5 0 -3.6
v -5.4 0 -3.6
v -4.6 0 -3.6
v -4.5 0 -3.6
v -4.4 0 -3.6
v -2.1 0 -3.6
v -1.9 0 -3.6
v 0.4 0 -3.6
v 0.5 0 -3.6
v 0.6 0 -3.6
v 1.4 0 -3.6
v 1.5 0 -3.6
v 1.9 0 -3.6
v 2.1 0 -3.6
v 4.4 0 -3.6
v 4.5 0 -3.6
v 4.6 0 -3.6
v 5.4 0 -3.6
v 5.5 0 -3.6
v 5.9 0 -3.6
v 6 0 -3.6
v -5.6 0 -3.7
v -5.4 0 -3.7
v -5.3 0 -3.7
v -3.4 0 -3.7
v -3.3 0 -3.7
v -3.2 0 -3.7
v -0.8 0 -3.7
v -0.7 0 -3.7
v -0.6 0 -3.7
v 1.3 0 -3.7
v 1.4 0 -3.7
v 1.6 0 -3.7
v 3.2 0 -3.7
v 3.3 0 -3.7
v 3.4 0 -3.7
v 5.3 0 -3.7
v 5.4 0 -3.7
v 5.6 0 -3.7
v -5.4 0 -3.8
v -5.3 0 -3.8
v -5.2 0 -3.8
v -4.5 0 -3.8
v -4.4 0 -3.8
v -4.3 0 -3.8
v -3.6 0 -3.8
v -3.4 0 -3.8
v -3.3 0 -3.8
v -0.7 0 -3.8
v -0.6 0 -3.8
v -0.4 0 -3.8
v 0.3 0 -3.8
v 0.4 0 -3.8
v 0.5 0 -3.8
v 1.2 0 -3.8
v 1.3 0 -3.8
v 1.4 0 -3.8
v 3.3 0 -3.8
v 3.4 0 -3.8
v 3.6 0 -3.8
v 4.3 0 -3.8
v 4.4 0 -3.8
v 4.5 0 -3.8
v 5.2 0 -3.8
v 5.3 0 -3.8
v 5.4 0 -3.8
v -5.3 0 -3.9
v -5.2 0 -3.9
v -5.1 0 -3.9
v -4.4 0 -3.9
v -4.3 0 -3.9
v -3.7 0 -3.9
v -3.6 0 -3.9
v -3.4 0 -3.9
v -0.6 0 -3.9
v -0.4 0 -3.9
v -0.3 0 -3.9
v 0.3 0 -3.9
v 0.4 0 -3.9
v 1.1 0 -3.9
v 1.2 0 -3.9
v 1.3 0 -3.9
v 3.4 0 -3.9
v 3.6 0 -3.9
v 3.7 0 -3.9
v 4.3 0 -3.9
v 4.4 0 -3.9
v 5.1 0 -3.9
v 5.2 0 -3.9
v 5.3 0 -3.9
v -5.2 0 -4
v -5.1 0 -4
v -4.9 0 -4
v -3.7 0 -4
v -3.6 0 -4
v -0.4 0 -4
v -0.3 0 -4
v 0.9 0 -4
v 1.1 0 -4
v 1.2 0 -4
v 3.6 0 -4
v 3.7 0 -4
v 4.9 0 -4
v 5.1 0 -4
v 5.2 0 -4
v -5.1 0 -4.1
v -4.9 0 -4.1
v -4.5 0 -4.1
v 0.5 0 -4.1
v 0.9 0 -4.1
v 1.1 0 -4.1
v 4.5 0 -4.1
v 4.9 0 -4.1
v 5.1 0 -4.1
v -4.9 0 -4.2
v -4.5 0 -4.2
v -4.2 0 -4.2
v -3.5 0 -4.2
v -3.4 0 -4.2
v -0.6 0 -4.2
v -0.5 0 -4.2
v 0.2 0 -4.2
v 0.5 0 -4.2
v 0.9 0 -4.2
v 3.4 0 -4.2
v 3.5 0 -4.2
v 4.2 0 -4.2
v 4.5 0 -4.2
v 4.9 0 -4.2
v -5.6 0 -4.3
v -5.5 0 -4.3
v -4.5 0 -4.3
v -4.2 0 -4.3
v -3.5 0 -4.3
v -3.4 0 -4.3
v -3.2 0 -4.3
v -0.8 0 -4.3
v -0.6 0 -4.3
v -0.5 0 -4.3
v 0.2 0 -4.3
v 0.5 0 -4.3
v 1.5 0 -4.3
v 1.6 0 -4.3
v 3.2 0 -4.3
v 3.4 0 -4.3
v 3.5 0 -4.3
v 4.2 0 -4.3
v 4.5 0 -4.3
v 5.5 0 -4.3
v 5.6 0 -4.3
v -6 0 -4.4
v -5.9 0 -4.4
v -3.4 0 -4.4
v -3.2 0 -4.4
v -3.1 0 -4.4
v -2.5 0 -4.4
v -2.4 0 -4.4
v -2.1 0 -4.4
v -1.9 0 -4.4
v -1.6 0 -4.4
v -1.5 0 -4.4
v -0.9 0 -4.4
v -0.8 0 -4.4
v -0.6 0 -4.4
v 1.9 0 -4.4
v 2.1 0 -4.4
v 2.4 0 -4.4
v 2.5 0 -4.4
v 3.1 0 -4.4
v 3.2 0 -4.4
v 3.4 0 -4.4
v 5.9 0 -4.4
v 6 0 -4.4
v -5.7 0 -4.5
v -5.6 0 -4.5
v -4.3 0 -4.5
v -4.1 0 -4.5
v -3.2 0 -4.5
v -3.1 0 -4.5
v -2.9 0 -4.5
v -2.4 0 -4.5
v -2.3 0 -4.5
v -1.7 0 -4.5
v -1.6 0 -4.5
v -1.1 0 -4.5
v -0.9 0 -4.5
v -0.8 0 -4.5
v 0.1 0 -4.5
v 0.3 0 -4.5
v 1.6 0 -4.5
v 1.7 0 -4.5
v 2.3 0 -4.5
v 2.4 0 -4.5
v 2.9 0 -4.5
v 3.1 0 -4.5
v 3.2 0 -4.5
v 4.1 0 -4.5
v 4.3 0 -4.5
v 5.6 0 -4.5
v 5.7 0 -4.5
v -5.5 0 -4.6
v -5.4 0 -4.6
v -4.6 0 -4.6
v -4.3 0 -4.6
v -4.1 0 -4.6
v -3.8 0 -4.6
v -3.7 0 -4.6
v -3.1 0 -4.6
v -2.9 0 -4.6
v -2.7 0 -4.6
v -1.3 0 -4.6
v -1.1 0 -4.6
v -0.9 0 -4.6
v -0.3 0 -4.6
v -0.2 0 -4.6
v 0.1 0 -4.6
v 0.3 0 -4.6
v 0.6 0 -4.6
v 1.4 0 -4.6
v 1.5 0 -4.6
v 2.7 0 -4.6
v 2.9 0 -4.6
v 3.1 0 -4.6
v 3.7 0 -4.6
v 3.8 0 -4.6
v 4.1 0 -4.6
v 4.3 0 -4.6
v 4.6 0 -4.6
v 5.4 0 -4.6
v 5.5 0 -4.6
v -5.6 0 -4.7
v -5.5 0 -4.7
v -4.7 0 -4.7
v -4.6 0 -4.7
v -4.3 0 -4.7
v -2.9 0 -4.7
v -2.7 0 -4.7
v -2.5 0 -4.7
v -2.4 0 -4.7
v -1.6 0 -4.7
v -1.5 0 -4.7
v -1.3 0 -4.7
v -1.1 0 -4.7
v 0.3 0 -4.7
v 0.6 0 -4.7
v 0.7 0 -4.7
v 1.5 0 -4.7
v 1.6 0 -4.7
v 2.4 0 -4.7
v 2.5 0 -4.7
v 2.7 0 -4.7
v 2.9 0 -4.7
v 4.3 0 -4.7
v 4.6 0 -4.7
v 4.7 0 -4.7
v 5.5 0 -4.7
v 5.6 0 -4.7
v -5.9 0 -4.8
v -5.8 0 -4.8
v -5.4 0 -4.8
v -5.3 0 -4.8
v -4.8 0 -4.8
v -4.7 0 -4.8
v -4.6 0 -4.8
v -2.2 0 -4.8
v -2.1 0 -4.8
v -1.9 0 -4.8
v -1.8 0 -4.8
v 0.6 0 -4.8
v 0.7 0 -4.8
v 0.8 0 -4.8
v 1.3 0 -4.8
v 1.4 0 -4.8
v 1.8 0 -4.8
v 1.9 0 -4.8
v 2.1 0 -4.8
v 2.2 0 -4.8
v 4.6 0 -4.8
v 4.7 0 -4.8
v 4.8 0 -4.8
v 5.3 0 -4.8
v 5.4 0 -4.8
v 5.8 0 -4.8
v 5.9 0 -4.8
v -5.5 0 -4.9
v -5.4 0 -4.9
v -4.9 0 -4.9
v -4.8 0 -4.9
v -4.7 0 -4.9
v -2.6 0 -4.9
v -2.5 0 -4.9
v -1.5 0 -4.9
v -1.4 0 -4.9
v 0.7 0 -4.9
v 0.8 0 -4.9
v 0.9 0 -4.9
v 1.4 0 -4.9
v 1.5 0 -4.9
v 2.5 0 -4.9
v 2.6 0 -4.9
v 4.7 0 -4.9
v 4.8 0 -4.9
v 4.9 0 -4.9
v 5.4 0 -4.9
v 5.5 0 -4.9
v -5.8 0 -5
v -5.7 0 -5
v -5.3 0 -5
v -5.2 0 -5
v -2.8 0 -5
v -2.7 0 -5
v -2.3 0 -5
v -2.2 0 -5
v -1.8 0 -5
v -1.7 0 -5
v -1.3 0 -5
v -1.2 0 -5
v 1.2 0 -5
v 1.3 0 -5
v 1.7 0 -5
v 1.8 0 -5
v 2.2 0 -5
v 2.3 0 -5
v 2.7 0 -5
v 2.8 0 -5
v 5.2 0 -5
v 5.3 0 -5
v 5.7 0 -5
v 5.8 0 -5
v -5.7 0 -5.1
v -5.6 0 -5.1
v -5.4 0 -5.1
v -5.3 0 -5.1
v -5.2 0 -5.1
v -5.1 0 -5.1
v -5 0 -5.1
v -4.9 0 -5.1
v -4.8 0 -5.1
v -3.9 0 -5.1
v -3.8 0 -5.1
v -3.7 0 -5.1
v -2.9 0 -5.1
v -2.8 0 -5.1
v -2.7 0 -5.1
v -2.6 0 -5.1
v -2.4 0 -5.1
v -2.3 0 -5.1
v -1.7 0 -5.1
v -1.6 0 -5.1
v -1.4 0 -5.1
v -1.3 0 -5.1
v -1.2 0 -5.1
v -1.1 0 -5.1
v -0.3 0 -5.1
v -0.2 0 -5.1
v -0.0999999 0 -5.1
v 0.8 0 -5.1
v 0.9 0 -5.1
v 1 0 -5.1
v 1.1 0 -5.1
v 1.2 0 -5.1
v 1.3 0 -5.1
v 1.4 0 -5.1
v 1.6 0 -5.1
v 1.7 0 -5.1
v 2.3 0 -5.1
v 2.4 0 -5.1
v 2.6 0 -5.1
v 2.7 0 -5.1
v 2.8 0 -5.1
v 2.9 0 -5.1
v 3.7 0 -5.1
v 3.8 0 -5.1
v 3.9 0 -5.1
v 4.8 0 -5.1
v 4.9 0 -5.1
v 5 0 -5.1
v 5.1 0 -5.1
v 5.2 0 -5.1
v 5.3 0 -5.1
v 5.4 0 -5.1
v 5.6 0 -5.1
v 5.7 0 -5.1
v -5.3 0 -5.2
v -5.2 0 -5.2
v -5.1 0 -5.2
v -5 0 -5.2
v -4.9 0 -5.2
v -3 0 -5.2
v -2.9 0 -5.2
v -2.8 0 -5.2
v -2.7 0 -5.2
v -1.3 0 -5.2
v -1.2 0 -5.2
v -1.1 0 -5.2
v -1 0 -5.2
v 0.9 0 -5.2
v 1 0 -5.2
v 1.1 0 -5.2
v 1.2 0 -5.2
v 1.3 0 -5.2
v 2.7 0 -5.2
v 2.8 0 -5.2
v 2.9 0 -5.2
v 3 0 -5.2
v 4.9 0 -5.2
v 5 0 -5.2
v 5.1 0 -5.2
v 5.2 0 -5.2
v 5.3 0 -5.2
v -5.6 0 -5.3
v -5.5 0 -5.3
v -5.2 0 -5.3
v -5.1 0 -5.3
v -5 0 -5.3
v -4.8 0 -5.3
v -3.2 0 -5.3
v -3 0 -5.3
v -2.9 0 -5.3
v -2.8 0 -5.3
v -2.5 0 -5.3
v -2.4 0 -5.3
v -1.6 0 -5.3
v -1.5 0 -5.3
v -1.2 0 -5.3
v -1.1 0 -5.3
v -1 0 -5.3
v -0.8 0 -5.3
v 0.8 0 -5.3
v 1 0 -5.3
v 1.1 0 -5.3
v 1.2 0 -5.3
v 1.5 0 -5.3
v 1.6 0 -5.3
v 2.4 0 -5.3
v 2.5 0 -5.3
v 2.8 0 -5.3
v 2.9 0 -5.3
v 3 0 -5.3
v 3.2 0 -5.3
v 4.8 0 -5.3
v 5 0 -5.3
v 5.1 0 -5.3
v 5.2 0 -5.3
v 5.5 0 -5.3
v 5.6 0 -5.3
v -5.5 0 -5.4
v -5.4 0 -5.4
v -5.1 0 -5.4
v -5 0 -5.4
v -4.8 0 -5.4
v -4.7 0 -5.4
v -3.4 0 -5.4
v -3.2 0 -5.4
v -3.1 0 -5.4
v -2.9 0 -5.4
v -2.6 0 -5.4
v -2.5 0 -5.4
v -1.5 0 -5.4
v -1.4 0 -5.4
v -1.1 0 -5.4
v -0.9 0 -5.4
v -0.8 0 -5.4
v -0.6 0 -5.4
v 0.7 0 -5.4
v 0.8 0 -5.4
v 1 0 -5.4
v 1.1 0 -5.4
v 1.4 0 -5.4
v 1.5 0 -5.4
v 2.5 0 -5.4
v 2.6 0 -5.4
v 2.9 0 -5.4
v 3.1 0 -5.4
v 3.2 0 -5.4
v 3.4 0 -5.4
v 4.7 0 -5.4
v 4.8 0 -5.4
v 5 0 -5.4
v 5.1 0 -5.4
v 5.4 0 -5.4
v 5.5 0 -5.4
v -5.4 0 -5.5
v -5.3 0 -5.5
v -5 0 -5.5
v -4.8 0 -5.5
v -4.7 0 -5.5
v -4.4 0 -5.5
v -3.6 0 -5.5
v -3.4 0 -5.5
v -3.3 0 -5.5
v -3.1 0 -5.5
v -2.7 0 -5.5
v -2.6 0 -5.5
v -1.4 0 -5.5
v -1.3 0 -5.5
v -0.9 0 -5.5
v -0.7 0 -5.5
v -0.6 0 -5.5
v -0.4 0 -5.5
v 0.4 0 -5.5
v 0.7 0 -5.5
v 0.8 0 -5.5
v 1 0 -5.5
v 1.3 0 -5.5
v 1.4 0 -5.5
v 2.6 0 -5.5
v 2.7 0 -5.5
v 3.1 0 -5.5
v 3.3 0 -5.5
v 3.4 0 -5.5
v 3.6 0 -5.5
v 4.4 0 -5.5
v 4.7 0 -5.5
v 4.8 0 -5.5
v 5 0 -5.5
v 5.3 0 -5.5
v 5.4 0 -5.5
v -5.3 0 -5.6
v -5.1 0 -5.6
v -4.8 0 -5.6
v -4.5 0 -5.6
v -4.4 0 -5.6
v -3.9 0 -5.6
v -3.8 0 -5.6
v -3.6 0 -5.6
v -3.5 0 -5.6
v -3.3 0 -5.6
v -2.9 0 -5.6
v -2.7 0 -5.6
v -1.3 0 -5.6
v -1.1 0 -5.6
v -0.7 0 -5.6
v -0.5 0 -5.6
v -0.4 0 -5.6
v -0.2 0 -5.6
v -0.0999999 0 -5.6
v 0.4 0 -5.6
v 0.5 0 -5.6
v 0.8 0 -5.6
v 1.1 0 -5.6
v 1.3 0 -5.6
v 2.7 0 -5.6
v 2.9 0 -5.6
v 3.3 0 -5.6
v 3.5 0 -5.6
v 3.6 0 -5.6
v 3.8 0 -5.6
v 3.9 0 -5.6
v 4.4 0 -5.6
v 4.5 0 -5.6
v 4.8 0 -5.6
v 5.1 0 -5.6
v 5.3 0 -5.6
v -5.1 0 -5.7
v -5 0 -5.7
v -4.5 0 -5.7
v -3.5 0 -5.7
v -3 0 -5.7
v -2.9 0 -5.7
v -1.1 0 -5.7
v -1 0 -5.7
v -0.5 0 -5.7
v 0.5 0 -5.7
v 1 0 -5.7
v 1.1 0 -5.7
v 2.9 0 -5.7
v 3 0 -5.7
v 3.5 0 -5.7
v 4.5 0 -5.7
v 5 0 -5.7
v 5.1 0 -5.7
v -5 0 -5.8
v -4.8 0 -5.8
v -3.2 0 -5.8
v -3 0 -5.8
v -1 0 -5.8
v -0.8 0 -5.8
v 0.8 0 -5.8
v 1 0 -5.8
v 3 0 -5.8
v 3.2 0 -5.8
v 4.8 0 -5.8
v 5 0 -5.8
v -4.8 0 -5.9
v -4.4 0 -5.9
v -3.6 0 -5.9
v -3.2 0 -5.9
v -0.8 0 -5.9
v -0.4 0 -5.9
v 0.4 0 -5.9
v 0.8 0 -5.9
v 3.2 0 -5.9
v 3.6 0 -5.9
v 4.4 0 -5.9
v 4.8 0 -5.9
v -4.4 0 -6
v -3.6 0 -6
v -0.4 0 -6
v 0.4 0 -6
v 3.6 0 -6
v 4.4 0 -6
v -2.6 1.7 5.8
v -2.2 1.7 5.8
v -1.8 1.7 5.8
v -1.4 1.7 5.8
v 2.2 1.7 5.8
v 2.6 1.7 5.8
v -2.3 1.7 5.6
v -2.2 1.7 5.6
v -1.8 1.7 5.6
v -1.7 1.7 5.6
v 2.2 1.7 5.6
v 2.3 1.7 5.6
v -2.6 1.7 5.5
v -1.4 1.7 5.5
v 2.6 1.7 5.5
v -2.6 1.7 5.4
v -2.5 1.7 5.4
v -1.5 1.7 5.4
v -1.4 1.7 5.4
v 2.5 1.7 5.4
v 2.6 1.7 5.4
v -2.5 1.7 5.3
v -2.4 1.7 5.3
v -1.6 1.7 5.3
v -1.5 1.7 5.3
v 2.4 1.7 5.3
v 2.5 1.7 5.3
v -2.4 1.7 5.2
v -2.3 1.7 5.2
v -1.7 1.7 5.2
v -1.6 1.7 5.2
v 2.3 1.7 5.2
v 2.4 1.7 5.2
v -2.6 1.7 1.8
v -2.2 1.7 1.8
v -1.8 1.7 1.8
v -1.4 1.7 1.8
v 2.2 1.7 1.8
v 2.6 1.7 1.8
v -2.3 1.7 1.6
v -2.2 1.7 1.6
v -1.8 1.7 1.6
v -1.7 1.7 1.6
v 2.2 1.7 1.6
v 2.3 1.7 1.6
v -2.6 1.7 1.5
v -1.4 1.7 1.5
v 2.6 1.7 1.5
v -2.6 1.7 1.4
v -2.5 1.7 1.4
v -1.5 1.7 1.4
v -1.4 1.7 1.4
v 2.5 1.7 1.4
v 2.6 1.7 1.4
v -2.5 1.7 1.3
v -2.4 1.7 1.3
v -1.6 1.7 1.3
v -1.5 1.7 1.3
v 2.4 1.7 1.3
v 2.5 1.7 1.3
v -2.4 1.7 1.2
v -2.3 1.7 1.2
v -1.7 1.7 1.2
v -1.6 1.7 1.2
v 2.3 1.7 1.2
v 2.4 1.7 1.2
v -2.4 1.7 -5.2
v -2.3 1.7 -5.2
v -1.7 1.7 -5.2
v -1.6 1.7 -5.2
v 2.3 1.7 -5.2
v 2.4 1.7 -5.2
v -2.5 1.7 -5.3
v -2.4 1.7 -5.3
v -1.6 1.7 -5.3
v -1.5 1.7 -5.3
v 2.4 1.7 -5.3
v 2.5 1.7 -5.3
v -2.6 1.7 -5.4
v -2.5 1.7 -5.4
v -1.5 1.7 -5.4
v -1.4 1.7 -5.4
v 2.5 1.7 -5.4
v 2.6 1.7 -5.4
v -2.6 1.7 -5.5
v -1.4 1.7 -5.5
v 2.6 1.7 -5.5
v -2.3 1.7 -5.6
v -2.2 1.7 -5.6
v -1.8 1.7 -5.6
v -1.7 1.7 -5.6
v 2.2 1.7 -5.6
v 2.3 1.7 -5.6
v -2.6 1.7 -5.8
v -2.2 1.7 -5.8
v -1.8 1.7 -5.8
v -1.4 1.7 -5.8
v 2.2 1.7 -5.8
v 2.6 1.7 -5.8
v -2.2 1.8 5.8
v -2.1 1.8 5.8
v -1.9 1.8 5.8
v -1.8 1.8 5.8
v 2.1 1.8 5.8
v 2.2 1.8 5.8
v -2.7 1.8 5.7
v -2.6 1.8 5.7
v -2.2 1.8 5.7
v -2.1 1.8 5.7
v -1.9 1.8 5.7
v -1.8 1.8 5.7
v -1.4 1.8 5.7
v -1.3 1.8 5.7
v 2.1 1.8 5.7
v 2.2 1.8 5.7
v 2.6 1.8 5.7
v 2.7 1.8 5.7
v -2.7 1.8 5.6
v -2.3 1.8 5.6
v -2.2 1.8 5.6
v -1.8 1.8 5.6
v -1.7 1.8 5.6
v -1.3 1.8 5.6
v 2.2 1.8 5.6
v 2.3 1.8 5.6
v 2.7 1.8 5.6
v -2.7 1.8 5.5
v -2.6 1.8 5.5
v -1.4 1.8 5.5
v -1.3 1.8 5.5
v 2.6 1.8 5.5
v 2.7 1.8 5.5
v -2.4 1.8 5.2
v -2.3 1.8 5.2
v -2.2 1.8 5.2
v -1.8 1.8 5.2
v -1.7 1.8 5.2
v -1.6 1.8 5.2
v 2.2 1.8 5.2
v 2.3 1.8 5.2
v 2.4 1.8 5.2
v -2.4 1.8 5.1
v -2.3 1.8 5.1
v -1.7 1.8 5.1
v -1.6 1.8 5.1
v 2.3 1.8 5.1
v 2.4 1.8 5.1
v -2.2 1.8 1.8
v -2.1 1.8 1.8
v -1.9 1.8 1.8
v -1.8 1.8 1.8
v 2.1 1.8 1.8
v 2.2 1.8 1.8
v -2.7 1.8 1.7
v -2.6 1.8 1.7
v -2.2 1.8 1.7
v -2.1 1.8 1.7
v -1.9 1.8 1.7
v -1.8 1.8 1.7
v -1.4 1.8 1.7
v -1.3 1.8 1.7
v 2.1 1.8 1.7
v 2.2 1.8 1.7
v 2.6 1.8 1.7
v 2.7 1.8 1.7
v -2.7 1.8 1.6
v -2.3 1.8 1.6
v -2.2 1.8 1.6
v -1.8 1.8 1.6
v -1.7 1.8 1.6
v -1.3 1.8 1.6
v 2.2 1.8 1.6
v 2.3 1.8 1.6
v 2.7 1.8 1.6
v -2.7 1.8 1.5
v -2.6 1.8 1.5
v -1.4 1.8 1.5
v -1.3 1.8 1.5
v 2.6 1.8 1.5
v 2.7 1.8 1.5
v -2.4 1.8 1.2
v -2.3 1.8 1.2
v -2.2 1.8 1.2
v -1.8 1.8 1.2
v -1.7 1.8 1.2
v -1.6 1.8 1.2
v 2.2 1.8 1.2
v 2.3 1.8 1.2
v 2.4 1.8 1.2
v -2.4 1.8 1.1
v -2.3 1.8 1.1
v -1.7 1.8 1.1
v -1.6 1.8 1.1
v 2.3 1.8 1.1
v 2.4 1.8 1.1
v -2.4 1.8 -5.1
v -2.3 1.8 -5.1
v -1.7 1.8 -5.1
v -1.6 1.8 -5.1
v 2.3 1.8 -5.1
v 2.4 1.8 -5.1
v -2.4 1.8 -5.2
v -2.3 1.8 -5.2
v -2.2 1.8 -5.2
v -1.8 1.8 -5.2
v -1.7 1.8 -5.2
v -1.6 1.8 -5.2
v 2.2 1.8 -5.2
v 2.3 1.8 -5.2
v 2.4 1.8 -5.2
v -2.7 1.8 -5.5
v -2.6 1.8 -5.5
v -1.4 1.8 -5.5
v -1.3 1.8 -5.5
v 2.6 1.8 -5.5
v 2.7 1.8 -5.5
v -2.7 1.8 -5.6
v -2.3 1.8 -5.6
v -2.2 1.8 -5.6
v -1.8 1.8 -5.6
v -1.7 1.8 -5.6
v -1.3 1.8 -5.6
v 2.2 1.8 -5.6
v 2.3 1.8 -5.6
v 2.7 1.8 -5.6
v -2.7 1.8 -5.7
v -2.6 1.8 -5.7
v -2.2 1.8 -5.7
v -2.1 1.8 -5.7
v -1.9 1.8 -5.7
v -1.8 1.8 -5.7
v -1.4 1.8 -5.7
v -1.3 1.8 -5.7
v 2.1 1.8 -5.7
v 2.2 1.8 -5.7
v 2.6 1.8 -5.7
v 2.7 1.8 -5.7
v -2.2 1.8 -5.8
v -2.1 1.8 -5.8
v -1.9 1.8 -5.8
v -1.8 1.8 -5.8
v 2.1 1.8 -5.8
v 2.2 1.8 -5.8
v -2.1 3.9 3.6
v -1.9 3.9 3.6
v 1.9 3.9 3.6
v 2.1 3.9 3.6
v -2.2 3.9 3.2
v -2.1 3.9 3.2
v -1.9 3.9 3.2
v -1.8 3.9 3.2
v 1.8 3.9 3.2
v 1.9 3.9 3.2
v 2.1 3.9 3.2
v 2.2 3.9 3.2
v -2.3 3.9 3
v -2.2 3.9 3
v -1.8 3.9 3
v -1.7 3.9 3
v 1.7 3.9 3
v 1.8 3.9 3
v 2.2 3.9 3
v 2.3 3.9 3
v -2.4 3.9 2.9
v -2.3 3.9 2.9
v -1.7 3.9 2.9
v -1.6 3.9 2.9
v 1.6 3.9 2.9
v 1.7 3.9 2.9
v 2.3 3.9 2.9
v 2.4 3.9 2.9
v -2.5 3.9 2.7
v -2.4 3.9 2.7
v -1.6 3.9 2.7
v -1.5 3.9 2.7
v 1.5 3.9 2.7
v 1.6 3.9 2.7
v 2.4 3.9 2.7
v 2.5 3.9 2.7
v -2.6 3.9 2.6
v -2.5 3.9 2.6
v -1.5 3.9 2.6
v -1.4 3.9 2.6
v 1.4 3.9 2.6
v 1.5 3.9 2.6
v 2.5 3.9 2.6
v 2.6 3.9 2.6
v -2.7 3.9 2.5
v -2.6 3.9 2.5
v -1.4 3.9 2.5
v -1.3 3.9 2.5
v 1.3 3.9 2.5
v 1.4 3.9 2.5
v 2.6 3.9 2.5
v 2.7 3.9 2.5
v -2.9 3.9 2.4
v -2.7 3.9 2.4
v -1.3 3.9 2.4
v -1.1 3.9 2.4
v 1.1 3.9 2.4
v 1.3 3.9 2.4
v 2.7 3.9 2.4
v 2.9 3.9 2.4
v -3 3.9 2.3
v -2.9 3.9 2.3
v -1.1 3.9 2.3
v -1 3.9 2.3
v 1 3.9 2.3
v 1.1 3.9 2.3
v 2.9 3.9 2.3
v 3 3.9 2.3
v -3.2 3.9 2.2
v -3 3.9 2.2
v -1 3.9 2.2
v -0.8 3.9 2.2
v 0.8 3.9 2.2
v 1 3.9 2.2
v 3 3.9 2.2
v 3.2 3.9 2.2
v -3.6 3.9 2.1
v -3.2 3.9 2.1
v -0.8 3.9 2.1
v -0.4 3.9 2.1
v 0.4 3.9 2.1
v 0.8 3.9 2.1
v 3.2 3.9 2.1
v 3.6 3.9 2.1
v -3.6 3.9 1.9
v -3.2 3.9 1.9
v -0.8 3.9 1.9
v -0.4 3.9 1.9
v 0.4 3.9 1.9
v 0.8 3.9 1.9
v 3.2 3.9 1.9
v 3.6 3.9 1.9
v -3.2 3.9 1.8
v -3 3.9 1.8
v -1 3.9 1.8
v -0.8 3.9 1.8
v 0.8 3.9 1.8
v 1 3.9 1.8
v 3 3.9 1.8
v 3.2 3.9 1.8
v -3 3.9 1.7
v -2.9 3.9 1.7
v -1.1 3.9 1.7
v -1 3.9 1.7
v 1 3.9 1.7
v 1.1 3.9 1.7
v 2.9 3.9 1.7
v 3 3.9 1.7
v -2.9 3.9 1.6
v -2.7 3.9 1.6
v -1.3 3.9 1.6
v -1.1 3.9 1.6
v 1.1 3.9 1.6
v 1.3 3.9 1.6
v 2.7 3.9 1.6
v 2.9 3.9 1.6
v -2.7 3.9 1.5
v -2.6 3.9 1.5
v -1.4 3.9 1.5
v -1.3 3.9 1.5
v 1.3 3.9 1.5
v 1.4 3.9 1.5
v 2.6 3.9 1.5
v 2.7 3.9 1.5
v -2.6 3.9 1.4
v -2.5 3.9 1.4
v -1.5 3.9 1.4
v -1.4 3.9 1.4
v 1.4 3.9 1.4
v 1.5 3.9 1.4
v 2.5 3.9 1.4
v 2.6 3.9 1.4
v -2.5 3.9 1.3
v -2.4 3.9 1.3
v -1.6 3.9 1.3
v -1.5 3.9 1.3
v 1.5 3.9 1.3
v 1.6 3.9 1.3
v 2.4 3.9 1.3
v 2.5 3.9 1.3
v -2.4 3.9 1.1
v -2.3 3.9 1.1
v -1.7 3.9 1.1
v -1.6 3.9 1.1
v 1.6 3.9 1.1
v 1.7 3.9 1.1
v 2.3 3.9 1.1
v 2.4 3.9 1.1
v -2.3 3.9 1
v -2.2 3.9 1
v -1.8 3.9 1
v -1.7 3.9 1
v 1.7 3.9 1
v 1.8 3.9 1
v 2.2 3.9 1
v 2.3 3.9 1
v -2.2 3.9 0.8
v -2.1 3.9 0.8
v -1.9 3.9 0.8
v -1.8 3.9 0.8
v 1.8 3.9 0.8
v 1.9 3.9 0.8
v 2.1 3.9 0.8
v 2.2 3.9 0.8
v -2.1 3.9 0.4
v -1.9 3.9 0.4
v 1.9 3.9 0.4
v 2.1 3.9 0.4
v -2.1 3.9 -0.4
v -1.9 3.9 -0.4
v 1.9 3.9 -0.4
v 2.1 3.9 -0.4
v -2.2 3.9 -0.8
v -2.1 3.9 -0.8
v -1.9 3.9 -0.8
v -1.8 3.9 -0.8
v 1.8 3.9 -0.8
v 1.9 3.9 -0.8
v 2.1 3.9 -0.8
v 2.2 3.9 -0.8
v -2.3 3.9 -1
v -2.2 3.9 -1
v -1.8 3.9 -1
v -1.7 3.9 -1
v 1.7 3.9 -1
v 1.8 3.9 -1
v 2.2 3.9 -1
v 2.3 3.9 -1
v -2.4 3.9 -1.1
v -2.3 3.9 -1.1
v -1.7 3.9 -1.1
v -1.6 3.9 -1.1
v 1.6 3.9 -1.1
v 1.7 3.9 -1.1
v 2.3 3.9 -1.1
v 2.4 3.9 -1.1
v -2.5 3.9 -1.3
v -2.4 3.9 -1.3
v -1.6 3.9 -1.3
v -1.5 3.9 -1.3
v 1.5 3.9 -1.3
v 1.6 3.9 -1.3
v 2.4 3.9 -1.3
v 2.5 3.9 -1.3
v -2.6 3.9 -1.4
v -2.5 3.9 -1.4
v -1.5 3.9 -1.4
v -1.4 3.9 -1.4
v 1.4 3.9 -1.4
v 1.5 3.9 -1.4
v 2.5 3.9 -1.4
v 2.6 3.9 -1.4
v -2.7 3.9 -1.5
v -2.6 3.9 -1.5
v -1.4 3.9 -1.5
v -1.3 3.9 -1.5
v 1.3 3.9 -1.5
v 1.4 3.9 -1.5
v 2.6 3.9 -1.5
v 2.7 3.9 -1.5
v -2.9 3.9 -1.6
v -2.7 3.9 -1.6
v -1.3 3.9 -1.6
v -1.1 3.9 -1.6
v 1.1 3.9 -1.6
v 1.3 3.9 -1.6
v 2.7 3.9 -1.6
v 2.9 3.9 -1.6
v -3 3.9 -1.7
v -2.9 3.9 -1.7
v -1.1 3.9 -1.7
v -1 3.9 -1.7
v 1 3.9 -1.7
v 1.1 3.9 -1.7
v 2.9 3.9 -1.7
v 3 3.9 -1.7
v -3.2 3.9 -1.8
v -3 3.9 -1.8
v -1 3.9 -1.8
v -0.8 3.9 -1.8
v 0.8 3.9 -1.8
v 1 3.9 -1.8
v 3 3.9 -1.8
v 3.2 3.9 -1.8
v -3.6 3.9 -1.9
v -3.2 3.9 -1.9
v -0.8 3.9 -1.9
v -0.4 3.9 -1.9
v 0.4 3.9 -1.9
v 0.8 3.9 -1.9
v 3.2 3.9 -1.9
v 3.6 3.9 -1.9
v -3.6 3.9 -2.1
v -3.2 3.9 -2.1
v -0.8 3.9 -2.1
v -0.4 3.9 -2.1
v 0.4 3.9 -2.1
v 0.8 3.9 -2.1
v 3.2 3.9 -2.1
v 3.6 3.9 -2.1
v -3.2 3.9 -2.2
v -3 3.9 -2.2
v -1 3.9 -2.2
v -0.8 3.9 -2.2
v 0.8 3.9 -2.2
v 1 3.9 -2.2
v 3 3.9 -2.2
v 3.2 3.9 -2.2
v -3 3.9 -2.3
v -2.9 3.9 -2.3
v -1.1 3.9 -2.3
v -1 3.9 -2.3
v 1 3.9 -2.3
v 1.1 3.9 -2.3
v 2.9 3.9 -2.3
v 3 3.9 -2.3
v -2.9 3.9 -2.4
v -2.7 3.9 -2.4
v -1.3 3.9 -2.4
v -1.1 3.9 -2.4
v 1.1 3.9 -2.4
v 1.3 3.9 -2.4
v 2.7 3.9 -2.4
v 2.9 3.9 -2.4
v -2.7 3.9 -2.5
v -2.6 3.9 -2.5
v -1.4 3.9 -2.5
v -1.3 3.9 -2.5
v 1.3 3.9 -2.5
v 1.4 3.9 -2.5
v 2.6 3.9 -2.5
v 2.7 3.9 -2.5
v -2.6 3.9 -2.6
v -2.5 3.9 -2.6
v -1.5 3.9 -2.6
v -1.4 3.9 -2.6
v 1.4 3.9 -2.6
v 1.5 3.9 -2.6
v 2.5 3.9 -2.6
v 2.6 3.9 -2.6
v -2.5 3.9 -2.7
v -2.4 3.9 -2.7
v -1.6 3.9 -2.7
v -1.5 3.9 -2.7
v 1.5 3.9 -2.7
v 1.6 3.9 -2.7
v 2.4 3.9 -2.7
v 2.5 3.9 -2.7
v -2.4 3.9 -2.9
v -2.3 3.9 -2.9
v -1.7 3.9 -2.9
v -1.6 3.9 -2.9
v 1.6 3.9 -2.9
v 1.7 3.9 -2.9
v 2.3 3.9 -2.9
v 2.4 3.9 -2.9
v -2.3 3.9 -3
v -2.2 3.9 -3
v -1.8 3.9 -3
v -1.7 3.9 -3
v 1.7 3.9 -3
v 1.8 3.9 -3
v 2.2 3.9 -3
v 2.3 3.9 -3
v -2.2 3.9 -3.2
v -2.1 3.9 -3.2
v -1.9 3.9 -3.2
v -1.8 3.9 -3.2
v 1.8 3.9 -3.2
v 1.9 3.9 -3.2
v 2.1 3.9 -3.2
v 2.2 3.9 -3.2
v -2.1 3.9 -3.6
v -1.9 3.9 -3.6
v 1.9 3.9 -3.6
v 2.1 3.9 -3.6
v -3.8 5.7 3.8
v -3.4 5.7 3.8
v 3.4 5.7 3.8
v 3.8 5.7 3.8
v -3.8 5.7 3.6
v -3.7 5.7 3.6
v 3.7 5.7 3.6
v 3.8 5.7 3.6
v -3.4 5.7 3.5
v 3.4 5.7 3.5
v -3.5 5.7 3.4
v -3.4 5.7 3.4
v 3.4 5.7 3.4
v 3.5 5.7 3.4
v -3.6 5.7 3.3
v -3.5 5.7 3.3
v 3.5 5.7 3.3
v 3.6 5.7 3.3
v -3.7 5.7 3.2
v -3.6 5.7 3.2
v 3.6 5.7 3.2
v 3.7 5.7 3.2
v -3.7 5.7 -3.2
v -3.6 5.7 -3.2
v 3.6 5.7 -3.2
v 3.7 5.7 -3.2
v -3.6 5.7 -3.3
v -3.5 5.7 -3.3
v 3.5 5.7 -3.3
v 3.6 5.7 -3.3
v -3.5 5.7 -3.4
v -3.4 5.7 -3.4
v 3.4 5.7 -3.4
v 3.5 5.7 -3.4
v -3.4 5.7 -3.5
v 3.4 5.7 -3.5
v -3.8 5.7 -3.6
v -3.7 5.7 -3.6
v 3.7 5.7 -3.6
v 3.8 5.7 -3.6
v -3.8 5.7 -3.8
v -3.4 5.7 -3.8
v 3.4 5.7 -3.8
v 3.8 5.7 -3.8
v -3.9 5.8 3.8
v -3.8 5.8 3.8
v 3.8 5.8 3.8
v 3.9 5.8 3.8
v -3.9 5.8 3.7
v -3.8 5.8 3.7
v -3.4 5.8 3.7
v -3.3 5.8 3.7
v 3.3 5.8 3.7
v 3.4 5.8 3.7
v 3.8 5.8 3.7
v 3.9 5.8 3.7
v -3.8 5.8 3.6
v -3.7 5.8 3.6
v -3.3 5.8 3.6
v 3.3 5.8 3.6
v 3.7 5.8 3.6
v 3.8 5.8 3.6
v -3.4 5.8 3.5
v -3.3 5.8 3.5
v 3.3 5.8 3.5
v 3.4 5.8 3.5
v -3.8 5.8 3.2
v -3.7 5.8 3.2
v -3.6 5.8 3.2
v 3.6 5.8 3.2
v 3.7 5.8 3.2
v 3.8 5.8 3.2
v -3.7 5.8 3.1
v -3.6 5.8 3.1
v 3.6 5.8 3.1
v 3.7 5.8 3.1
v -3.7 5.8 -3.1
v -3.6 5.8 -3.1
v 3.6 5.8 -3.1
v 3.7 5.8 -3.1
v -3.8 5.8 -3.2
v -3.7 5.8 -3.2
v -3.6 5.8 -3.2
v 3.6 5.8 -3.2
v 3.7 5.8 -3.2
v 3.8 5.8 -3.2
v -3.4 5.8 -3.5
v -3.3 5.8 -3.5
v 3.3 5.8 -3.5
v 3.4 5.8 -3.5
v -3.8 5.8 -3.6
v -3.7 5.8 -3.6
v -3.3 5.8 -3.6
v 3.3 5.8 -3.6
v 3.7 5.8 -3.6
v 3.8 5.8 -3.6
v -3.9 5.8 -3.7
v -3.8 5.8 -3.7
v -3.4 5.8 -3.7
v -3.3 5.8 -3.7
v 3.3 5.8 -3.7
v 3.4 5.8 -3.7
v 3.8 5.8 -3.7
v 3.9 5.8 -3.7
v -3.9 5.8 -3.8
v -3.8 5.8 -3.8
v 3.8 5.8 -3.8
v 3.9 5.8 -3.8
v -2.2 2.1 5.8
v -2.1 2.1 5.8
v -1.9 2.1 5.8
v -1.8 2.1 5.8
v 2.1 2.1 5.8
v 2.2 2.1 5.8
v -2.7 2.1 5.7
v -2.6 2.1 5.7
v -2.2 2.1 5.7
v -2.1 2.1 5.7
v -1.9 2.1 5.7
v -1.8 2.1 5.7
v -1.4 2.1 5.7
v -1.3 2.1 5.7
v 2.1 2.1 5.7
v 2.2 2.1 5.7
v 2.6 2.1 5.7
v 2.7 2.1 5.7
v -2.7 2.1 5.6
v -2.3 2.1 5.6
v -2.2 2.1 5.6
v -1.8 2.1 5.6
v -1.7 2.1 5.6
v -1.3 2.1 5.6
v 2.2 2.1 5.6
v 2.3 2.1 5.6
v 2.7 2.1 5.6
v -2.7 2.1 5.5
v -2.6 2.1 5.5
v -1.4 2.1 5.5
v -1.3 2.1 5.5
v 2.6 2.1 5.5
v 2.7 2.1 5.5
v -2.4 2.1 5.2
v -2.3 2.1 5.2
v -2.2 2.1 5.2
v -1.8 2.1 5.2
v -1.7 2.1 5.2
v -1.6 2.1 5.2
v 2.2 2.1 5.2
v 2.3 2.1 5.2
v 2.4 2.1 5.2
v -2.4 2.1 5.1
v -2.3 2.1 5.1
v -1.7 2.1 5.1
v -1.6 2.1 5.1
v 2.3 2.1 5.1
v 2.4 2.1 5.1
v -2.2 2.1 1.8
v -2.1 2.1 1.8
v -1.9 2.1 1.8
v -1.8 2.1 1.8
v 2.1 2.1 1.8
v 2.2 2.1 1.8
v -2.7 2.1 1.7
v -2.6 2.1 1.7
v -2.2 2.1 1.7
v -2.1 2.1 1.7
v -1.9 2.1 1.7
v -1.8 2.1 1.7
v -1.4 2.1 1.7
v -1.3 2.1 1.7
v 2.1 2.1 1.7
v 2.2 2.1 1.7
v 2.6 2.1 1.7
v 2.7 2.1 1.7
v -2.7 2.1 1.6
v -2.3 2.1 1.6
v -2.2 2.1 1.6
v -1.8 2.1 1.6
v -1.7 2.1 1.6
v -1.3 2.1 1.6
v 2.2 2.1 1.6
v 2.3 2.1 1.6
v 2.7 2.1 1.6
v -2.7 2.1 1.5
v -2.6 2.1 1.5
v -1.4 2.1 1.5
v -1.3 2.1 1.5
v 2.6 2.1 1.5
v 2.7 2.1 1.5
v -2.4 2.1 1.2
v -2.3 2.1 1.2
v -2.2 2.1 1.2
v -1.8 2.1 1.2
v -1.7 2.1 1.2
v -1.6 2.1 1.2
v 2.2 2.1 1.2
v 2.3 2.1 1.2
v 2.4 2.1 1.2
v -2.4 2.1 1.1
v -2.3 2.1 1.1
v -1.7 2.1 1.1
v -1.6 2.1 1.1
v 2.3 2.1 1.1
v 2.4 2.1 1.1
v -2.4 2.1 -5.1
v -2.3 2.1 -5.1
v -1.7 2.1 -5.1
v -1.6 2.1 -5.1
v 2.3 2.1 -5.1
v 2.4 2.1 -5.1
v -2.4 2.1 -5.2
v -2.3 2.1 -5.2
v -2.2 2.1 -5.2
v -1.8 2.1 -5.2
v -1.7 2.1 -5.2
v -1.6 2.1 -5.2
v 2.2 2.1 -5.2
v 2.3 2.1 -5.2
v 2.4 2.1 -5.2
v -2.7 2.1 -5.5
v -2.6 2.1 -5.5
v -1.4 2.1 -5.5
v -1.3 2.1 -5.5
v 2.6 2.1 -5.5
v 2.7 2.1 -5.5
v -2.7 2.1 -5.6
v -2.3 2.1 -5.6
v -2.2 2.1 -5.6
v -1.8 2.1 -5.6
v -1.7 2.1 -5.6
v -1.3 2.1 -5.6
v 2.2 2.1 -5.6
v 2.3 2.1 -5.6
v 2.7 2.1 -5.6
v -2.7 2.1 -5.7
v -2.6 2.1 -5.7
v -2.2 2.1 -5.7
v -2.1 2.1 -5.7
v -1.9 2.1 -5.7
v -1.8 2.1 -5.7
v -1.4 2.1 -5.7
v -1.3 2.1 -5.7
v 2.1 2.1 -5.7
v 2.2 2.1 -5.7
v 2.6 2.1 -5.7
v 2.7 2.1 -5.7
v -2.2 2.1 -5.8
v -2.1 2.1 -5.8
v -1.9 2.1 -5.8
v -1.8 2.1 -5.8
v 2.1 2.1 -5.8
v 2.2 2.1 -5.8
v -2.6 2.2 5.8
v -2.2 2.2 5.8
v -1.8 2.2 5.8
v -1.4 2.2 5.8
v 2.2 2.2 5.8
v 2.6 2.2 5.8
v -2.3 2.2 5.6
v -2.2 2.2 5.6
v -1.8 2.2 5.6
v -1.7 2.2 5.6
v 2.2 2.2 5.6
v 2.3 2.2 5.6
v -2.6 2.2 5.5
v -1.4 2.2 5.5
v 2.6 2.2 5.5
v -2.6 2.2 5.4
v -2.5 2.2 5.4
v -1.5 2.2 5.4
v -1.4 2.2 5.4
v 2.5 2.2 5.4
v 2.6 2.2 5.4
v -2.5 2.2 5.3
v -2.4 2.2 5.3
v -1.6 2.2 5.3
v -1.5 2.2 5.3
v 2.4 2.2 5.3
v 2.5 2.2 5.3
v -2.4 2.2 5.2
v -2.3 2.2 5.2
v -1.7 2.2 5.2
v -1.6 2.2 5.2
v 2.3 2.2 5.2
v 2.4 2.2 5.2
v -2.6 2.2 1.8
v -2.2 2.2 1.8
v -1.8 2.2 1.8
v -1.4 2.2 1.8
v 2.2 2.2 1.8
v 2.6 2.2 1.8
v -2.3 2.2 1.6
v -2.2 2.2 1.6
v -1.8 2.2 1.6
v -1.7 2.2 1.6
v 2.2 2.2 1.6
v 2.3 2.2 1.6
v -2.6 2.2 1.5
v -1.4 2.2 1.5
v 2.6 2.2 1.5
v -2.6 2.2 1.4
v -2.5 2.2 1.4
v -1.5 2.2 1.4
v -1.4 2.2 1.4
v 2.5 2.2 1.4
v 2.6 2.2 1.4
v -2.5 2.2 1.3
v -2.4 2.2 1.3
v -1.6 2.2 1.3
v -1.5 2.2 1.3
v 2.4 2.2 1.3
v 2.5 2.2 1.3
v -2.4 2.2 1.2
v -2.3 2.2 1.2
v -1.7 2.2 1.2
v -1.6 2.2 1.2
v 2.3 2.2 1.2
v 2.4 2.2 1.2
v -2.4 2.2 -5.2
v -2.3 2.2 -5.2
v -1.7 2.2 -5.2
v -1.6 2.2 -5.2
v 2.3 2.2 -5.2
v 2.4 2.2 -5.2
v -2.5 2.2 -5.3
v -2.4 2.2 -5.3
v -1.6 2.2 -5.3
v -1.5 2.2 -5.3
v 2.4 2.2 -5.3
v 2.5 2.2 -5.3
v -2.6 2.2 -5.4
v -2.5 2.2 -5.4
v -1.5 2.2 -5.4
v -1.4 2.2 -5.4
v 2.5 2.2 -5.4
v 2.6 2.2 -5.4
v -2.6 2.2 -5.5
v -1.4 2.2 -5.5
v 2.6 2.2 -5.5
v -2.3 2.2 -5.6
v -2.2 2.2 -5.6
v -1.8 2.2 -5.6
v -1.7 2.2 -5.6
v 2.2 2.2 -5.6
v 2.3 2.2 -5.6
v -2.6 2.2 -5.8
v -2.2 2.2 -5.8
v -1.8 2.2 -5.8
v -1.4 2.2 -5.8
v 2.2 2.2 -5.8
v 2.6 2.2 -5.8
v -4.4 4 6
v -3.6 4 6
v -0.4 4 6
v 0.4 4 6
v 3.6 4 6
v 4.4 4 6
v -4.8 4 5.9
v -4.4 4 5.9
v -3.6 4 5.9
v -3.2 4 5.9
v -0.8 4 5.9
v -0.4 4 5.9
v 0.4 4 5.9
v 0.8 4 5.9
v 3.2 4 5.9
v 3.6 4 5.9
v 4.4 4 5.9
v 4.8 4 5.9
v -5 4 5.8
v -4.8 4 5.8
v -3.2 4 5.8
v -3 4 5.8
v -1 4 5.8
v -0.8 4 5.8
v 0.8 4 5.8
v 1 4 5.8
v 3 4 5.8
v 3.2 4 5.8
v 4.8 4 5.8
v 5 4 5.8
v -5.1 4 5.7
v -5 4 5.7
v -4.5 4 5.7
v -3.5 4 5.7
v -3 4 5.7
v -2.9 4 5.7
v -1.1 4 5.7
v -1 4 5.7
v -0.5 4 5.7
v 0.5 4 5.7
v 1 4 5.7
v 1.1 4 5.7
v 2.9 4 5.7
v 3 4 5.7
v 3.5 4 5.7
v 4.5 4 5.7
v 5 4 5.7
v 5.1 4 5.7
v -5.3 4 5.6
v -5.1 4 5.6
v -4.8 4 5.6
v -4.5 4 5.6
v -4.4 4 5.6
v -3.9 4 5.6
v -3.8 4 5.6
v -3.6 4 5.6
v -3.5 4 5.6
v -3.3 4 5.6
v -2.9 4 5.6
v -2.7 4 5.6
v -1.3 4 5.6
v -1.1 4 5.6
v -0.7 4 5.6
v -0.5 4 5.6
v -0.4 4 5.6
v -0.2 4 5.6
v -0.0999999 4 5.6
v 0.4 4 5.6
v 0.5 4 5.6
v 0.8 4 5.6
v 1.1 4 5.6
v 1.3 4 5.6
v 2.7 4 5.6
v 2.9 4 5.6
v 3.3 4 5.6
v 3.5 4 5.6
v 3.6 4 5.6
v 3.8 4 5.6
v 3.9 4 5.6
v 4.4 4 5.6
v 4.5 4 5.6
v 4.8 4 5.6
v 5.1 4 5.6
v 5.3 4 5.6
v -5.4 4 5.5
v -5.3 4 5.5
v -5 4 5.5
v -4.8 4 5.5
v -4.7 4 5.5
v -4.4 4 5.5
v -3.6 4 5.5
v -3.4 4 5.5
v -3.3 4 5.5
v -3.1 4 5.5
v -2.7 4 5.5
v -2.6 4 5.5
v -1.4 4 5.5
v -1.3 4 5.5
v -0.9 4 5.5
v -0.7 4 5.5
v -0.6 4 5.5
v -0.4 4 5.5
v 0.4 4 5.5
v 0.7 4 5.5
v 0.8 4 5.5
v 1 4 5.5
v 1.3 4 5.5
v 1.4 4 5.5
v 2.6 4 5.5
v 2.7 4 5.5
v 3.1 4 5.5
v 3.3 4 5.5
v 3.4 4 5.5
v 3.6 4 5.5
v 4.4 4 5.5
v 4.7 4 5.5
v 4.8 4 5.5
v 5 4 5.5
v 5.3 4 5.5
v 5.4 4 5.5
v -5.5 4 5.4
v -5.4 4 5.4
v -5.1 4 5.4
v -5 4 5.4
v -4.8 4 5.4
v -4.7 4 5.4
v -3.4 4 5.4
v -3.2 4 5.4
v -3.1 4 5.4
v -2.9 4 5.4
v -2.6 4 5.4
v -2.5 4 5.4
v -1.5 4 5.4
v -1.4 4 5.4
v -1.1 4 5.4
v -0.9 4 5.4
v -0.8 4 5.4
v -0.6 4 5.4
v 0.7 4 5.4
v 0.8 4 5.4
v 1 4 5.4
v 1.1 4 5.4
v 1.4 4 5.4
v 1.5 4 5.4
v 2.5 4 5.4
v 2.6 4 5.4
v 2.9 4 5.4
v 3.1 4 5.4
v 3.2 4 5.4
v 3.4 4 5.4
v 4.7 4 5.4
v 4.8 4 5.4
v 5 4 5.4
v 5.1 4 5.4
v 5.4 4 5.4
v 5.5 4 5.4
v -5.6 4 5.3
v -5.5 4 5.3
v -5.2 4 5.3
v -5.1 4 5.3
v -5 4 5.3
v -4.8 4 5.3
v -3.2 4 5.3
v -3 4 5.3
v -2.9 4 5.3
v -2.8 4 5.3
v -2.5 4 5.3
v -2.4 4 5.3
v -1.6 4 5.3
v -1.5 4 5.3
v -1.2 4 5.3
v -1.1 4 5.3
v -1 4 5.3
v -0.8 4 5.3
v 0.8 4 5.3
v 1 4 5.3
v 1.1 4 5.3
v 1.2 4 5.3
v 1.5 4 5.3
v 1.6 4 5.3
v 2.4 4 5.3
v 2.5 4 5.3
v 2.8 4 5.3
v 2.9 4 5.3
v 3 4 5.3
v 3.2 4 5.3
v 4.8 4 5.3
v 5 4 5.3
v 5.1 4 5.3
v 5.2 4 5.3
v 5.5 4 5.3
v 5.6 4 5.3
v -5.3 4 5.2
v -5.2 4 5.2
v -5.1 4 5.2
v -5 4 5.2
v -4.9 4 5.2
v -3 4 5.2
v -2.9 4 5.2
v -2.8 4 5.2
v -2.7 4 5.2
v -1.3 4 5.2
v -1.2 4 5.2
v -1.1 4 5.2
v -1 4 5.2
v 0.9 4 5.2
v 1 4 5.2
v 1.1 4 5.2
v 1.2 4 5.2
v 1.3 4 5.2
v 2.7 4 5.2
v 2.8 4 5.2
v 2.9 4 5.2
v 3 4 5.2
v 4.9 4 5.2
v 5 4 5.2
v 5.1 4 5.2
v 5.2 4 5.2
v 5.3 4 5.2
v -5.7 4 5.1
v -5.6 4 5.1
v -5.4 4 5.1
v -5.3 4 5.1
v -5.2 4 5.1
v -5.1 4 5.1
v -5 4 5.1
v -4.9 4 5.1
v -4.8 4 5.1
v -3.9 4 5.1
v -3.8 4 5.1
v -3.7 4 5.1
v -2.9 4 5.1
v -2.8 4 5.1
v -2.7 4 5.1
v -2.6 4 5.1
v -2.4 4 5.1
v -2.3 4 5.1
v -1.7 4 5.1
v -1.6 4 5.1
v -1.4 4 5.1
v -1.3 4 5.1
v -1.2 4 5.1
v -1.1 4 5.1
v -0.3 4 5.1
v -0.2 4 5.1
v -0.0999999 4 5.1
v 0.8 4 5.1
v 0.9 4 5.1
v 1 4 5.1
v 1.1 4 5.1
v 1.2 4 5.1
v 1.3 4 5.1
v 1.4 4 5.1
v 1.6 4 5.1
v 1.7 4 5.1
v 2.3 4 5.1
v 2.4 4 5.1
v 2.6 4 5.1
v 2.7 4 5.1
v 2.8 4 5.1
v 2.9 4 5.1
v 3.7 4 5.1
v 3.8 4 5.1
v 3.9 4 5.1
v 4.8 4 5.1
v 4.9 4 5.1
v 5 4 5.1
v 5.1 4 5.1
v 5.2 4 5.1
v 5.3 4 5.1
v 5.4 4 5.1
v 5.6 4 5.1
v 5.7 4 5.1
v -5.8 4 5
v -5.7 4 5
v -5.3 4 5
v -5.2 4 5
v -2.8 4 5
v -2.7 4 5
v -2.3 4 5
v -2.2 4 5
v -1.8 4 5
v -1.7 4 5
v -1.3 4 5
v -1.2 4 5
v 1.2 4 5
v 1.3 4 5
v 1.7 4 5
v 1.8 4 5
v 2.2 4 5
v 2.3 4 5
v 2.7 4 5
v 2.8 4 5
v 5.2 4 5
v 5.3 4 5
v 5.7 4 5
v 5.8 4 5
v -5.5 4 4.9
v -5.4 4 4.9
v -4.9 4 4.9
v -4.8 4 4.9
v -4.7 4 4.9
v -2.6 4 4.9
v -2.5 4 4.9
v -1.5 4 4.9
v -1.4 4 4.9
v 0.7 4 4.9
v 0.8 4 4.9
v 0.9 4 4.9
v 1.4 4 4.9
v 1.5 4 4.9
v 2.5 4 4.9
v 2.6 4 4.9
v 4.7 4 4.9
v 4.8 4 4.9
v 4.9 4 4.9
v 5.4 4 4.9
v 5.5 4 4.9
v -5.9 4 4.8
v -5.8 4 4.8
v -5.4 4 4.8
v -5.3 4 4.8
v -4.8 4 4.8
v -4.7 4 4.8
v -4.6 4 4.8
v -2.2 4 4.8
v -2.1 4 4.8
v -1.9 4 4.8
v -1.8 4 4.8
v 0.6 4 4.8
v 0.7 4 4.8
v 0.8 4 4.8
v 1.3 4 4.8
v 1.4 4 4.8
v 1.8 4 4.8
v 1.9 4 4.8
v 2.1 4 4.8
v 2.2 4 4.8
v 4.6 4 4.8
v 4.7 4 4.8
v 4.8 4 4.8
v 5.3 4 4.8
v 5.4 4 4.8
v 5.8 4 4.8
v 5.9 4 4.8
v -5.6 4 4.7
v -5.5 4 4.7
v -4.7 4 4.7
v -4.6 4 4.7
v -4.5 4 4.7
v -2.9 4 4.7
v -2.7 4 4.7
v -2.5 4 4.7
v -2.4 4 4.7
v -1.6 4 4.7
v -1.5 4 4.7
v -1.3 4 4.7
v -1.1 4 4.7
v 0.5 4 4.7
v 0.6 4 4.7
v 0.7 4 4.7
v 1.5 4 4.7
v 1.6 4 4.7
v 2.4 4 4.7
v 2.5 4 4.7
v 2.7 4 4.7
v 2.9 4 4.7
v 4.5 4 4.7
v 4.6 4 4.7
v 4.7 4 4.7
v 5.5 4 4.7
v 5.6 4 4.7
v -5.5 4 4.6
v -5.4 4 4.6
v -4.6 4 4.6
v -4.5 4 4.6
v -3.8 4 4.6
v -3.7 4 4.6
v -3.1 4 4.6
v -2.9 4 4.6
v -2.7 4 4.6
v -1.3 4 4.6
v -1.1 4 4.6
v -0.9 4 4.6
v -0.3 4 4.6
v -0.2 4 4.6
v 0.5 4 4.6
v 0.6 4 4.6
v 1.4 4 4.6
v 1.5 4 4.6
v 2.7 4 4.6
v 2.9 4 4.6
v 3.1 4 4.6
v 3.7 4 4.6
v 3.8 4 4.6
v 4.5 4 4.6
v 4.6 4 4.6
v 5.4 4 4.6
v 5.5 4 4.6
v -5.7 4 4.5
v -5.6 4 4.5
v -3.2 4 4.5
v -3.1 4 4.5
v -2.9 4 4.5
v -2.4 4 4.5
v -2.3 4 4.5
v -1.7 4 4.5
v -1.6 4 4.5
v -1.1 4 4.5
v -0.9 4 4.5
v -0.8 4 4.5
v 1.6 4 4.5
v 1.7 4 4.5
v 2.3 4 4.5
v 2.4 4 4.5
v 2.9 4 4.5
v 3.1 4 4.5
v 3.2 4 4.5
v 5.6 4 4.5
v 5.7 4 4.5
v -6 4 4.4
v -5.9 4 4.4
v -3.4 4 4.4
v -3.2 4 4.4
v -3.1 4 4.4
v -2.5 4 4.4
v -2.4 4 4.4
v -2.1 4 4.4
v -1.9 4 4.4
v -1.6 4 4.4
v -1.5 4 4.4
v -0.9 4 4.4
v -0.8 4 4.4
v -0.6 4 4.4
v 1.9 4 4.4
v 2.1 4 4.4
v 2.4 4 4.4
v 2.5 4 4.4
v 3.1 4 4.4
v 3.2 4 4.4
v 3.4 4 4.4
v 5.9 4 4.4
v 6 4 4.4
v -5.6 4 4.3
v -5.5 4 4.3
v -4.5 4 4.3
v -4.2 4 4.3
v -3.5 4 4.3
v -3.4 4 4.3
v -3.2 4 4.3
v -0.8 4 4.3
v -0.6 4 4.3
v -0.5 4 4.3
v 0.2 4 4.3
v 0.5 4 4.3
v 1.5 4 4.3
v 1.6 4 4.3
v 3.2 4 4.3
v 3.4 4 4.3
v 3.5 4 4.3
v 4.2 4 4.3
v 4.5 4 4.3
v 5.5 4 4.3
v 5.6 4 4.3
v -4.9 4 4.2
v -4.5 4 4.2
v -4.2 4 4.2
v -3.5 4 4.2
v -3.4 4 4.2
v -0.6 4 4.2
v -0.5 4 4.2
v 0.2 4 4.2
v 0.5 4 4.2
v 0.9 4 4.2
v 3.4 4 4.2
v 3.5 4 4.2
v 4.2 4 4.2
v 4.5 4 4.2
v 4.9 4 4.2
v -5.1 4 4.1
v -4.9 4 4.1
v -4.5 4 4.1
v 0.5 4 4.1
v 0.9 4 4.1
v 1.1 4 4.1
v 4.5 4 4.1
v 4.9 4 4.1
v 5.1 4 4.1
v -5.2 4 4
v -5.1 4 4
v -4.9 4 4
v -2.4 4 4
v -2.3 4 4
v -1.7 4 4
v -1.6 4 4
v 0.9 4 4
v 1.1 4 4
v 1.2 4 4
v 1.6 4 4
v 1.7 4 4
v 2.3 4 4
v 2.4 4 4
v 4.9 4 4
v 5.1 4 4
v 5.2 4 4
v -5.3 4 3.9
v -5.2 4 3.9
v -5.1 4 3.9
v -4.4 4 3.9
v -4.3 4 3.9
v -2.8 4 3.9
v -2.4 4 3.9
v -1.6 4 3.9
v -1.2 4 3.9
v 0.3 4 3.9
v 0.4 4 3.9
v 1.1 4 3.9
v 1.2 4 3.9
v 1.6 4 3.9
v 2.4 4 3.9
v 2.8 4 3.9
v 4.3 4 3.9
v 4.4 4 3.9
v 5.1 4 3.9
v 5.2 4 3.9
v 5.3 4 3.9
v -5.4 4 3.8
v -5.3 4 3.8
v -5.2 4 3.8
v -4.5 4 3.8
v -4.4 4 3.8
v -4.3 4 3.8
v -3.4 4 3.8
v -3.3 4 3.8
v -3 4 3.8
v -2.8 4 3.8
v -1.2 4 3.8
v -1 4 3.8
v -0.7 4 3.8
v -0.6 4 3.8
v 0.3 4 3.8
v 0.4 4 3.8
v 0.5 4 3.8
v 1 4 3.8
v 1.2 4 3.8
v 2.8 4 3.8
v 3 4 3.8
v 3.3 4 3.8
v 3.4 4 3.8
v 4.3 4 3.8
v 4.4 4 3.8
v 4.5 4 3.8
v 5.2 4 3.8
v 5.3 4 3.8
v 5.4 4 3.8
v -5.6 4 3.7
v -5.4 4 3.7
v -5.3 4 3.7
v -3.4 4 3.7
v -3.3 4 3.7
v -3.2 4 3.7
v -3.1 4 3.7
v -3 4 3.7
v -1 4 3.7
v -0.9 4 3.7
v -0.8 4 3.7
v -0.7 4 3.7
v -0.6 4 3.7
v 0.9 4 3.7
v 1 4 3.7
v 3 4 3.7
v 3.1 4 3.7
v 3.2 4 3.7
v 3.3 4 3.7
v 3.4 4 3.7
v 5.3 4 3.7
v 5.4 4 3.7
v 5.6 4 3.7
v -6 4 3.6
v -5.9 4 3.6
v -5.5 4 3.6
v -5.4 4 3.6
v -4.6 4 3.6
v -4.5 4 3.6
v -4.4 4 3.6
v -3.3 4 3.6
v -3.2 4 3.6
v -3.1 4 3.6
v -0.9 4 3.6
v -0.8 4 3.6
v -0.7 4 3.6
v 0.4 4 3.6
v 0.5 4 3.6
v 0.6 4 3.6
v 0.7 4 3.6
v 0.9 4 3.6
v 3.1 4 3.6
v 3.2 4 3.6
v 3.3 4 3.6
v 4.4 4 3.6
v 4.5 4 3.6
v 4.6 4 3.6
v 5.4 4 3.6
v 5.5 4 3.6
v 5.9 4 3.6
v 6 4 3.6
v -5.7 4 3.5
v -5.6 4 3.5
v -3.4 4 3.5
v -3.3 4 3.5
v -0.7 4 3.5
v -0.6 4 3.5
v 0.6 4 3.5
v 0.7 4 3.5
v 3.3 4 3.5
v 3.4 4 3.5
v 5.6 4 3.5
v 5.7 4 3.5
v -5.5 4 3.4
v -5.4 4 3.4
v -4.7 4 3.4
v -4.6 4 3.4
v -4.5 4 3.4
v -3.5 4 3.4
v -3.4 4 3.4
v -0.6 4 3.4
v -0.5 4 3.4
v 0.5 4 3.4
v 0.6 4 3.4
v 3.4 4 3.4
v 3.5 4 3.4
v 4.5 4 3.4
v 4.6 4 3.4
v 4.7 4 3.4
v 5.4 4 3.4
v 5.5 4 3.4
v -5.6 4 3.3
v -5.5 4 3.3
v -3.6 4 3.3
v -3.5 4 3.3
v -0.5 4 3.3
v -0.4 4 3.3
v 0.4 4 3.3
v 0.5 4 3.3
v 3.5 4 3.3
v 3.6 4 3.3
v 5.5 4 3.3
v 5.6 4 3.3
v -5.9 4 3.2
v -5.8 4 3.2
v -5.4 4 3.2
v -5.3 4 3.2
v -4.8 4 3.2
v -4.7 4 3.2
v -4.6 4 3.2
v 4.6 4 3.2
v 4.7 4 3.2
v 4.8 4 3.2
v 5.3 4 3.2
v 5.4 4 3.2
v 5.8 4 3.2
v 5.9 4 3.2
v -5.5 4 3.1
v -5.4 4 3.1
v -5.3 4 3.1
v -5.2 4 3.1
v -3.7 4 3.1
v -3.6 4 3.1
v -0.4 4 3.1
v -0.3 4 3.1
v 0.3 4 3.1
v 0.4 4 3.1
v 3.6 4 3.1
v 3.7 4 3.1
v 5.2 4 3.1
v 5.3 4 3.1
v 5.4 4 3.1
v 5.5 4 3.1
v -5.8 4 3
v -5.7 4 3
v -5.2 4 3
v -5.1 4 3
v -4.9 4 3
v -4.8 4 3
v -4.7 4 3
v -3.8 4 3
v -3.7 4 3
v -0.3 4 3
v -0.2 4 3
v 0.2 4 3
v 0.3 4 3
v 3.7 4 3
v 3.8 4 3
v 4.7 4 3
v 4.8 4 3
v 4.9 4 3
v 5.1 4 3
v 5.2 4 3
v 5.7 4 3
v 5.8 4 3
v -5.7 4 2.9
v -5.6 4 2.9
v -5.4 4 2.9
v -5.3 4 2.9
v -5.1 4 2.9
v -5 4 2.9
v 5 4 2.9
v 5.1 4 2.9
v 5.3 4 2.9
v 5.4 4 2.9
v 5.6 4 2.9
v 5.7 4 2.9
v -5.3 4 2.8
v -5.2 4 2.8
v -3.9 4 2.8
v -3.8 4 2.8
v -0.2 4 2.8
v -0.0999999 4 2.8
v 0.1 4 2.8
v 0.2 4 2.8
v 3.8 4 2.8
v 3.9 4 2.8
v 5.2 4 2.8
v 5.3 4 2.8
v -5.6 4 2.7
v -5.5 4 2.7
v -5.2 4 2.7
v -5.1 4 2.7
v -5 4 2.7
v -4.9 4 2.7
v -4.8 4 2.7
v -4.7 4 2.7
v 4.7 4 2.7
v 4.8 4 2.7
v 4.9 4 2.7
v 5 4 2.7
v 5.1 4 2.7
v 5.2 4 2.7
v 5.5 4 2.7
v 5.6 4 2.7
v -5.5 4 2.6
v -5.4 4 2.6
v -5.1 4 2.6
v -4.9 4 2.6
v -4.7 4 2.6
v -4.6 4 2.6
v 4.6 4 2.6
v 4.7 4 2.6
v 4.9 4 2.6
v 5.1 4 2.6
v 5.4 4 2.6
v 5.5 4 2.6
v -5.4 4 2.5
v -5.3 4 2.5
v -4.9 4 2.5
v -4.7 4 2.5
v -4.6 4 2.5
v -4.3 4 2.5
v 4.3 4 2.5
v 4.6 4 2.5
v 4.7 4 2.5
v 4.9 4 2.5
v 5.3 4 2.5
v 5.4 4 2.5
v -5.3 4 2.4
v -5.1 4 2.4
v -4.7 4 2.4
v -4.5 4 2.4
v -4.3 4 2.4
v -4 4 2.4
v -3.9 4 2.4
v -0.0999999 4 2.4
v 0.1 4 2.4
v 3.9 4 2.4
v 4 4 2.4
v 4.3 4 2.4
v 4.5 4 2.4
v 4.7 4 2.4
v 5.1 4 2.4
v 5.3 4 2.4
v -5.1 4 2.3
v -5 4 2.3
v -4.5 4 2.3
v -4 4 2.3
v 4 4 2.3
v 4.5 4 2.3
v 5 4 2.3
v 5.1 4 2.3
v -5 4 2.2
v -4.8 4 2.2
v 4.8 4 2.2
v 5 4 2.2
v -4.8 4 2.1
v -4.4 4 2.1
v 4.4 4 2.1
v 4.8 4 2.1
v -4.8 4 1.9
v -4.4 4 1.9
v 4.4 4 1.9
v 4.8 4 1.9
v -5 4 1.8
v -4.8 4 1.8
v 4.8 4 1.8
v 5 4 1.8
v -5.1 4 1.7
v -5 4 1.7
v -4.5 4 1.7
v -4 4 1.7
v 4 4 1.7
v 4.5 4 1.7
v 5 4 1.7
v 5.1 4 1.7
v -5.3 4 1.6
v -5.1 4 1.6
v -4.8 4 1.6
v -4.5 4 1.6
v -4.4 4 1.6
v -4 4 1.6
v -3.9 4 1.6
v -0.0999999 4 1.6
v 0.1 4 1.6
v 3.9 4 1.6
v 4 4 1.6
v 4.4 4 1.6
v 4.5 4 1.6
v 4.8 4 1.6
v 5.1 4 1.6
v 5.3 4 1.6
v -5.4 4 1.5
v -5.3 4 1.5
v -5 4 1.5
v -4.8 4 1.5
v -4.7 4 1.5
v -4.4 4 1.5
v 4.4 4 1.5
v 4.7 4 1.5
v 4.8 4 1.5
v 5 4 1.5
v 5.3 4 1.5
v 5.4 4 1.5
v -5.5 4 1.4
v -5.4 4 1.4
v -5.1 4 1.4
v -5 4 1.4
v -4.8 4 1.4
v -4.7 4 1.4
v 4.7 4 1.4
v 4.8 4 1.4
v 5 4 1.4
v 5.1 4 1.4
v 5.4 4 1.4
v 5.5 4 1.4
v -5.6 4 1.3
v -5.5 4 1.3
v -5.2 4 1.3
v -5.1 4 1.3
v -5 4 1.3
v -4.8 4 1.3
v 4.8 4 1.3
v 5 4 1.3
v 5.1 4 1.3
v 5.2 4 1.3
v 5.5 4 1.3
v 5.6 4 1.3
v -5.3 4 1.2
v -5.2 4 1.2
v -5.1 4 1.2
v -5 4 1.2
v -4.9 4 1.2
v -3.9 4 1.2
v -3.8 4 1.2
v -0.2 4 1.2
v -0.0999999 4 1.2
v 0.1 4 1.2
v 0.2 4 1.2
v 3.8 4 1.2
v 3.9 4 1.2
v 4.9 4 1.2
v 5 4 1.2
v 5.1 4 1.2
v 5.2 4 1.2
v 5.3 4 1.2
v -5.7 4 1.1
v -5.6 4 1.1
v -5.4 4 1.1
v -5.3 4 1.1
v -5.2 4 1.1
v -5.1 4 1.1
v -5 4 1.1
v -4.9 4 1.1
v -4.8 4 1.1
v -3.9 4 1.1
v -3.8 4 1.1
v -0.2 4 1.1
v -0.0999999 4 1.1
v 3.8 4 1.1
v 3.9 4 1.1
v 4.8 4 1.1
v 4.9 4 1.1
v 5 4 1.1
v 5.1 4 1.1
v 5.2 4 1.1
v 5.3 4 1.1
v 5.4 4 1.1
v 5.6 4 1.1
v 5.7 4 1.1
v -5.8 4 1
v -5.7 4 1
v -5.3 4 1
v -5.2 4 1
v -3.8 4 1
v -3.7 4 1
v -0.3 4 1
v -0.2 4 1
v 0.2 4 1
v 0.3 4 1
v 3.7 4 1
v 3.8 4 1
v 5.2 4 1
v 5.3 4 1
v 5.7 4 1
v 5.8 4 1
v -5.5 4 0.9
v -5.4 4 0.9
v -4.9 4 0.9
v -4.8 4 0.9
v -4.7 4 0.9
v -3.7 4 0.9
v -3.6 4 0.9
v -0.4 4 0.9
v -0.3 4 0.9
v 0.3 4 0.9
v 0.4 4 0.9
v 3.6 4 0.9
v 3.7 4 0.9
v 4.7 4 0.9
v 4.8 4 0.9
v 4.9 4 0.9
v 5.4 4 0.9
v 5.5 4 0.9
v -5.9 4 0.8
v -5.8 4 0.8
v -5.4 4 0.8
v -5.3 4 0.8
v -4.8 4 0.8
v -4.7 4 0.8
v -4.6 4 0.8
v 4.6 4 0.8
v 4.7 4 0.8
v 4.8 4 0.8
v 5.3 4 0.8
v 5.4 4 0.8
v 5.8 4 0.8
v 5.9 4 0.8
v -5.6 4 0.7
v -5.5 4 0.7
v -4.7 4 0.7
v -4.6 4 0.7
v -4.5 4 0.7
v -3.6 4 0.7
v -3.5 4 0.7
v -0.5 4 0.7
v -0.4 4 0.7
v 0.4 4 0.7
v 0.5 4 0.7
v 3.5 4 0.7
v 3.6 4 0.7
v 4.5 4 0.7
v 4.6 4 0.7
v 4.7 4 0.7
v 5.5 4 0.7
v 5.6 4 0.7
v -5.5 4 0.6
v -5.4 4 0.6
v -4.6 4 0.6
v -4.5 4 0.6
v -3.8 4 0.6
v -3.7 4 0.6
v -3.5 4 0.6
v -3.4 4 0.6
v -0.6 4 0.6
v -0.5 4 0.6
v -0.3 4 0.6
v -0.2 4 0.6
v 0.5 4 0.6
v 0.6 4 0.6
v 3.4 4 0.6
v 3.5 4 0.6
v 3.7 4 0.6
v 3.8 4 0.6
v 4.5 4 0.6
v 4.6 4 0.6
v 5.4 4 0.6
v 5.5 4 0.6
v -5.7 4 0.5
v -5.6 4 0.5
v -3.4 4 0.5
v -3.3 4 0.5
v -0.7 4 0.5
v -0.6 4 0.5
v 0.6 4 0.5
v 0.7 4 0.5
v 3.3 4 0.5
v 3.4 4 0.5
v 5.6 4 0.5
v 5.7 4 0.5
v -6 4 0.4
v -5.9 4 0.4
v -3.4 4 0.4
v -3.3 4 0.4
v -3.2 4 0.4
v -3.1 4 0.4
v -0.9 4 0.4
v -0.8 4 0.4
v -0.7 4 0.4
v -0.6 4 0.4
v 0.7 4 0.4
v 0.9 4 0.4
v 3.1 4 0.4
v 3.2 4 0.4
v 3.3 4 0.4
v 3.4 4 0.4
v 5.9 4 0.4
v 6 4 0.4
v -5.6 4 0.3
v -5.5 4 0.3
v -4.5 4 0.3
v -4.2 4 0.3
v -3.5 4 0.3
v -3.4 4 0.3
v -3.2 4 0.3
v -3.1 4 0.3
v -3 4 0.3
v -1 4 0.3
v -0.9 4 0.3
v -0.8 4 0.3
v -0.6 4 0.3
v -0.5 4 0.3
v 0.2 4 0.3
v 0.5 4 0.3
v 0.9 4 0.3
v 1 4 0.3
v 3 4 0.3
v 3.1 4 0.3
v 3.2 4 0.3
v 3.4 4 0.3
v 3.5 4 0.3
v 4.2 4 0.3
v 4.5 4 0.3
v 5.5 4 0.3
v 5.6 4 0.3
v -4.9 4 0.2
v -4.5 4 0.2
v -4.2 4 0.2
v -3.5 4 0.2
v -3.4 4 0.2
v -3 4 0.2
v -2.8 4 0.2
v -1.2 4 0.2
v -1 4 0.2
v -0.6 4 0.2
v -0.5 4 0.2
v 0.2 4 0.2
v 0.5 4 0.2
v 0.9 4 0.2
v 1 4 0.2
v 1.2 4 0.2
v 2.8 4 0.2
v 3 4 0.2
v 3.4 4 0.2
v 3.5 4 0.2
v 4.2 4 0.2
v 4.5 4 0.2
v 4.9 4 0.2
v -5.1 4 0.0999999
v -4.9 4 0.0999999
v -4.5 4 0.0999999
v -2.8 4 0.0999999
v -2.4 4 0.0999999
v -1.6 4 0.0999999
v -1.2 4 0.0999999
v 0.5 4 0.0999999
v 0.9 4 0.0999999
v 1.1 4 0.0999999
v 1.2 4 0.0999999
v 1.6 4 0.0999999
v 2.4 4 0.0999999
v 2.8 4 0.0999999
v 4.5 4 0.0999999
v 4.9 4 0.0999999
v 5.1 4 0.0999999
v -5.2 4 0
v -5.1 4 0
v -4.9 4 0
v 0.9 4 0
v 1.1 4 0
v 1.2 4 0
v 4.9 4 0
v 5.1 4 0
v 5.2 4 0
v -5.3 4 -0.1
v -5.2 4 -0.1
v -5.1 4 -0.1
v -4.4 4 -0.1
v -4.3 4 -0.1
v -2.8 4 -0.1
v -2.4 4 -0.1
v -1.6 4 -0.1
v -1.2 4 -0.1
v 0.3 4 -0.1
v 0.4 4 -0.1
v 1.1 4 -0.1
v 1.2 4 -0.1
v 1.6 4 -0.1
v 2.4 4 -0.1
v 2.8 4 -0.1
v 4.3 4 -0.1
v 4.4 4 -0.1
v 5.1 4 -0.1
v 5.2 4 -0.1
v 5.3 4 -0.1
v -5.4 4 -0.2
v -5.3 4 -0.2
v -5.2 4 -0.2
v -4.5 4 -0.2
v -4.4 4 -0.2
v -4.3 4 -0.2
v -3.4 4 -0.2
v -3.3 4 -0.2
v -3 4 -0.2
v -2.8 4 -0.2
v -1.2 4 -0.2
v -1 4 -0.2
v -0.7 4 -0.2
v -0.6 4 -0.2
v 0.3 4 -0.2
v 0.4 4 -0.2
v 0.5 4 -0.2
v 1 4 -0.2
v 1.2 4 -0.2
v 2.8 4 -0.2
v 3 4 -0.2
v 3.3 4 -0.2
v 3.4 4 -0.2
v 4.3 4 -0.2
v 4.4 4 -0.2
v 4.5 4 -0.2
v 5.2 4 -0.2
v 5.3 4 -0.2
v 5.4 4 -0.2
v -5.6 4 -0.3
v -5.4 4 -0.3
v -5.3 4 -0.3
v -3.4 4 -0.3
v -3.3 4 -0.3
v -3.2 4 -0.3
v -3.1 4 -0.3
v -3 4 -0.3
v -1 4 -0.3
v -0.9 4 -0.3
v -0.8 4 -0.3
v -0.7 4 -0.3
v -0.6 4 -0.3
v 0.9 4 -0.3
v 1 4 -0.3
v 3 4 -0.3
v 3.1 4 -0.3
v 3.2 4 -0.3
v 3.3 4 -0.3
v 3.4 4 -0.3
v 5.3 4 -0.3
v 5.4 4 -0.3
v 5.6 4 -0.3
v -6 4 -0.4
v -5.9 4 -0.4
v -5.5 4 -0.4
v -5.4 4 -0.4
v -4.6 4 -0.4
v -4.5 4 -0.4
v -4.4 4 -0.4
v -3.3 4 -0.4
v -3.2 4 -0.4
v -3.1 4 -0.4
v -0.9 4 -0.4
v -0.8 4 -0.4
v -0.7 4 -0.4
v 0.4 4 -0.4
v 0.5 4 -0.4
v 0.6 4 -0.4
v 0.7 4 -0.4
v 0.9 4 -0.4
v 3.1 4 -0.4
v 3.2 4 -0.4
v 3.3 4 -0.4
v 4.4 4 -0.4
v 4.5 4 -0.4
v 4.6 4 -0.4
v 5.4 4 -0.4
v 5.5 4 -0.4
v 5.9 4 -0.4
v 6 4 -0.4
v -5.7 4 -0.5
v -5.6 4 -0.5
v -3.4 4 -0.5
v -3.3 4 -0.5
v -0.7 4 -0.5
v -0.6 4 -0.5
v 0.6 4 -0.5
v 0.7 4 -0.5
v 3.3 4 -0.5
v 3.4 4 -0.5
v 5.6 4 -0.5
v 5.7 4 -0.5
v -5.5 4 -0.6
v -5.4 4 -0.6
v -4.7 4 -0.6
v -4.6 4 -0.6
v -4.5 4 -0.6
v -3.5 4 -0.6
v -3.4 4 -0.6
v -0.6 4 -0.6
v -0.5 4 -0.6
v 0.5 4 -0.6
v 0.6 4 -0.6
v 3.4 4 -0.6
v 3.5 4 -0.6
v 4.5 4 -0.6
v 4.6 4 -0.6
v 4.7 4 -0.6
v 5.4 4 -0.6
v 5.5 4 -0.6
v -5.6 4 -0.7
v -5.5 4 -0.7
v -3.6 4 -0.7
v -3.5 4 -0.7
v -0.5 4 -0.7
v -0.4 4 -0.7
v 0.4 4 -0.7
v 0.5 4 -0.7
v 3.5 4 -0.7
v 3.6 4 -0.7
v 5.5 4 -0.7
v 5.6 4 -0.7
v -5.9 4 -0.8
v -5.8 4 -0.8
v -5.4 4 -0.8
v -5.3 4 -0.8
v -4.8 4 -0.8
v -4.7 4 -0.8
v -4.6 4 -0.8
v 4.6 4 -0.8
v 4.7 4 -0.8
v 4.8 4 -0.8
v 5.3 4 -0.8
v 5.4 4 -0.8
v 5.8 4 -0.8
v 5.9 4 -0.8
v -5.5 4 -0.9
v -5.4 4 -0.9
v -5.3 4 -0.9
v -5.2 4 -0.9
v -3.7 4 -0.9
v -3.6 4 -0.9
v -0.4 4 -0.9
v -0.3 4 -0.9
v 0.3 4 -0.9
v 0.4 4 -0.9
v 3.6 4 -0.9
v 3.7 4 -0.9
v 5.2 4 -0.9
v 5.3 4 -0.9
v 5.4 4 -0.9
v 5.5 4 -0.9
v -5.8 4 -1
v -5.7 4 -1
v -5.2 4 -1
v -5.1 4 -1
v -4.9 4 -1
v -4.8 4 -1
v -4.7 4 -1
v -3.8 4 -1
v -3.7 4 -1
v -0.3 4 -1
v -0.2 4 -1
v 0.2 4 -1
v 0.3 4 -1
v 3.7 4 -1
v 3.8 4 -1
v 4.7 4 -1
v 4.8 4 -1
v 4.9 4 -1
v 5.1 4 -1
v 5.2 4 -1
v 5.7 4 -1
v 5.8 4 -1
v -5.7 4 -1.1
v -5.6 4 -1.1
v -5.4 4 -1.1
v -5.3 4 -1.1
v -5.1 4 -1.1
v -5 4 -1.1
v 5 4 -1.1
v 5.1 4 -1.1
v 5.3 4 -1.1
v 5.4 4 -1.1
v 5.6 4 -1.1
v 5.7 4 -1.1
v -5.3 4 -1.2
v -5.2 4 -1.2
v -3.9 4 -1.2
v -3.8 4 -1.2
v -0.2 4 -1.2
v -0.0999999 4 -1.2
v 0.1 4 -1.2
v 0.2 4 -1.2
v 3.8 4 -1.2
v 3.9 4 -1.2
v 5.2 4 -1.2
v 5.3 4 -1.2
v -5.6 4 -1.3
v -5.5 4 -1.3
v -5.2 4 -1.3
v -5.1 4 -1.3
v -5 4 -1.3
v -4.9 4 -1.3
v -4.8 4 -1.3
v -4.7 4 -1.3
v 4.7 4 -1.3
v 4.8 4 -1.3
v 4.9 4 -1.3
v 5 4 -1.3
v 5.1 4 -1.3
v 5.2 4 -1.3
v 5.5 4 -1.3
v 5.6 4 -1.3
v -5.5 4 -1.4
v -5.4 4 -1.4
v -5.1 4 -1.4
v -4.9 4 -1.4
v -4.7 4 -1.4
v -4.6 4 -1.4
v 4.6 4 -1.4
v 4.7 4 -1.4
v 4.9 4 -1.4
v 5.1 4 -1.4
v 5.4 4 -1.4
v 5.5 4 -1.4
v -5.4 4 -1.5
v -5.3 4 -1.5
v -4.9 4 -1.5
v -4.7 4 -1.5
v -4.6 4 -1.5
v -4.3 4 -1.5
v 4.3 4 -1.5
v 4.6 4 -1.5
v 4.7 4 -1.5
v 4.9 4 -1.5
v 5.3 4 -1.5
v 5.4 4 -1.5
v -5.3 4 -1.6
v -5.1 4 -1.6
v -4.7 4 -1.6
v -4.5 4 -1.6
v -4.3 4 -1.6
v -4 4 -1.6
v -3.9 4 -1.6
v -0.0999999 4 -1.6
v 0.1 4 -1.6
v 3.9 4 -1.6
v 4 4 -1.6
v 4.3 4 -1.6
v 4.5 4 -1.6
v 4.7 4 -1.6
v 5.1 4 -1.6
v 5.3 4 -1.6
v -5.1 4 -1.7
v -5 4 -1.7
v -4.5 4 -1.7
v -4 4 -1.7
v 4 4 -1.7
v 4.5 4 -1.7
v 5 4 -1.7
v 5.1 4 -1.7
v -5 4 -1.8
v -4.8 4 -1.8
v 4.8 4 -1.8
v 5 4 -1.8
v -4.8 4 -1.9
v -4.4 4 -1.9
v 4.4 4 -1.9
v 4.8 4 -1.9
v -4.8 4 -2.1
v -4.4 4 -2.1
v 4.4 4 -2.1
v 4.8 4 -2.1
v -5 4 -2.2
v -4.8 4 -2.2
v 4.8 4 -2.2
v 5 4 -2.2
v -5.1 4 -2.3
v -5 4 -2.3
v -4.5 4 -2.3
v -4 4 -2.3
v 4 4 -2.3
v 4.5 4 -2.3
v 5 4 -2.3
v 5.1 4 -2.3
v -5.3 4 -2.4
v -5.1 4 -2.4
v -4.7 4 -2.4
v -4.5 4 -2.4
v -4.3 4 -2.4
v -4 4 -2.4
v -3.9 4 -2.4
v -0.0999999 4 -2.4
v 0.1 4 -2.4
v 3.9 4 -2.4
v 4 4 -2.4
v 4.3 4 -2.4
v 4.5 4 -2.4
v 4.7 4 -2.4
v 5.1 4 -2.4
v 5.3 4 -2.4
v -5.4 4 -2.5
v -5.3 4 -2.5
v -4.9 4 -2.5
v -4.7 4 -2.5
v -4.6 4 -2.5
v -4.3 4 -2.5
v 4.3 4 -2.5
v 4.6 4 -2.5
v 4.7 4 -2.5
v 4.9 4 -2.5
v 5.3 4 -2.5
v 5.4 4 -2.5
v -5.5 4 -2.6
v -5.4 4 -2.6
v -5.1 4 -2.6
v -4.9 4 -2.6
v -4.7 4 -2.6
v -4.6 4 -2.6
v 4.6 4 -2.6
v 4.7 4 -2.6
v 4.9 4 -2.6
v 5.1 4 -2.6
v 5.4 4 -2.6
v 5.5 4 -2.6
v -5.6 4 -2.7
v -5.5 4 -2.7
v -5.2 4 -2.7
v -5.1 4 -2.7
v -5 4 -2.7
v -4.9 4 -2.7
v -4.8 4 -2.7
v -4.7 4 -2.7
v 4.7 4 -2.7
v 4.8 4 -2.7
v 4.9 4 -2.7
v 5 4 -2.7
v 5.1 4 -2.7
v 5.2 4 -2.7
v 5.5 4 -2.7
v 5.6 4 -2.7
v -5.3 4 -2.8
v -5.2 4 -2.8
v -3.9 4 -2.8
v -3.8 4 -2.8
v -0.2 4 -2.8
v -0.0999999 4 -2.8
v 0.1 4 -2.8
v 0.2 4 -2.8
v 3.8 4 -2.8
v 3.9 4 -2.8
v 5.2 4 -2.8
v 5.3 4 -2.8
v -5.7 4 -2.9
v -5.6 4 -2.9
v -5.4 4 -2.9
v -5.3 4 -2.9
v -5.1 4 -2.9
v -5 4 -2.9
v 5 4 -2.9
v 5.1 4 -2.9
v 5.3 4 -2.9
v 5.4 4 -2.9
v 5.6 4 -2.9
v 5.7 4 -2.9
v -5.8 4 -3
v -5.7 4 -3
v -5.2 4 -3
v -5.1 4 -3
v -4.9 4 -3
v -4.8 4 -3
v -4.7 4 -3
v -3.8 4 -3
v -3.7 4 -3
v -0.3 4 -3
v -0.2 4 -3
v 0.2 4 -3
v 0.3 4 -3
v 3.7 4 -3
v 3.8 4 -3
v 4.7 4 -3
v 4.8 4 -3
v 4.9 4 -3
v 5.1 4 -3
v 5.2 4 -3
v 5.7 4 -3
v 5.8 4 -3
v -5.5 4 -3.1
v -5.4 4 -3.1
v -5.3 4 -3.1
v -5.2 4 -3.1
v -3.7 4 -3.1
v -3.6 4 -3.1
v -0.4 4 -3.1
v -0.3 4 -3.1
v 0.3 4 -3.1
v 0.4 4 -3.1
v 3.6 4 -3.1
v 3.7 4 -3.1
v 5.2 4 -3.1
v 5.3 4 -3.1
v 5.4 4 -3.1
v 5.5 4 -3.1
v -5.9 4 -3.2
v -5.8 4 -3.2
v -5.4 4 -3.2
v -5.3 4 -3.2
v -4.8 4 -3.2
v -4.7 4 -3.2
v -4.6 4 -3.2
v 4.6 4 -3.2
v 4.7 4 -3.2
v 4.8 4 -3.2
v 5.3 4 -3.2
v 5.4 4 -3.2
v 5.8 4 -3.2
v 5.9 4 -3.2
v -5.6 4 -3.3
v -5.5 4 -3.3
v -3.6 4 -3.3
v -3.5 4 -3.3
v -0.5 4 -3.3
v -0.4 4 -3.3
v 0.4 4 -3.3
v 0.5 4 -3.3
v 3.5 4 -3.3
v 3.6 4 -3.3
v 5.5 4 -3.3
v 5.6 4 -3.3
v -5.5 4 -3.4
v -5.4 4 -3.4
v -4.7 4 -3.4
v -4.6 4 -3.4
v -4.5 4 -3.4
v -3.5 4 -3.4
v -3.4 4 -3.4
v -0.6 4 -3.4
v -0.5 4 -3.4
v 0.5 4 -3.4
v 0.6 4 -3.4
v 3.4 4 -3.4
v 3.5 4 -3.4
v 4.5 4 -3.4
v 4.6 4 -3.4
v 4.7 4 -3.4
v 5.4 4 -3.4
v 5.5 4 -3.4
v -5.7 4 -3.5
v -5.6 4 -3.5
v -3.4 4 -3.5
v -3.3 4 -3.5
v -0.7 4 -3.5
v -0.6 4 -3.5
v 0.6 4 -3.5
v 0.7 4 -3.5
v 3.3 4 -3.5
v 3.4 4 -3.5
v 5.6 4 -3.5
v 5.7 4 -3.5
v -6 4 -3.6
v -5.9 4 -3.6
v -5.5 4 -3.6
v -5.4 4 -3.6
v -4.6 4 -3.6
v -4.5 4 -3.6
v -4.4 4 -3.6
v -3.3 4 -3.6
v -3.2 4 -3.6
v -3.1 4 -3.6
v -0.9 4 -3.6
v -0.8 4 -3.6
v -0.7 4 -3.6
v 0.4 4 -3.6
v 0.5 4 -3.6
v 0.6 4 -3.6
v 0.7 4 -3.6
v 0.9 4 -3.6
v 3.1 4 -3.6
v 3.2 4 -3.6
v 3.3 4 -3.6
v 4.4 4 -3.6
v 4.5 4 -3.6
v 4.6 4 -3.6
v 5.4 4 -3.6
v 5.5 4 -3.6
v 5.9 4 -3.6
v 6 4 -3.6
v -5.6 4 -3.7
v -5.4 4 -3.7
v -5.3 4 -3.7
v -3.4 4 -3.7
v -3.3 4 -3.7
v -3.2 4 -3.7
v -3.1 4 -3.7
v -3 4 -3.7
v -1 4 -3.7
v -0.9 4 -3.7
v -0.8 4 -3.7
v -0.7 4 -3.7
v -0.6 4 -3.7
v 0.9 4 -3.7
v 1 4 -3.7
v 3 4 -3.7
v 3.1 4 -3.7
v 3.2 4 -3.7
v 3.3 4 -3.7
v 3.4 4 -3.7
v 5.3 4 -3.7
v 5.4 4 -3.7
v 5.6 4 -3.7
v -5.4 4 -3.8
v -5.3 4 -3.8
v -5.2 4 -3.8
v -4.5 4 -3.8
v -4.4 4 -3.8
v -4.3 4 -3.8
v -3.4 4 -3.8
v -3.3 4 -3.8
v -3 4 -3.8
v -2.8 4 -3.8
v -1.2 4 -3.8
v -1 4 -3.8
v -0.7 4 -3.8
v -0.6 4 -3.8
v 0.3 4 -3.8
v 0.4 4 -3.8
v 0.5 4 -3.8
v 1 4 -3.8
v 1.2 4 -3.8
v 2.8 4 -3.8
v 3 4 -3.8
v 3.3 4 -3.8
v 3.4 4 -3.8
v 4.3 4 -3.8
v 4.4 4 -3.8
v 4.5 4 -3.8
v 5.2 4 -3.8
v 5.3 4 -3.8
v 5.4 4 -3.8
v -5.3 4 -3.9
v -5.2 4 -3.9
v -5.1 4 -3.9
v -4.4 4 -3.9
v -4.3 4 -3.9
v -2.8 4 -3.9
v -2.4 4 -3.9
v -1.6 4 -3.9
v -1.2 4 -3.9
v 0.3 4 -3.9
v 0.4 4 -3.9
v 1.1 4 -3.9
v 1.2 4 -3.9
v 1.6 4 -3.9
v 2.4 4 -3.9
v 2.8 4 -3.9
v 4.3 4 -3.9
v 4.4 4 -3.9
v 5.1 4 -3.9
v 5.2 4 -3.9
v 5.3 4 -3.9
v -5.2 4 -4
v -5.1 4 -4
v -4.9 4 -4
v -2.4 4 -4
v -2.3 4 -4
v -1.7 4 -4
v -1.6 4 -4
v 0.9 4 -4
v 1.1 4 -4
v 1.2 4 -4
v 1.6 4 -4
v 1.7 4 -4
v 2.3 4 -4
v 2.4 4 -4
v 4.9 4 -4
v 5.1 4 -4
v 5.2 4 -4
v -5.1 4 -4.1
v -4.9 4 -4.1
v -4.5 4 -4.1
v 0.5 4 -4.1
v 0.9 4 -4.1
v 1.1 4 -4.1
v 4.5 4 -4.1
v 4.9 4 -4.1
v 5.1 4 -4.1
v -4.9 4 -4.2
v -4.5 4 -4.2
v -4.2 4 -4.2
v -3.5 4 -4.2
v -3.4 4 -4.2
v -0.6 4 -4.2
v -0.5 4 -4.2
v 0.2 4 -4.2
v 0.5 4 -4.2
v 0.9 4 -4.2
v 3.4 4 -4.2
v 3.5 4 -4.2
v 4.2 4 -4.2
v 4.5 4 -4.2
v 4.9 4 -4.2
v -5.6 4 -4.3
v -5.5 4 -4.3
v -4.5 4 -4.3
v -4.2 4 -4.3
v -3.5 4 -4.3
v -3.4 4 -4.3
v -3.2 4 -4.3
v -0.8 4 -4.3
v -0.6 4 -4.3
v -0.5 4 -4.3
v 0.2 4 -4.3
v 0.5 4 -4.3
v 1.5 4 -4.3
v 1.6 4 -4.3
v 3.2 4 -4.3
v 3.4 4 -4.3
v 3.5 4 -4.3
v 4.2 4 -4.3
v 4.5 4 -4.3
v 5.5 4 -4.3
v 5.6 4 -4.3
v -6 4 -4.4
v -5.9 4 -4.4
v -3.4 4 -4.4
v -3.2 4 -4.4
v -3.1 4 -4.4
v -2.5 4 -4.4
v -2.4 4 -4.4
v -2.1 4 -4.4
v -1.9 4 -4.4
v -1.6 4 -4.4
v -1.5 4 -4.4
v -0.9 4 -4.4
v -0.8 4 -4.4
v -0.6 4 -4.4
v 1.9 4 -4.4
v 2.1 4 -4.4
v 2.4 4 -4.4
v 2.5 4 -4.4
v 3.1 4 -4.4
v 3.2 4 -4.4
v 3.4 4 -4.4
v 5.9 4 -4.4
v 6 4 -4.4
v -5.7 4 -4.5
v -5.6 4 -4.5
v -3.2 4 -4.5
v -3.1 4 -4.5
v -2.9 4 -4.5
v -2.4 4 -4.5
v -2.3 4 -4.5
v -1.7 4 -4.5
v -1.6 4 -4.5
v -1.1 4 -4.5
v -0.9 4 -4.5
v -0.8 4 -4.5
v 1.6 4 -4.5
v 1.7 4 -4.5
v 2.3 4 -4.5
v 2.4 4 -4.5
v 2.9 4 -4.5
v 3.1 4 -4.5
v 3.2 4 -4.5
v 5.6 4 -4.5
v 5.7 4 -4.5
v -5.5 4 -4.6
v -5.4 4 -4.6
v -4.6 4 -4.6
v -4.5 4 -4.6
v -3.8 4 -4.6
v -3.7 4 -4.6
v -3.1 4 -4.6
v -2.9 4 -4.6
v -2.7 4 -4.6
v -1.3 4 -4.6
v -1.1 4 -4.6
v -0.9 4 -4.6
v -0.3 4 -4.6
v -0.2 4 -4.6
v 0.5 4 -4.6
v 0.6 4 -4.6
v 1.4 4 -4.6
v 1.5 4 -4.6
v 2.7 4 -4.6
v 2.9 4 -4.6
v 3.1 4 -4.6
v 3.7 4 -4.6
v 3.8 4 -4.6
v 4.5 4 -4.6
v 4.6 4 -4.6
v 5.4 4 -4.6
v 5.5 4 -4.6
v -5.6 4 -4.7
v -5.5 4 -4.7
v -4.7 4 -4.7
v -4.6 4 -4.7
v -4.5 4 -4.7
v -2.9 4 -4.7
v -2.7 4 -4.7
v -2.5 4 -4.7
v -2.4 4 -4.7
v -1.6 4 -4.7
v -1.5 4 -4.7
v -1.3 4 -4.7
v -1.1 4 -4.7
v 0.5 4 -4.7
v 0.6 4 -4.7
v 0.7 4 -4.7
v 1.5 4 -4.7
v 1.6 4 -4.7
v 2.4 4 -4.7
v 2.5 4 -4.7
v 2.7 4 -4.7
v 2.9 4 -4.7
v 4.5 4 -4.7
v 4.6 4 -4.7
v 4.7 4 -4.7
v 5.5 4 -4.7
v 5.6 4 -4.7
v -5.9 4 -4.8
v -5.8 4 -4.8
v -5.4 4 -4.8
v -5.3 4 -4.8
v -4.8 4 -4.8
v -4.7 4 -4.8
v -4.6 4 -4.8
v -2.2 4 -4.8
v -2.1 4 -4.8
v -1.9 4 -4.8
v -1.8 4 -4.8
v 0.6 4 -4.8
v 0.7 4 -4.8
v 0.8 4 -4.8
v 1.3 4 -4.8
v 1.4 4 -4.8
v 1.8 4 -4.8
v 1.9 4 -4.8
v 2.1 4 -4.8
v 2.2 4 -4.8
v 4.6 4 -4.8
v 4.7 4 -4.8
v 4.8 4 -4.8
v 5.3 4 -4.8
v 5.4 4 -4.8
v 5.8 4 -4.8
v 5.9 4 -4.8
v -5.5 4 -4.9
v -5.4 4 -4.9
v -4.9 4 -4.9
v -4.8 4 -4.9
v -4.7 4 -4.9
v -2.6 4 -4.9
v -2.5 4 -4.9
v -1.5 4 -4.9
v -1.4 4 -4.9
v 0.7 4 -4.9
v 0.8 4 -4.9
v 0.9 4 -4.9
v 1.4 4 -4.9
v 1.5 4 -4.9
v 2.5 4 -4.9
v 2.6 4 -4.9
v 4.7 4 -4.9
v 4.8 4 -4.9
v 4.9 4 -4.9
v 5.4 4 -4.9
v 5.5 4 -4.9
v -5.8 4 -5
v -5.7 4 -5
v -5.3 4 -5
v -5.2 4 -5
v -2.8 4 -5
v -2.7 4 -5
v -2.3 4 -5
v -2.2 4 -5
v -1.8 4 -5
v -1.7 4 -5
v -1.3 4 -5
v -1.2 4 -5
v 1.2 4 -5
v 1.3 4 -5
v 1.7 4 -5
v 1.8 4 -5
v 2.2 4 -5
v 2.3 4 -5
v 2.7 4 -5
v 2.8 4 -5
v 5.2 4 -5
v 5.3 4 -5
v 5.7 4 -5
v 5.8 4 -5
v -5.7 4 -5.1
v -5.6 4 -5.1
v -5.4 4 -5.1
v -5.3 4 -5.1
v -5.2 4 -5.1
v -5.1 4 -5.1
v -5 4 -5.1
v -4.9 4 -5.1
v -4.8 4 -5.1
v -3.9 4 -5.1
v -3.8 4 -5.1
v -3.7 4 -5.1
v -2.9 4 -5.1
v -2.8 4 -5.1
v -2.7 4 -5.1
v -2.6 4 -5.1
v -2.4 4 -5.1
v -2.3 4 -5.1
v -1.7 4 -5.1
v -1.6 4 -5.1
v -1.4 4 -5.1
v -1.3 4 -5.1
v -1.2 4 -5.1
v -1.1 4 -5.1
v -0.3 4 -5.1
v -0.2 4 -5.1
v -0.0999999 4 -5.1
v 0.8 4 -5.1
v 0.9 4 -5.1
v 1 4 -5.1
v 1.1 4 -5.1
v 1.2 4 -5.1
v 1.3 4 -5.1
v 1.4 4 -5.1
v 1.6 4 -5.1
v 1.7 4 -5.1
v 2.3 4 -5.1
v 2.4 4 -5.1
v 2.6 4 -5.1
v 2.7 4 -5.1
v 2.8 4 -5.1
v 2.9 4 -5.1
v 3.7 4 -5.1
v 3.8 4 -5.1
v 3.9 4 -5.1
v 4.8 4 -5.1
v 4.9 4 -5.1
v 5 4 -5.1
v 5.1 4 -5.1
v 5.2 4 -5.1
v 5.3 4 -5.1
v 5.4 4 -5.1
v 5.6 4 -5.1
v 5.7 4 -5.1
v -5.3 4 -5.2
v -5.2 4 -5.2
v -5.1 4 -5.2
v -5 4 -5.2
v -4.9 4 -5.2
v -3 4 -5.2
v -2.9 4 -5.2
v -2.8 4 -5.2
v -2.7 4 -5.2
v -1.3 4 -5.2
v -1.2 4 -5.2
v -1.1 4 -5.2
v -1 4 -5.2
v 0.9 4 -5.2
v 1 4 -5.2
v 1.1 4 -5.2
v 1.2 4 -5.2
v 1.3 4 -5.2
v 2.7 4 -5.2
v 2.8 4 -5.2
v 2.9 4 -5.2
v 3 4 -5.2
v 4.9 4 -5.2
v 5 4 -5.2
v 5.1 4 -5.2
v 5.2 4 -5.2
v 5.3 4 -5.2
v -5.6 4 -5.3
v -5.5 4 -5.3
v -5.2 4 -5.3
v -5.1 4 -5.3
v -5 4 -5.3
v -4.8 4 -5.3
v -3.2 4 -5.3
v -3 4 -5.3
v -2.9 4 -5.3
v -2.8 4 -5.3
v -2.5 4 -5.3
v -2.4 4 -5.3
v -1.6 4 -5.3
v -1.5 4 -5.3
v -1.2 4 -5.3
v -1.1 4 -5.3
v -1 4 -5.3
v -0.8 4 -5.3
v 0.8 4 -5.3
v 1 4 -5.3
v 1.1 4 -5.3
v 1.2 4 -5.3
v 1.5 4 -5.3
v 1.6 4 -5.3
v 2.4 4 -5.3
v 2.5 4 -5.3
v 2.8 4 -5.3
v 2.9 4 -5.3
v 3 4 -5.3
v 3.2 4 -5.3
v 4.8 4 -5.3
v 5 4 -5.3
v 5.1 4 -5.3
v 5.2 4 -5.3
v 5.5 4 -5.3
v 5.6 4 -5.3
v -5.5 4 -5.4
v -5.4 4 -5.4
v -5.1 4 -5.4
v -5 4 -5.4
v -4.8 4 -5.4
v -4.7 4 -5.4
v -3.4 4 -5.4
v -3.2 4 -5.4
v -3.1 4 -5.4
v -2.9 4 -5.4
v -2.6 4 -5.4
v -2.5 4 -5.4
v -1.5 4 -5.4
v -1.4 4 -5.4
v -1.1 4 -5.4
v -0.9 4 -5.4
v -0.8 4 -5.4
v -0.6 4 -5.4
v 0.7 4 -5.4
v 0.8 4 -5.4
v 1 4 -5.4
v 1.1 4 -5.4
v 1.4 4 -5.4
v 1.5 4 -5.4
v 2.5 4 -5.4
v 2.6 4 -5.4
v 2.9 4 -5.4
v 3.1 4 -5.4
v 3.2 4 -5.4
v 3.4 4 -5.4
v 4.7 4 -5.4
v 4.8 4 -5.4
v 5 4 -5.4
v 5.1 4 -5.4
v 5.4 4 -5.4
v 5.5 4 -5.4
v -5.4 4 -5.5
v -5.3 4 -5.5
v -5 4 -5.5
v -4.8 4 -5.5
v -4.7 4 -5.5
v -4.4 4 -5.5
v -3.6 4 -5.5
v -3.4 4 -5.5
v -3.3 4 -5.5
v -3.1 4 -5.5
v -2.7 4 -5.5
v -2.6 4 -5.5
v -1.4 4 -5.5
v -1.3 4 -5.5
v -0.9 4 -5.5
v -0.7 4 -5.5
v -0.6 4 -5.5
v -0.4 4 -5.5
v 0.4 4 -5.5
v 0.7 4 -5.5
v 0.8 4 -5.5
v 1 4 -5.5
v 1.3 4 -5.5
v 1.4 4 -5.5
v 2.6 4 -5.5
v 2.7 4 -5.5
v 3.1 4 -5.5
v 3.3 4 -5.5
v 3.4 4 -5.5
v 3.6 4 -5.5
v 4.4 4 -5.5
v 4.7 4 -5.5
v 4.8 4 -5.5
v 5 4 -5.5
v 5.3 4 -5.5
v 5.4 4 -5.5
v -5.3 4 -5.6
v -5.1 4 -5.6
v -4.8 4 -5.6
v -4.5 4 -5.6
v -4.4 4 -5.6
v -3.9 4 -5.6
v -3.8 4 -5.6
v -3.6 4 -5.6
v -3.5 4 -5.6
v -3.3 4 -5.6
v -2.9 4 -5.6
v -2.7 4 -5.6
v -1.3 4 -5.6
v -1.1 4 -5.6
v -0.7 4 -5.6
v -0.5 4 -5.6
v -0.4 4 -5.6
v -0.2 4 -5.6
v -0.0999999 4 -5.6
v 0.4 4 -5.6
v 0.5 4 -5.6
v 0.8 4 -5.6
v 1.1 4 -5.6
v 1.3 4 -5.6
v 2.7 4 -5.6
v 2.9 4 -5.6
v 3.3 4 -5.6
v 3.5 4 -5.6
v 3.6 4 -5.6
v 3.8 4 -5.6
v 3.9 4 -5.6
v 4.4 4 -5.6
v 4.5 4 -5.6
v 4.8 4 -5.6
v 5.1 4 -5.6
v 5.3 4 -5.6
v -5.1 4 -5.7
v -5 4 -5.7
v -4.5 4 -5.7
v -3.5 4 -5.7
v -3 4 -5.7
v -2.9 4 -5.7
v -1.1 4 -5.7
v -1 4 -5.7
v -0.5 4 -5.7
v 0.5 4 -5.7
v 1 4 -5.7
v 1.1 4 -5.7
v 2.9 4 -5.7
v 3 4 -5.7
v 3.5 4 -5.7
v 4.5 4 -5.7
v 5 4 -5.7
v 5.1 4 -5.7
v -5 4 -5.8
v -4.8 4 -5.8
v -3.2 4 -5.8
v -3 4 -5.8
v -1 4 -5.8
v -0.8 4 -5.8
v 0.8 4 -5.8
v 1 4 -5.8
v 3 4 -5.8
v 3.2 4 -5.8
v 4.8 4 -5.8
v 5 4 -5.8
v -4.8 4 -5.9
v -4.4 4 -5.9
v -3.6 4 -5.9
v -3.2 4 -5.9
v -0.8 4 -5.9
v -0.4 4 -5.9
v 0.4 4 -5.9
v 0.8 4 -5.9
v 3.2 4 -5.9
v 3.6 4 -5.9
v 4.4 4 -5.9
v 4.8 4 -5.9
v -4.4 4 -6
v -3.6 4 -6
v -0.4 4 -6
v 0.4 4 -6
v 3.6 4 -6
v 4.4 4 -6
v -3.9 6.1 3.8
v -3.8 6.1 3.8
v 3.8 6.1 3.8
v 3.9 6.1 3.8
v -3.9 6.1 3.7
v -3.8 6.1 3.7
v -3.4 6.1 3.7
v -3.3 6.1 3.7
v 3.3 6.1 3.7
v 3.4 6.1 3.7
v 3.8 6.1 3.7
v 3.9 6.1 3.7
v -3.8 6.1 3.6
v -3.7 6.1 3.6
v -3.3 6.1 3.6
v 3.3 6.1 3.6
v 3.7 6.1 3.6
v 3.8 6.1 3.6
v -3.4 6.1 3.5
v -3.3 6.1 3.5
v 3.3 6.1 3.5
v 3.4 6.1 3.5
v -3.8 6.1 3.2
v -3.7 6.1 3.2
v -3.6 6.1 3.2
v 3.6 6.1 3.2
v 3.7 6.1 3.2
v 3.8 6.1 3.2
v -3.7 6.1 3.1
v -3.6 6.1 3.1
v 3.6 6.1 3.1
v 3.7 6.1 3.1
v -3.7 6.1 -3.1
v -3.6 6.1 -3.1
v 3.6 6.1 -3.1
v 3.7 6.1 -3.1
v -3.8 6.1 -3.2
v -3.7 6.1 -3.2
v -3.6 6.1 -3.2
v 3.6 6.1 -3.2
v 3.7 6.1 -3.2
v 3.8 6.1 -3.2
v -3.4 6.1 -3.5
v -3.3 6.1 -3.5
v 3.3 6.1 -3.5
v 3.4 6.1 -3.5
v -3.8 6.1 -3.6
v -3.7 6.1 -3.6
v -3.3 6.1 -3.6
v 3.3 6.1 -3.6
v 3.7 6.1 -3.6
v 3.8 6.1 -3.6
v -3.9 6.1 -3.7
v -3.8 6.1 -3.7
v -3.4 6.1 -3.7
v -3.3 6.1 -3.7
v 3.3 6.1 -3.7
v 3.4 6.1 -3.7
v 3.8 6.1 -3.7
v 3.9 6.1 -3.7
v -3.9 6.1 -3.8
v -3.8 6.1 -3.8
v 3.8 6.1 -3.8
v 3.9 6.1 -3.8
v -3.8 6.2 3.8
v -3.4 6.2 3.8
v 3.4 6.2 3.8
v 3.8 6.2 3.8
v -3.8 6.2 3.6
v -3.7 6.2 3.6
v 3.7 6.2 3.6
v 3.8 6.2 3.6
v -3.4 6.2 3.5
v 3.4 6.2 3.5
v -3.5 6.2 3.4
v -3.4 6.2 3.4
v 3.4 6.2 3.4
v 3.5 6.2 3.4
v -3.6 6.2 3.3
v -3.5 6.2 3.3
v 3.5 6.2 3.3
v 3.6 6.2 3.3
v -3.7 6.2 3.2
v -3.6 6.2 3.2
v 3.6 6.2 3.2
v 3.7 6.2 3.2
v -3.7 6.2 -3.2
v -3.6 6.2 -3.2
v 3.6 6.2 -3.2
v 3.7 6.2 -3.2
v -3.6 6.2 -3.3
v -3.5 6.2 -3.3
v 3.5 6.2 -3.3
v 3.6 6.2 -3.3
v -3.5 6.2 -3.4
v -3.4 6.2 -3.4
v 3.4 6.2 -3.4
v 3.5 6.2 -3.4
v -3.4 6.2 -3.5
v 3.4 6.2 -3.5
v -3.8 6.2 -3.6
v -3.7 6.2 -3.6
v 3.7 6.2 -3.6
v 3.8 6.2 -3.6
v -3.8 6.2 -3.8
v -3.4 6.2 -3.8
v 3.4 6.2 -3.8
v 3.8 6.2 -3.8
v -2.4 8 4
v -1.6 8 4
v 1.6 8 4
v 2.4 8 4
v -2.8 8 3.9
v -2.4 8 3.9
v -1.6 8 3.9
v -1.2 8 3.9
v 1.2 8 3.9
v 1.6 8 3.9
v 2.4 8 3.9
v 2.8 8 3.9
v -3 8 3.8
v -2.8 8 3.8
v -1.2 8 3.8
v -1 8 3.8
v 1 8 3.8
v 1.2 8 3.8
v 2.8 8 3.8
v 3 8 3.8
v -3.1 8 3.7
v -3 8 3.7
v -2.5 8 3.7
v -1.5 8 3.7
v -1 8 3.7
v -0.9 8 3.7
v 0.9 8 3.7
v 1 8 3.7
v 1.5 8 3.7
v 2.5 8 3.7
v 3 8 3.7
v 3.1 8 3.7
v -3.3 8 3.6
v -3.1 8 3.6
v -2.7 8 3.6
v -2.5 8 3.6
v -2.4 8 3.6
v -2.2 8 3.6
v -2.1 8 3.6
v -1.6 8 3.6
v -1.5 8 3.6
v -1.2 8 3.6
v -0.9 8 3.6
v -0.7 8 3.6
v 0.7 8 3.6
v 0.9 8 3.6
v 1.2 8 3.6
v 1.5 8 3.6
v 1.6 8 3.6
v 2.1 8 3.6
v 2.2 8 3.6
v 2.4 8 3.6
v 2.5 8 3.6
v 2.7 8 3.6
v 3.1 8 3.6
v 3.3 8 3.6
v -3.4 8 3.5
v -3.3 8 3.5
v -2.9 8 3.5
v -2.7 8 3.5
v -2.6 8 3.5
v -2.4 8 3.5
v -1.6 8 3.5
v -1.3 8 3.5
v -1.2 8 3.5
v -1 8 3.5
v -0.7 8 3.5
v -0.6 8 3.5
v 0.6 8 3.5
v 0.7 8 3.5
v 1 8 3.5
v 1.2 8 3.5
v 1.3 8 3.5
v 1.6 8 3.5
v 2.4 8 3.5
v 2.6 8 3.5
v 2.7 8 3.5
v 2.9 8 3.5
v 3.3 8 3.5
v 3.4 8 3.5
v -3.5 8 3.4
v -3.4 8 3.4
v -3.1 8 3.4
v -2.9 8 3.4
v -2.8 8 3.4
v -2.6 8 3.4
v -1.3 8 3.4
v -1.2 8 3.4
v -1 8 3.4
v -0.9 8 3.4
v -0.6 8 3.4
v -0.5 8 3.4
v 0.5 8 3.4
v 0.6 8 3.4
v 0.9 8 3.4
v 1 8 3.4
v 1.2 8 3.4
v 1.3 8 3.4
v 2.6 8 3.4
v 2.8 8 3.4
v 2.9 8 3.4
v 3.1 8 3.4
v 3.4 8 3.4
v 3.5 8 3.4
v -3.6 8 3.3
v -3.5 8 3.3
v -3.2 8 3.3
v -3.1 8 3.3
v -3 8 3.3
v -2.8 8 3.3
v -1.2 8 3.3
v -1 8 3.3
v -0.9 8 3.3
v -0.8 8 3.3
v -0.5 8 3.3
v -0.4 8 3.3
v 0.4 8 3.3
v 0.5 8 3.3
v 0.8 8 3.3
v 0.9 8 3.3
v 1 8 3.3
v 1.2 8 3.3
v 2.8 8 3.3
v 3 8 3.3
v 3.1 8 3.3
v 3.2 8 3.3
v 3.5 8 3.3
v 3.6 8 3.3
v -3.3 8 3.2
v -3.2 8 3.2
v -3.1 8 3.2
v -3 8 3.2
v -1.1 8 3.2
v -1 8 3.2
v -0.9 8 3.2
v -0.8 8 3.2
v -0.7 8 3.2
v 0.7 8 3.2
v 0.8 8 3.2
v 0.9 8 3.2
v 1 8 3.2
v 1.1 8 3.2
v 3 8 3.2
v 3.1 8 3.2
v 3.2 8 3.2
v 3.3 8 3.2
v -3.7 8 3.1
v -3.6 8 3.1
v -3.4 8 3.1
v -3.3 8 3.1
v -3.2 8 3.1
v -3.1 8 3.1
v -2.3 8 3.1
v -2.2 8 3.1
v -2.1 8 3.1
v -1.2 8 3.1
v -1.1 8 3.1
v -1 8 3.1
v -0.9 8 3.1
v -0.8 8 3.1
v -0.7 8 3.1
v -0.6 8 3.1
v -0.4 8 3.1
v -0.3 8 3.1
v 0.3 8 3.1
v 0.4 8 3.1
v 0.6 8 3.1
v 0.7 8 3.1
v 0.8 8 3.1
v 0.9 8 3.1
v 1 8 3.1
v 1.1 8 3.1
v 1.2 8 3.1
v 2.1 8 3.1
v 2.2 8 3.1
v 2.3 8 3.1
v 3.1 8 3.1
v 3.2 8 3.1
v 3.3 8 3.1
v 3.4 8 3.1
v 3.6 8 3.1
v 3.7 8 3.1
v -3.8 8 3
v -3.7 8 3
v -3.3 8 3
v -3.2 8 3
v -0.8 8 3
v -0.7 8 3
v -0.3 8 3
v -0.2 8 3
v 0.2 8 3
v 0.3 8 3
v 0.7 8 3
v 0.8 8 3
v 3.2 8 3
v 3.3 8 3
v 3.7 8 3
v 3.8 8 3
v -3.5 8 2.9
v -3.4 8 2.9
v -1.3 8 2.9
v -1.2 8 2.9
v -1.1 8 2.9
v -0.6 8 2.9
v -0.5 8 2.9
v 0.5 8 2.9
v 0.6 8 2.9
v 1.1 8 2.9
v 1.2 8 2.9
v 1.3 8 2.9
v 3.4 8 2.9
v 3.5 8 2.9
v -3.9 8 2.8
v -3.8 8 2.8
v -1.4 8 2.8
v -1.3 8 2.8
v -1.2 8 2.8
v -0.7 8 2.8
v -0.6 8 2.8
v -0.2 8 2.8
v -0.0999999 8 2.8
v 0.1 8 2.8
v 0.2 8 2.8
v 0.6 8 2.8
v 0.7 8 2.8
v 1.2 8 2.8
v 1.3 8 2.8
v 1.4 8 2.8
v 3.8 8 2.8
v 3.9 8 2.8
v -3.6 8 2.7
v -3.5 8 2.7
v -3.3 8 2.7
v -3.1 8 2.7
v -1.5 8 2.7
v -1.4 8 2.7
v -1.3 8 2.7
v -0.5 8 2.7
v -0.4 8 2.7
v 0.4 8 2.7
v 0.5 8 2.7
v 1.3 8 2.7
v 1.4 8 2.7
v 1.5 8 2.7
v 3.1 8 2.7
v 3.3 8 2.7
v 3.5 8 2.7
v 3.6 8 2.7
v -3.3 8 2.6
v -3.1 8 2.6
v -2.9 8 2.6
v -2.3 8 2.6
v -2.2 8 2.6
v -1.5 8 2.6
v -1.4 8 2.6
v -0.6 8 2.6
v -0.5 8 2.6
v 0.5 8 2.6
v 0.6 8 2.6
v 1.4 8 2.6
v 1.5 8 2.6
v 2.2 8 2.6
v 2.3 8 2.6
v 2.9 8 2.6
v 3.1 8 2.6
v 3.3 8 2.6
v -3.7 8 2.5
v -3.6 8 2.5
v -3.1 8 2.5
v -2.9 8 2.5
v -2.8 8 2.5
v -0.4 8 2.5
v -0.3 8 2.5
v 0.3 8 2.5
v 0.4 8 2.5
v 2.8 8 2.5
v 2.9 8 2.5
v 3.1 8 2.5
v 3.6 8 2.5
v 3.7 8 2.5
v -4 8 2.4
v -3.9 8 2.4
v -3.6 8 2.4
v -3.5 8 2.4
v -2.9 8 2.4
v -2.8 8 2.4
v -2.6 8 2.4
v -0.0999999 8 2.4
v 0.1 8 2.4
v 2.6 8 2.4
v 2.8 8 2.4
v 2.9 8 2.4
v 3.5 8 2.4
v 3.6 8 2.4
v 3.9 8 2.4
v 4 8 2.4
v -2.8 8 2.3
v -2.6 8 2.3
v -2.5 8 2.3
v -1.8 8 2.3
v -1.5 8 2.3
v -0.5 8 2.3
v -0.4 8 2.3
v 0.4 8 2.3
v 0.5 8 2.3
v 1.5 8 2.3
v 1.8 8 2.3
v 2.5 8 2.3
v 2.6 8 2.3
v 2.8 8 2.3
v -2.6 8 2.2
v -2.5 8 2.2
v -1.8 8 2.2
v -1.5 8 2.2
v -1.1 8 2.2
v 1.1 8 2.2
v 1.5 8 2.2
v 1.8 8 2.2
v 2.5 8 2.2
v 2.6 8 2.2
v -1.5 8 2.1
v -1.1 8 2.1
v -0.9 8 2.1
v 0.9 8 2.1
v 1.1 8 2.1
v 1.5 8 2.1
v -1.1 8 2
v -0.9 8 2
v -0.8 8 2
v 0.8 8 2
v 0.9 8 2
v 1.1 8 2
v -1.7 8 1.9
v -1.6 8 1.9
v -0.9 8 1.9
v -0.8 8 1.9
v -0.7 8 1.9
v 0.7 8 1.9
v 0.8 8 1.9
v 0.9 8 1.9
v 1.6 8 1.9
v 1.7 8 1.9
v -2.7 8 1.8
v -2.6 8 1.8
v -1.7 8 1.8
v -1.6 8 1.8
v -1.5 8 1.8
v -0.8 8 1.8
v -0.7 8 1.8
v -0.6 8 1.8
v 0.6 8 1.8
v 0.7 8 1.8
v 0.8 8 1.8
v 1.5 8 1.8
v 1.6 8 1.8
v 1.7 8 1.8
v 2.6 8 1.8
v 2.7 8 1.8
v -2.8 8 1.7
v -2.7 8 1.7
v -2.6 8 1.7
v -0.7 8 1.7
v -0.6 8 1.7
v -0.4 8 1.7
v 0.4 8 1.7
v 0.6 8 1.7
v 0.7 8 1.7
v 2.6 8 1.7
v 2.7 8 1.7
v 2.8 8 1.7
v -4 8 1.6
v -3.9 8 1.6
v -1.6 8 1.6
v -1.5 8 1.6
v -1.4 8 1.6
v -0.6 8 1.6
v -0.5 8 1.6
v -0.0999999 8 1.6
v 0.1 8 1.6
v 0.5 8 1.6
v 0.6 8 1.6
v 1.4 8 1.6
v 1.5 8 1.6
v 1.6 8 1.6
v 3.9 8 1.6
v 4 8 1.6
v -3.7 8 1.5
v -3.6 8 1.5
v -3.5 8 1.5
v -2.9 8 1.5
v -2.8 8 1.5
v -2.7 8 1.5
v -0.4 8 1.5
v -0.3 8 1.5
v 0.3 8 1.5
v 0.4 8 1.5
v 2.7 8 1.5
v 2.8 8 1.5
v 2.9 8 1.5
v 3.5 8 1.5
v 3.6 8 1.5
v 3.7 8 1.5
v -3 8 1.4
v -2.9 8 1.4
v -2.8 8 1.4
v -1.5 8 1.4
v -1.4 8 1.4
v -1.3 8 1.4
v -0.6 8 1.4
v -0.5 8 1.4
v 0.5 8 1.4
v 0.6 8 1.4
v 1.3 8 1.4
v 1.4 8 1.4
v 1.5 8 1.4
v 2.8 8 1.4
v 2.9 8 1.4
v 3 8 1.4
v -3.6 8 1.3
v -3.5 8 1.3
v -3.1 8 1.3
v -3 8 1.3
v -2.9 8 1.3
v -0.5 8 1.3
v -0.4 8 1.3
v 0.4 8 1.3
v 0.5 8 1.3
v 2.9 8 1.3
v 3 8 1.3
v 3.1 8 1.3
v 3.5 8 1.3
v 3.6 8 1.3
v -3.9 8 1.2
v -3.8 8 1.2
v -3.5 8 1.2
v -3.4 8 1.2
v -1.4 8 1.2
v -1.3 8 1.2
v -1.2 8 1.2
v -0.7 8 1.2
v -0.6 8 1.2
v -0.2 8 1.2
v -0.0999999 8 1.2
v 0.1 8 1.2
v 0.2 8 1.2
v 0.6 8 1.2
v 0.7 8 1.2
v 1.2 8 1.2
v 1.3 8 1.2
v 1.4 8 1.2
v 3.4 8 1.2
v 3.5 8 1.2
v 3.8 8 1.2
v 3.9 8 1.2
v -3.5 8 1.1
v -3.4 8 1.1
v -3.2 8 1.1
v -3.1 8 1.1
v -3 8 1.1
v -0.8 8 1.1
v -0.7 8 1.1
v -0.6 8 1.1
v -0.5 8 1.1
v 0.5 8 1.1
v 0.6 8 1.1
v 0.7 8 1.1
v 0.8 8 1.1
v 3 8 1.1
v 3.1 8 1.1
v 3.2 8 1.1
v 3.4 8 1.1
v 3.5 8 1.1
v -3.8 8 1
v -3.7 8 1
v -3.4 8 1
v -3.2 8 1
v -3.1 8 1
v -1.3 8 1
v -1.2 8 1
v -1.1 8 1
v -0.9 8 1
v -0.8 8 1
v -0.3 8 1
v -0.2 8 1
v 0.2 8 1
v 0.3 8 1
v 0.8 8 1
v 0.9 8 1
v 1.1 8 1
v 1.2 8 1
v 1.3 8 1
v 3.1 8 1
v 3.2 8 1
v 3.4 8 1
v 3.7 8 1
v 3.8 8 1
v -3.7 8 0.9
v -3.6 8 0.9
v -3.4 8 0.9
v -3.3 8 0.9
v -3.2 8 0.9
v -3.1 8 0.9
v -1 8 0.9
v -0.9 8 0.9
v -0.7 8 0.9
v -0.6 8 0.9
v -0.4 8 0.9
v -0.3 8 0.9
v 0.3 8 0.9
v 0.4 8 0.9
v 0.6 8 0.9
v 0.7 8 0.9
v 0.9 8 0.9
v 1 8 0.9
v 3.1 8 0.9
v 3.2 8 0.9
v 3.3 8 0.9
v 3.4 8 0.9
v 3.6 8 0.9
v 3.7 8 0.9
v -3.3 8 0.8
v -3.2 8 0.8
v -0.8 8 0.8
v -0.7 8 0.8
v 0.7 8 0.8
v 0.8 8 0.8
v 3.2 8 0.8
v 3.3 8 0.8
v -3.6 8 0.7
v -3.5 8 0.7
v -3.2 8 0.7
v -3.1 8 0.7
v -2.9 8 0.7
v -1.3 8 0.7
v -1.2 8 0.7
v -1.1 8 0.7
v -1 8 0.7
v -0.9 8 0.7
v -0.8 8 0.7
v -0.5 8 0.7
v -0.4 8 0.7
v 0.4 8 0.7
v 0.5 8 0.7
v 0.8 8 0.7
v 0.9 8 0.7
v 1 8 0.7
v 1.1 8 0.7
v 1.2 8 0.7
v 1.3 8 0.7
v 2.9 8 0.7
v 3.1 8 0.7
v 3.2 8 0.7
v 3.5 8 0.7
v 3.6 8 0.7
v -3.5 8 0.6
v -3.4 8 0.6
v -3.1 8 0.6
v -2.9 8 0.6
v -2.6 8 0.6
v -1.4 8 0.6
v -1.3 8 0.6
v -1.1 8 0.6
v -0.9 8 0.6
v -0.6 8 0.6
v -0.5 8 0.6
v 0.5 8 0.6
v 0.6 8 0.6
v 0.9 8 0.6
v 1.1 8 0.6
v 1.3 8 0.6
v 1.4 8 0.6
v 2.6 8 0.6
v 2.9 8 0.6
v 3.1 8 0.6
v 3.4 8 0.6
v 3.5 8 0.6
v -3.4 8 0.5
v -3.3 8 0.5
v -2.9 8 0.5
v -2.7 8 0.5
v -2.6 8 0.5
v -2.4 8 0.5
v -1.7 8 0.5
v -1.4 8 0.5
v -1.3 8 0.5
v -1.1 8 0.5
v -0.7 8 0.5
v -0.6 8 0.5
v 0.6 8 0.5
v 0.7 8 0.5
v 1.1 8 0.5
v 1.3 8 0.5
v 1.4 8 0.5
v 1.7 8 0.5
v 2.4 8 0.5
v 2.6 8 0.5
v 2.7 8 0.5
v 2.9 8 0.5
v 3.3 8 0.5
v 3.4 8 0.5
v -3.3 8 0.4
v -3.1 8 0.4
v -2.7 8 0.4
v -2.5 8 0.4
v -2.4 8 0.4
v -1.7 8 0.4
v -1.5 8 0.4
v -1.3 8 0.4
v -0.9 8 0.4
v -0.7 8 0.4
v 0.7 8 0.4
v 0.9 8 0.4
v 1.3 8 0.4
v 1.5 8 0.4
v 1.7 8 0.4
v 2.4 8 0.4
v 2.5 8 0.4
v 2.7 8 0.4
v 3.1 8 0.4
v 3.3 8 0.4
v -3.1 8 0.3
v -3 8 0.3
v -2.5 8 0.3
v -1.5 8 0.3
v -1 8 0.3
v -0.9 8 0.3
v 0.9 8 0.3
v 1 8 0.3
v 1.5 8 0.3
v 2.5 8 0.3
v 3 8 0.3
v 3.1 8 0.3
v -3 8 0.2
v -2.8 8 0.2
v -1.2 8 0.2
v -1 8 0.2
v 1 8 0.2
v 1.2 8 0.2
v 2.8 8 0.2
v 3 8 0.2
v -2.8 8 0.0999999
v -2.4 8 0.0999999
v -1.6 8 0.0999999
v -1.2 8 0.0999999
v 1.2 8 0.0999999
v 1.6 8 0.0999999
v 2.4 8 0.0999999
v 2.8 8 0.0999999
v -2.8 8 -0.1
v -2.4 8 -0.1
v -1.6 8 -0.1
v -1.2 8 -0.1
v 1.2 8 -0.1
v 1.6 8 -0.1
v 2.4 8 -0.1
v 2.8 8 -0.1
v -3 8 -0.2
v -2.8 8 -0.2
v -1.2 8 -0.2
v -1 8 -0.2
v 1 8 -0.2
v 1.2 8 -0.2
v 2.8 8 -0.2
v 3 8 -0.2
v -3.1 8 -0.3
v -3 8 -0.3
v -2.5 8 -0.3
v -1.5 8 -0.3
v -1 8 -0.3
v -0.9 8 -0.3
v 0.9 8 -0.3
v 1 8 -0.3
v 1.5 8 -0.3
v 2.5 8 -0.3
v 3 8 -0.3
v 3.1 8 -0.3
v -3.3 8 -0.4
v -3.1 8 -0.4
v -2.7 8 -0.4
v -2.5 8 -0.4
v -2.4 8 -0.4
v -1.7 8 -0.4
v -1.5 8 -0.4
v -1.3 8 -0.4
v -0.9 8 -0.4
v -0.7 8 -0.4
v 0.7 8 -0.4
v 0.9 8 -0.4
v 1.3 8 -0.4
v 1.5 8 -0.4
v 1.7 8 -0.4
v 2.4 8 -0.4
v 2.5 8 -0.4
v 2.7 8 -0.4
v 3.1 8 -0.4
v 3.3 8 -0.4
v -3.4 8 -0.5
v -3.3 8 -0.5
v -2.9 8 -0.5
v -2.7 8 -0.5
v -2.6 8 -0.5
v -2.4 8 -0.5
v -1.7 8 -0.5
v -1.4 8 -0.5
v -1.3 8 -0.5
v -1.1 8 -0.5
v -0.7 8 -0.5
v -0.6 8 -0.5
v 0.6 8 -0.5
v 0.7 8 -0.5
v 1.1 8 -0.5
v 1.3 8 -0.5
v 1.4 8 -0.5
v 1.7 8 -0.5
v 2.4 8 -0.5
v 2.6 8 -0.5
v 2.7 8 -0.5
v 2.9 8 -0.5
v 3.3 8 -0.5
v 3.4 8 -0.5
v -3.5 8 -0.6
v -3.4 8 -0.6
v -3.1 8 -0.6
v -2.9 8 -0.6
v -2.6 8 -0.6
v -1.4 8 -0.6
v -1.3 8 -0.6
v -1.1 8 -0.6
v -0.9 8 -0.6
v -0.6 8 -0.6
v -0.5 8 -0.6
v 0.5 8 -0.6
v 0.6 8 -0.6
v 0.9 8 -0.6
v 1.1 8 -0.6
v 1.3 8 -0.6
v 1.4 8 -0.6
v 2.6 8 -0.6
v 2.9 8 -0.6
v 3.1 8 -0.6
v 3.4 8 -0.6
v 3.5 8 -0.6
v -3.6 8 -0.7
v -3.5 8 -0.7
v -3.2 8 -0.7
v -3.1 8 -0.7
v -2.9 8 -0.7
v -1.3 8 -0.7
v -1.2 8 -0.7
v -1.1 8 -0.7
v -1 8 -0.7
v -0.9 8 -0.7
v -0.8 8 -0.7
v -0.5 8 -0.7
v -0.4 8 -0.7
v 0.4 8 -0.7
v 0.5 8 -0.7
v 0.8 8 -0.7
v 0.9 8 -0.7
v 1 8 -0.7
v 1.1 8 -0.7
v 1.2 8 -0.7
v 1.3 8 -0.7
v 2.9 8 -0.7
v 3.1 8 -0.7
v 3.2 8 -0.7
v 3.5 8 -0.7
v 3.6 8 -0.7
v -3.3 8 -0.8
v -3.2 8 -0.8
v -0.8 8 -0.8
v -0.7 8 -0.8
v 0.7 8 -0.8
v 0.8 8 -0.8
v 3.2 8 -0.8
v 3.3 8 -0.8
v -3.7 8 -0.9
v -3.6 8 -0.9
v -3.4 8 -0.9
v -3.3 8 -0.9
v -3.2 8 -0.9
v -3.1 8 -0.9
v -1 8 -0.9
v -0.9 8 -0.9
v -0.7 8 -0.9
v -0.6 8 -0.9
v -0.4 8 -0.9
v -0.3 8 -0.9
v 0.3 8 -0.9
v 0.4 8 -0.9
v 0.6 8 -0.9
v 0.7 8 -0.9
v 0.9 8 -0.9
v 1 8 -0.9
v 3.1 8 -0.9
v 3.2 8 -0.9
v 3.3 8 -0.9
v 3.4 8 -0.9
v 3.6 8 -0.9
v 3.7 8 -0.9
v -3.8 8 -1
v -3.7 8 -1
v -3.4 8 -1
v -3.2 8 -1
v -3.1 8 -1
v -1.3 8 -1
v -1.2 8 -1
v -1.1 8 -1
v -0.9 8 -1
v -0.8 8 -1
v -0.3 8 -1
v -0.2 8 -1
v 0.2 8 -1
v 0.3 8 -1
v 0.8 8 -1
v 0.9 8 -1
v 1.1 8 -1
v 1.2 8 -1
v 1.3 8 -1
v 3.1 8 -1
v 3.2 8 -1
v 3.4 8 -1
v 3.7 8 -1
v 3.8 8 -1
v -3.5 8 -1.1
v -3.4 8 -1.1
v -3.2 8 -1.1
v -3.1 8 -1.1
v -3 8 -1.1
v -0.8 8 -1.1
v -0.7 8 -1.1
v -0.6 8 -1.1
v -0.5 8 -1.1
v 0.5 8 -1.1
v 0.6 8 -1.1
v 0.7 8 -1.1
v 0.8 8 -1.1
v 3 8 -1.1
v 3.1 8 -1.1
v 3.2 8 -1.1
v 3.4 8 -1.1
v 3.5 8 -1.1
v -3.9 8 -1.2
v -3.8 8 -1.2
v -3.5 8 -1.2
v -3.4 8 -1.2
v -1.4 8 -1.2
v -1.3 8 -1.2
v -1.2 8 -1.2
v -0.7 8 -1.2
v -0.6 8 -1.2
v -0.2 8 -1.2
v -0.0999999 8 -1.2
v 0.1 8 -1.2
v 0.2 8 -1.2
v 0.6 8 -1.2
v 0.7 8 -1.2
v 1.2 8 -1.2
v 1.3 8 -1.2
v 1.4 8 -1.2
v 3.4 8 -1.2
v 3.5 8 -1.2
v 3.8 8 -1.2
v 3.9 8 -1.2
v -3.6 8 -1.3
v -3.5 8 -1.3
v -3.1 8 -1.3
v -3 8 -1.3
v -2.9 8 -1.3
v -0.5 8 -1.3
v -0.4 8 -1.3
v 0.4 8 -1.3
v 0.5 8 -1.3
v 2.9 8 -1.3
v 3 8 -1.3
v 3.1 8 -1.3
v 3.5 8 -1.3
v 3.6 8 -1.3
v -3 8 -1.4
v -2.9 8 -1.4
v -2.8 8 -1.4
v -1.5 8 -1.4
v -1.4 8 -1.4
v -1.3 8 -1.4
v -0.6 8 -1.4
v -0.5 8 -1.4
v 0.5 8 -1.4
v 0.6 8 -1.4
v 1.3 8 -1.4
v 1.4 8 -1.4
v 1.5 8 -1.4
v 2.8 8 -1.4
v 2.9 8 -1.4
v 3 8 -1.4
v -3.7 8 -1.5
v -3.6 8 -1.5
v -3.5 8 -1.5
v -2.9 8 -1.5
v -2.8 8 -1.5
v -2.7 8 -1.5
v -0.4 8 -1.5
v -0.3 8 -1.5
v 0.3 8 -1.5
v 0.4 8 -1.5
v 2.7 8 -1.5
v 2.8 8 -1.5
v 2.9 8 -1.5
v 3.5 8 -1.5
v 3.6 8 -1.5
v 3.7 8 -1.5
v -4 8 -1.6
v -3.9 8 -1.6
v -1.6 8 -1.6
v -1.5 8 -1.6
v -1.4 8 -1.6
v -0.6 8 -1.6
v -0.5 8 -1.6
v -0.0999999 8 -1.6
v 0.1 8 -1.6
v 0.5 8 -1.6
v 0.6 8 -1.6
v 1.4 8 -1.6
v 1.5 8 -1.6
v 1.6 8 -1.6
v 3.9 8 -1.6
v 4 8 -1.6
v -2.8 8 -1.7
v -2.7 8 -1.7
v -2.6 8 -1.7
v -0.7 8 -1.7
v -0.6 8 -1.7
v -0.4 8 -1.7
v 0.4 8 -1.7
v 0.6 8 -1.7
v 0.7 8 -1.7
v 2.6 8 -1.7
v 2.7 8 -1.7
v 2.8 8 -1.7
v -2.7 8 -1.8
v -2.6 8 -1.8
v -1.7 8 -1.8
v -1.6 8 -1.8
v -1.5 8 -1.8
v -0.8 8 -1.8
v -0.7 8 -1.8
v -0.6 8 -1.8
v 0.6 8 -1.8
v 0.7 8 -1.8
v 0.8 8 -1.8
v 1.5 8 -1.8
v 1.6 8 -1.8
v 1.7 8 -1.8
v 2.6 8 -1.8
v 2.7 8 -1.8
v -1.7 8 -1.9
v -1.6 8 -1.9
v -0.9 8 -1.9
v -0.8 8 -1.9
v -0.7 8 -1.9
v 0.7 8 -1.9
v 0.8 8 -1.9
v 0.9 8 -1.9
v 1.6 8 -1.9
v 1.7 8 -1.9
v -1.1 8 -2
v -0.9 8 -2
v -0.8 8 -2
v 0.8 8 -2
v 0.9 8 -2
v 1.1 8 -2
v -1.5 8 -2.1
v -1.1 8 -2.1
v -0.9 8 -2.1
v 0.9 8 -2.1
v 1.1 8 -2.1
v 1.5 8 -2.1
v -2.6 8 -2.2
v -2.5 8 -2.2
v -1.8 8 -2.2
v -1.5 8 -2.2
v -1.1 8 -2.2
v 1.1 8 -2.2
v 1.5 8 -2.2
v 1.8 8 -2.2
v 2.5 8 -2.2
v 2.6 8 -2.2
v -2.8 8 -2.3
v -2.6 8 -2.3
v -2.5 8 -2.3
v -1.8 8 -2.3
v -1.5 8 -2.3
v -0.5 8 -2.3
v -0.4 8 -2.3
v 0.4 8 -2.3
v 0.5 8 -2.3
v 1.5 8 -2.3
v 1.8 8 -2.3
v 2.5 8 -2.3
v 2.6 8 -2.3
v 2.8 8 -2.3
v -4 8 -2.4
v -3.9 8 -2.4
v -3.6 8 -2.4
v -3.5 8 -2.4
v -2.9 8 -2.4
v -2.8 8 -2.4
v -2.6 8 -2.4
v -0.0999999 8 -2.4
v 0.1 8 -2.4
v 2.6 8 -2.4
v 2.8 8 -2.4
v 2.9 8 -2.4
v 3.5 8 -2.4
v 3.6 8 -2.4
v 3.9 8 -2.4
v 4 8 -2.4
v -3.7 8 -2.5
v -3.6 8 -2.5
v -3.1 8 -2.5
v -2.9 8 -2.5
v -2.8 8 -2.5
v -0.4 8 -2.5
v -0.3 8 -2.5
v 0.3 8 -2.5
v 0.4 8 -2.5
v 2.8 8 -2.5
v 2.9 8 -2.5
v 3.1 8 -2.5
v 3.6 8 -2.5
v 3.7 8 -2.5
v -3.3 8 -2.6
v -3.1 8 -2.6
v -2.9 8 -2.6
v -2.3 8 -2.6
v -2.2 8 -2.6
v -1.5 8 -2.6
v -1.4 8 -2.6
v -0.6 8 -2.6
v -0.5 8 -2.6
v 0.5 8 -2.6
v 0.6 8 -2.6
v 1.4 8 -2.6
v 1.5 8 -2.6
v 2.2 8 -2.6
v 2.3 8 -2.6
v 2.9 8 -2.6
v 3.1 8 -2.6
v 3.3 8 -2.6
v -3.6 8 -2.7
v -3.5 8 -2.7
v -3.3 8 -2.7
v -3.1 8 -2.7
v -1.5 8 -2.7
v -1.4 8 -2.7
v -1.3 8 -2.7
v -0.5 8 -2.7
v -0.4 8 -2.7
v 0.4 8 -2.7
v 0.5 8 -2.7
v 1.3 8 -2.7
v 1.4 8 -2.7
v 1.5 8 -2.7
v 3.1 8 -2.7
v 3.3 8 -2.7
v 3.5 8 -2.7
v 3.6 8 -2.7
v -3.9 8 -2.8
v -3.8 8 -2.8
v -1.4 8 -2.8
v -1.3 8 -2.8
v -1.2 8 -2.8
v -0.7 8 -2.8
v -0.6 8 -2.8
v -0.2 8 -2.8
v -0.0999999 8 -2.8
v 0.1 8 -2.8
v 0.2 8 -2.8
v 0.6 8 -2.8
v 0.7 8 -2.8
v 1.2 8 -2.8
v 1.3 8 -2.8
v 1.4 8 -2.8
v 3.8 8 -2.8
v 3.9 8 -2.8
v -3.5 8 -2.9
v -3.4 8 -2.9
v -1.3 8 -2.9
v -1.2 8 -2.9
v -1.1 8 -2.9
v -0.6 8 -2.9
v -0.5 8 -2.9
v 0.5 8 -2.9
v 0.6 8 -2.9
v 1.1 8 -2.9
v 1.2 8 -2.9
v 1.3 8 -2.9
v 3.4 8 -2.9
v 3.5 8 -2.9
v -3.8 8 -3
v -3.7 8 -3
v -3.3 8 -3
v -3.2 8 -3
v -0.8 8 -3
v -0.7 8 -3
v -0.3 8 -3
v -0.2 8 -3
v 0.2 8 -3
v 0.3 8 -3
v 0.7 8 -3
v 0.8 8 -3
v 3.2 8 -3
v 3.3 8 -3
v 3.7 8 -3
v 3.8 8 -3
v -3.7 8 -3.1
v -3.6 8 -3.1
v -3.4 8 -3.1
v -3.3 8 -3.1
v -3.2 8 -3.1
v -3.1 8 -3.1
v -2.3 8 -3.1
v -2.2 8 -3.1
v -2.1 8 -3.1
v -1.2 8 -3.1
v -1.1 8 -3.1
v -1 8 -3.1
v -0.9 8 -3.1
v -0.8 8 -3.1
v -0.7 8 -3.1
v -0.6 8 -3.1
v -0.4 8 -3.1
v -0.3 8 -3.1
v 0.3 8 -3.1
v 0.4 8 -3.1
v 0.6 8 -3.1
v 0.7 8 -3.1
v 0.8 8 -3.1
v 0.9 8 -3.1
v 1 8 -3.1
v 1.1 8 -3.1
v 1.2 8 -3.1
v 2.1 8 -3.1
v 2.2 8 -3.1
v 2.3 8 -3.1
v 3.1 8 -3.1
v 3.2 8 -3.1
v 3.3 8 -3.1
v 3.4 8 -3.1
v 3.6 8 -3.1
v 3.7 8 -3.1
v -3.3 8 -3.2
v -3.2 8 -3.2
v -3.1 8 -3.2
v -3 8 -3.2
v -1.1 8 -3.2
v -1 8 -3.2
v -0.9 8 -3.2
v -0.8 8 -3.2
v -0.7 8 -3.2
v 0.7 8 -3.2
v 0.8 8 -3.2
v 0.9 8 -3.2
v 1 8 -3.2
v 1.1 8 -3.2
v 3 8 -3.2
v 3.1 8 -3.2
v 3.2 8 -3.2
v 3.3 8 -3.2
v -3.6 8 -3.3
v -3.5 8 -3.3
v -3.2 8 -3.3
v -3.1 8 -3.3
v -3 8 -3.3
v -2.8 8 -3.3
v -1.2 8 -3.3
v -1 8 -3.3
v -0.9 8 -3.3
v -0.8 8 -3.3
v -0.5 8 -3.3
v -0.4 8 -3.3
v 0.4 8 -3.3
v 0.5 8 -3.3
v 0.8 8 -3.3
v 0.9 8 -3.3
v 1 8 -3.3
v 1.2 8 -3.3
v 2.8 8 -3.3
v 3 8 -3.3
v 3.1 8 -3.3
v 3.2 8 -3.3
v 3.5 8 -3.3
v 3.6 8 -3.3
v -3.5 8 -3.4
v -3.4 8 -3.4
v -3.1 8 -3.4
v -2.9 8 -3.4
v -2.8 8 -3.4
v -2.6 8 -3.4
v -1.3 8 -3.4
v -1.2 8 -3.4
v -1 8 -3.4
v -0.9 8 -3.4
v -0.6 8 -3.4
v -0.5 8 -3.4
v 0.5 8 -3.4
v 0.6 8 -3.4
v 0.9 8 -3.4
v 1 8 -3.4
v 1.2 8 -3.4
v 1.3 8 -3.4
v 2.6 8 -3.4
v 2.8 8 -3.4
v 2.9 8 -3.4
v 3.1 8 -3.4
v 3.4 8 -3.4
v 3.5 8 -3.4
v -3.4 8 -3.5
v -3.3 8 -3.5
v -2.9 8 -3.5
v -2.7 8 -3.5
v -2.6 8 -3.5
v -2.4 8 -3.5
v -1.6 8 -3.5
v -1.3 8 -3.5
v -1.2 8 -3.5
v -1 8 -3.5
v -0.7 8 -3.5
v -0.6 8 -3.5
v 0.6 8 -3.5
v 0.7 8 -3.5
v 1 8 -3.5
v 1.2 8 -3.5
v 1.3 8 -3.5
v 1.6 8 -3.5
v 2.4 8 -3.5
v 2.6 8 -3.5
v 2.7 8 -3.5
v 2.9 8 -3.5
v 3.3 8 -3.5
v 3.4 8 -3.5
v -3.3 8 -3.6
v -3.1 8 -3.6
v -2.7 8 -3.6
v -2.5 8 -3.6
v -2.4 8 -3.6
v -2.2 8 -3.6
v -2.1 8 -3.6
v -1.6 8 -3.6
v -1.5 8 -3.6
v -1.2 8 -3.6
v -0.9 8 -3.6
v -0.7 8 -3.6
v 0.7 8 -3.6
v 0.9 8 -3.6
v 1.2 8 -3.6
v 1.5 8 -3.6
v 1.6 8 -3.6
v 2.1 8 -3.6
v 2.2 8 -3.6
v 2.4 8 -3.6
v 2.5 8 -3.6
v 2.7 8 -3.6
v 3.1 8 -3.6
v 3.3 8 -3.6
v -3.1 8 -3.7
v -3 8 -3.7
v -2.5 8 -3.7
v -1.5 8 -3.7
v -1 8 -3.7
v -0.9 8 -3.7
v 0.9 8 -3.7
v 1 8 -3.7
v 1.5 8 -3.7
v 2.5 8 -3.7
v 3 8 -3.7
v 3.1 8 -3.7
v -3 8 -3.8
v -2.8 8 -3.8
v -1.2 8 -3.8
v -1 8 -3.8
v 1 8 -3.8
v 1.2 8 -3.8
v 2.8 8 -3.8
v 3 8 -3.8
v -2.8 8 -3.9
v -2.4 8 -3.9
v -1.6 8 -3.9
v -1.2 8 -3.9
v 1.2 8 -3.9
v 1.6 8 -3.9
v 2.4 8 -3.9
v 2.8 8 -3.9
v -2.4 8 -4
v -1.6 8 -4
v 1.6 8 -4
v 2.4 8 -4

# faces
f 7/4/1 2/4/1 1/4/1
f 8/4/1 2/4/1 7/4/1
f 9/4/1 4/4/1 3/4/1
f 10/4/1 4/4/1 9/4/1
f 11/4/1 6/4/1 5/4/1
f 12/4/1 6/4/1 11/4/1
f 25/4/1 14/4/1 13/4/1
f 26/4/1 14/4/1 25/4/1
f 27/4/1 16/4/1 15/4/1
f 28/4/1 16/4/1 27/4/1
f 29/4/1 18/4/1 17/4/1
f 30/4/1 18/4/1 29/4/1
f 31/4/1 20/4/1 19/4/1
f 32/4/1 20/4/1 31/4/1
f 33/4/1 22/4/1 21/4/1
f 34/4/1 22/4/1 33/4/1
f 35/4/1 24/4/1 23/4/1
f 36/4/1 24/4/1 35/4/1
f 49/4/1 38/4/1 37/4/1
f 50/4/1 38/4/1 49/4/1
f 51/4/1 40/4/1 39/4/1
f 52/4/1 40/4/1 51/4/1
f 53/4/1 42/4/1 41/4/1
f 54/4/1 42/4/1 53/4/1
f 55/4/1 44/4/1 43/4/1
f 56/4/1 44/4/1 55/4/1
f 57/4/1 46/4/1 45/4/1
f 58/4/1 46/4/1 57/4/1
f 59/4/1 48/4/1 47/4/1
f 60/4/1 48/4/1 59/4/1
f 73/4/1 62/4/1 61/4/1
f 74/4/1 62/4/1 73/4/1
f 75/4/1 64/4/1 63/4/1
f 76/4/1 64/4/1 75/4/1
f 77/4/1 66/4/1 65/4/1
f 78/4/1 66/4/1 77/4/1
f 79/4/1 68/4/1 67/4/1
f 80/4/1 68/4/1 79/4/1
f 81/4/1 70/4/1 69/4/1
f 82/4/1 70/4/1 81/4/1
f 83/4/1 72/4/1 71/4/1
f 84/4/1 72/4/1 83/4/1
f 97/4/1 86/4/1 85/4/1
f 98/4/1 86/4/1 97/4/1
f 99/4/1 88/4/1 87/4/1
f 100/4/1 88/4/1 99/4/1
f 101/4/1 90/4/1 89/4/1
f 102/4/1 90/4/1 101/4/1
f 103/4/1 92/4/1 91/4/1
f 104/4/1 92/4/1 103/4/1
f 105/4/1 94/4/1 93/4/1
f 106/4/1 94/4/1 105/4/1
f 107/4/1 96/4/1 95/4/1
f 108/4/1 96/4/1 107/4/1
f 121/4/1 110/4/1 109/4/1
f 122/4/1 110/4/1 121/4/1
f 123/4/1 112/4/1 111/4/1
f 124/4/1 112/4/1 123/4/1
f 125/4/1 114/4/1 113/4/1
f 126/4/1 114/4/1 125/4/1
f 127/4/1 116/4/1 115/4/1
f 128/4/1 116/4/1 127/4/1
f 129/4/1 118/4/1 117/4/1
f 130/4/1 118/4/1 129/4/1
f 131/4/1 120/4/1 119/4/1
f 132/4/1 120/4/1 131/4/1
f 145/4/1 134/4/1 133/4/1
f 146/4/1 134/4/1 145/4/1
f 147/4/1 136/4/1 135/4/1
f 148/4/1 136/4/1 147/4/1
f 149/4/1 138/4/1 137/4/1
f 150/4/1 138/4/1 149/4/1
f 151/4/1 140/4/1 139/4/1
f 152/4/1 140/4/1 151/4/1
f 153/4/1 142/4/1 141/4/1
f 154/4/1 142/4/1 153/4/1
f 155/4/1 144/4/1 143/4/1
f 156/4/1 144/4/1 155/4/1
f 169/4/1 158/4/1 157/4/1
f 170/4/1 158/4/1 169/4/1
f 171/4/1 160/4/1 159/4/1
f 172/4/1 160/4/1 171/4/1
f 173/4/1 162/4/1 161/4/1
f 174/4/1 162/4/1 173/4/1
f 175/4/1 164/4/1 163/4/1
f 176/4/1 164/4/1 175/4/1
f 177/4/1 166/4/1 165/4/1
f 178/4/1 166/4/1 177/4/1
f 179/4/1 168/4/1 167/4/1
f 180/4/1 168/4/1 179/4/1
f 193/4/1 182/4/1 181/4/1
f 194/4/1 182/4/1 193/4/1
f 195/4/1 184/4/1 183/4/1
f 196/4/1 184/4/1 195/4/1
f 197/4/1 186/4/1 185/4/1
f 198/4/1 186/4/1 197/4/1
f 199/4/1 188/4/1 187/4/1
f 200/4/1 188/4/1 199/4/1
f 201/4/1 190/4/1 189/4/1
f 202/4/1 190/4/1 201/4/1
f 203/4/1 192/4/1 191/4/1
f 204/4/1 192/4/1 203/4/1
f 217/4/1 206/4/1 205/4/1
f 218/4/1 206/4/1 217/4/1
f 219/4/1 208/4/1 207/4/1
f 220/4/1 208/4/1 219/4/1
f 221/4/1 210/4/1 209/4/1
f 222/4/1 210/4/1 221/4/1
f 223/4/1 212/4/1 211/4/1
f 224/4/1 212/4/1 223/4/1
f 225/4/1 214/4/1 213/4/1
f 226/4/1 214/4/1 225/4/1
f 227/4/1 216/4/1 215/4/1
f 228/4/1 216/4/1 227/4/1
f 241/4/1 230/4/1 229/4/1
f 242/4/1 230/4/1 241/4/1
f 243/4/1 232/4/1 231/4/1
f 244/4/1 232/4/1 243/4/1
f 245/4/1 234/4/1 233/4/1
f 246/4/1 234/4/1 245/4/1
f 247/4/1 236/4/1 235/4/1
f 248/4/1 236/4/1 247/4/1
f 249/4/1 238/4/1 237/4/1
f 250/4/1 238/4/1 249/4/1
f 251/4/1 240/4/1 239/4/1
f 252/4/1 240/4/1 251/4/1
f 261/4/1 254/4/1 253/4/1
f 262/4/1 254/4/1 261/4/1
f 263/4/1 256/4/1 255/4/1
f 264/4/1 256/4/1 263/4/1
f 265/4/1 258/4/1 257/4/1
f 266/4/1 258/4/1 265/4/1
f 267/4/1 260/4/1 259/4/1
f 268/4/1 260/4/1 267/4/1
f 277/4/1 270/4/1 269/4/1
f 277/4/1 271/4/1 270/4/1
f 277/4/1 272/4/1 271/4/1
f 278/4/1 272/4/1 277/4/1
f 279/4/1 276/4/1 275/4/1
f 279/4/1 275/4/1 274/4/1
f 279/4/1 274/4/1 273/4/1
f 280/4/1 276/4/1 279/4/1
f 293/4/1 290/4/1 289/4/1
f 294/4/1 290/4/1 293/4/1
f 295/4/1 292/4/1 291/4/1
f 296/4/1 292/4/1 295/4/1
f 297/4/1 282/4/1 281/4/1
f 298/4/1 282/4/1 297/4/1
f 299/4/1 284/4/1 283/4/1
f 300/4/1 284/4/1 299/4/1
f 301/4/1 286/4/1 285/4/1
f 302/4/1 286/4/1 301/4/1
f 303/4/1 288/4/1 287/4/1
f 304/4/1 288/4/1 303/4/1
f 318/4/1 315/4/1 314/4/1
f 319/4/1 315/4/1 318/4/1
f 320/4/1 315/4/1 319/4/1
f 323/4/1 317/4/1 316/4/1
f 324/4/1 317/4/1 323/4/1
f 325/4/1 317/4/1 324/4/1
f 327/4/1 321/4/1 320/4/1
f 327/4/1 320/4/1 319/4/1
f 328/4/1 321/4/1 327/4/1
f 329/4/1 321/4/1 328/4/1
f 330/4/1 324/4/1 323/4/1
f 330/4/1 323/4/1 322/4/1
f 331/4/1 324/4/1 330/4/1
f 332/4/1 324/4/1 331/4/1
f 334/4/1 328/4/1 327/4/1
f 334/4/1 327/4/1 326/4/1
f 335/4/1 328/4/1 334/4/1
f 336/4/1 333/4/1 332/4/1
f 336/4/1 332/4/1 331/4/1
f 337/4/1 333/4/1 336/4/1
f 338/4/1 306/4/1 305/4/1
f 339/4/1 306/4/1 338/4/1
f 340/4/1 308/4/1 307/4/1
f 340/4/1 309/4/1 308/4/1
f 341/4/1 309/4/1 340/4/1
f 342/4/1 311/4/1 310/4/1
f 343/4/1 311/4/1 342/4/1
f 344/4/1 313/4/1 312/4/1
f 345/4/1 313/4/1 344/4/1
f 358/4/1 355/4/1 354/4/1
f 359/4/1 355/4/1 358/4/1
f 360/4/1 347/4/1 346/4/1
f 361/4/1 353/4/1 352/4/1
f 362/4/1 357/4/1 356/4/1
f 363/4/1 357/4/1 362/4/1
f 365/4/1 360/4/1 359/4/1
f 366/4/1 347/4/1 360/4/1
f 366/4/1 360/4/1 365/4/1
f 367/4/1 362/4/1 361/4/1
f 367/4/1 361/4/1 352/4/1
f 368/4/1 362/4/1 367/4/1
f 370/4/1 365/4/1 364/4/1
f 371/4/1 365/4/1 370/4/1
f 372/4/1 369/4/1 368/4/1
f 373/4/1 369/4/1 372/4/1
f 374/4/1 347/4/1 366/4/1
f 375/4/1 347/4/1 374/4/1
f 376/4/1 349/4/1 348/4/1
f 377/4/1 349/4/1 376/4/1
f 378/4/1 351/4/1 350/4/1
f 379/4/1 351/4/1 378/4/1
f 380/4/1 367/4/1 352/4/1
f 381/4/1 367/4/1 380/4/1
f 390/4/1 383/4/1 382/4/1
f 391/4/1 383/4/1 390/4/1
f 392/4/1 389/4/1 388/4/1
f 393/4/1 389/4/1 392/4/1
f 394/4/1 383/4/1 391/4/1
f 395/4/1 383/4/1 394/4/1
f 396/4/1 392/4/1 388/4/1
f 397/4/1 392/4/1 396/4/1
f 403/4/1 399/4/1 398/4/1
f 404/4/1 401/4/1 400/4/1
f 406/4/1 403/4/1 402/4/1
f 407/4/1 399/4/1 403/4/1
f 407/4/1 403/4/1 406/4/1
f 408/4/1 385/4/1 384/4/1
f 409/4/1 385/4/1 408/4/1
f 410/4/1 387/4/1 386/4/1
f 411/4/1 387/4/1 410/4/1
f 412/4/1 404/4/1 400/4/1
f 412/4/1 405/4/1 404/4/1
f 413/4/1 405/4/1 412/4/1
f 422/4/1 415/4/1 414/4/1
f 423/4/1 415/4/1 422/4/1
f 424/4/1 421/4/1 420/4/1
f 425/4/1 421/4/1 424/4/1
f 430/4/1 427/4/1 426/4/1
f 431/4/1 427/4/1 430/4/1
f 432/4/1 417/4/1 416/4/1
f 433/4/1 417/4/1 432/4/1
f 434/4/1 419/4/1 418/4/1
f 435/4/1 419/4/1 434/4/1
f 436/4/1 429/4/1 428/4/1
f 437/4/1 429/4/1 436/4/1
f 446/4/1 439/4/1 438/4/1
f 447/4/1 439/4/1 446/4/1
f 448/4/1 445/4/1 444/4/1
f 449/4/1 445/4/1 448/4/1
f 454/4/1 451/4/1 450/4/1
f 455/4/1 451/4/1 454/4/1
f 456/4/1 441/4/1 440/4/1
f 457/4/1 441/4/1 456/4/1
f 458/4/1 443/4/1 442/4/1
f 459/4/1 443/4/1 458/4/1
f 460/4/1 453/4/1 452/4/1
f 461/4/1 453/4/1 460/4/1
f 470/4/1 463/4/1 462/4/1
f 471/4/1 463/4/1 470/4/1
f 472/4/1 469/4/1 468/4/1
f 473/4/1 469/4/1 472/4/1
f 478/4/1 475/4/1 474/4/1
f 479/4/1 475/4/1 478/4/1
f 480/4/1 465/4/1 464/4/1
f 481/4/1 465/4/1 480/4/1
f 482/4/1 467/4/1 466/4/1
f 483/4/1 467/4/1 482/4/1
f 484/4/1 477/4/1 476/4/1
f 485/4/1 477/4/1 484/4/1
f 494/4/1 487/4/1 486/4/1
f 495/4/1 487/4/1 494/4/1
f 496/4/1 489/4/1 488/4/1
f 497/4/1 489/4/1 496/4/1
f 498/4/1 491/4/1 490/4/1
f 499/4/1 491/4/1 498/4/1
f 500/4/1 493/4/1 492/4/1
f 501/4/1 493/4/1 500/4/1
f 510/4/1 503/4/1 502/4/1
f 511/4/1 503/4/1 510/4/1
f 512/4/1 505/4/1 504/4/1
f 513/4/1 505/4/1 512/4/1
f 514/4/1 507/4/1 506/4/1
f 515/4/1 507/4/1 514/4/1
f 516/4/1 509/4/1 508/4/1
f 517/4/1 509/4/1 516/4/1
f 526/4/1 519/4/1 518/4/1
f 527/4/1 519/4/1 526/4/1
f 528/4/1 521/4/1 520/4/1
f 529/4/1 521/4/1 528/4/1
f 530/4/1 523/4/1 522/4/1
f 531/4/1 523/4/1 530/4/1
f 532/4/1 525/4/1 524/4/1
f 533/4/1 525/4/1 532/4/1
f 540/4/1 535/4/1 534/4/1
f 541/4/1 535/4/1 540/4/1
f 542/4/1 537/4/1 536/4/1
f 543/4/1 537/4/1 542/4/1
f 544/4/1 539/4/1 538/4/1
f 545/4/1 539/4/1 544/4/1
f 552/4/1 547/4/1 546/4/1
f 553/4/1 547/4/1 552/4/1
f 554/4/1 549/4/1 548/4/1
f 555/4/1 549/4/1 554/4/1
f 556/4/1 551/4/1 550/4/1
f 557/4/1 551/4/1 556/4/1
f 558/4/1 552/4/1 546/4/1
f 560/4/1 554/4/1 548/4/1
f 563/4/1 551/4/1 557/4/1
f 564/4/1 559/4/1 558/4/1
f 564/4/1 558/4/1 546/4/1
f 565/4/1 559/4/1 564/4/1
f 566/4/1 561/4/1 560/4/1
f 566/4/1 560/4/1 548/4/1
f 567/4/1 561/4/1 566/4/1
f 568/4/1 563/4/1 562/4/1
f 569/4/1 551/4/1 563/4/1
f 569/4/1 563/4/1 568/4/1
f 576/4/1 571/4/1 570/4/1
f 577/4/1 571/4/1 576/4/1
f 578/4/1 573/4/1 572/4/1
f 579/4/1 573/4/1 578/4/1
f 580/4/1 575/4/1 574/4/1
f 581/4/1 575/4/1 580/4/1
f 600/4/1 595/4/1 594/4/1
f 601/4/1 595/4/1 600/4/1
f 602/4/1 597/4/1 596/4/1
f 603/4/1 597/4/1 602/4/1
f 604/4/1 599/4/1 598/4/1
f 605/4/1 599/4/1 604/4/1
f 606/4/1 585/4/1 584/4/1
f 607/4/1 585/4/1 606/4/1
f 608/4/1 587/4/1 586/4/1
f 609/4/1 587/4/1 608/4/1
f 610/4/1 589/4/1 588/4/1
f 611/4/1 589/4/1 610/4/1
f 612/4/1 591/4/1 590/4/1
f 613/4/1 591/4/1 612/4/1
f 614/4/1 583/4/1 582/4/1
f 615/4/1 583/4/1 614/4/1
f 616/4/1 593/4/1 592/4/1
f 617/4/1 593/4/1 616/4/1
f 636/4/1 631/4/1 630/4/1
f 637/4/1 631/4/1 636/4/1
f 638/4/1 631/4/1 637/4/1
f 640/4/1 633/4/1 632/4/1
f 641/4/1 633/4/1 640/4/1
f 642/4/1 633/4/1 641/4/1
f 645/4/1 635/4/1 634/4/1
f 646/4/1 635/4/1 645/4/1
f 647/4/1 635/4/1 646/4/1
f 649/4/1 639/4/1 638/4/1
f 649/4/1 638/4/1 637/4/1
f 650/4/1 639/4/1 649/4/1
f 651/4/1 639/4/1 650/4/1
f 653/4/1 643/4/1 642/4/1
f 653/4/1 642/4/1 641/4/1
f 654/4/1 643/4/1 653/4/1
f 655/4/1 643/4/1 654/4/1
f 656/4/1 645/4/1 644/4/1
f 656/4/1 646/4/1 645/4/1
f 657/4/1 646/4/1 656/4/1
f 658/4/1 646/4/1 657/4/1
f 660/4/1 650/4/1 649/4/1
f 660/4/1 649/4/1 648/4/1
f 661/4/1 650/4/1 660/4/1
f 662/4/1 654/4/1 653/4/1
f 662/4/1 653/4/1 652/4/1
f 663/4/1 654/4/1 662/4/1
f 664/4/1 659/4/1 658/4/1
f 664/4/1 658/4/1 657/4/1
f 665/4/1 659/4/1 664/4/1
f 666/4/1 621/4/1 620/4/1
f 667/4/1 621/4/1 666/4/1
f 668/4/1 623/4/1 622/4/1
f 669/4/1 623/4/1 668/4/1
f 670/4/1 625/4/1 624/4/1
f 671/4/1 625/4/1 670/4/1
f 672/4/1 627/4/1 626/4/1
f 673/4/1 627/4/1 672/4/1
f 674/4/1 619/4/1 618/4/1
f 675/4/1 619/4/1 674/4/1
f 676/4/1 629/4/1 628/4/1
f 677/4/1 629/4/1 676/4/1
f 696/4/1 691/4/1 690/4/1
f 697/4/1 691/4/1 696/4/1
f 698/4/1 679/4/1 678/4/1
f 699/4/1 693/4/1 692/4/1
f 700/4/1 693/4/1 699/4/1
f 701/4/1 683/4/1 682/4/1
f 702/4/1 689/4/1 688/4/1
f 703/4/1 695/4/1 694/4/1
f 704/4/1 695/4/1 703/4/1
f 706/4/1 698/4/1 697/4/1
f 707/4/1 679/4/1 698/4/1
f 707/4/1 698/4/1 706/4/1
f 709/4/1 701/4/1 700/4/1
f 710/4/1 683/4/1 701/4/1
f 710/4/1 701/4/1 709/4/1
f 711/4/1 703/4/1 702/4/1
f 711/4/1 702/4/1 688/4/1
f 712/4/1 703/4/1 711/4/1
f 714/4/1 706/4/1 705/4/1
f 715/4/1 706/4/1 714/4/1
f 716/4/1 709/4/1 708/4/1
f 717/4/1 709/4/1 716/4/1
f 718/4/1 713/4/1 712/4/1
f 719/4/1 713/4/1 718/4/1
f 720/4/1 681/4/1 680/4/1
f 721/4/1 681/4/1 720/4/1
f 722/4/1 683/4/1 710/4/1
f 723/4/1 683/4/1 722/4/1
f 724/4/1 685/4/1 684/4/1
f 725/4/1 685/4/1 724/4/1
f 726/4/1 687/4/1 686/4/1
f 727/4/1 687/4/1 726/4/1
f 728/4/1 679/4/1 707/4/1
f 729/4/1 679/4/1 728/4/1
f 730/4/1 711/4/1 688/4/1
f 731/4/1 711/4/1 730/4/1
f 744/4/1 733/4/1 732/4/1
f 745/4/1 733/4/1 744/4/1
f 746/4/1 737/4/1 736/4/1
f 747/4/1 737/4/1 746/4/1
f 748/4/1 743/4/1 742/4/1
f 749/4/1 743/4/1 748/4/1
f 750/4/1 733/4/1 745/4/1
f 751/4/1 733/4/1 750/4/1
f 752/4/1 737/4/1 747/4/1
f 753/4/1 737/4/1 752/4/1
f 754/4/1 748/4/1 742/4/1
f 755/4/1 748/4/1 754/4/1
f 763/4/1 757/4/1 756/4/1
f 765/4/1 759/4/1 758/4/1
f 766/4/1 761/4/1 760/4/1
f 768/4/1 735/4/1 734/4/1
f 769/4/1 735/4/1 768/4/1
f 770/4/1 765/4/1 764/4/1
f 771/4/1 759/4/1 765/4/1
f 771/4/1 765/4/1 770/4/1
f 772/4/1 739/4/1 738/4/1
f 773/4/1 739/4/1 772/4/1
f 774/4/1 741/4/1 740/4/1
f 775/4/1 741/4/1 774/4/1
f 776/4/1 763/4/1 762/4/1
f 777/4/1 757/4/1 763/4/1
f 777/4/1 763/4/1 776/4/1
f 778/4/1 766/4/1 760/4/1
f 778/4/1 767/4/1 766/4/1
f 779/4/1 767/4/1 778/4/1
f 792/4/1 781/4/1 780/4/1
f 793/4/1 781/4/1 792/4/1
f 794/4/1 785/4/1 784/4/1
f 795/4/1 785/4/1 794/4/1
f 796/4/1 791/4/1 790/4/1
f 797/4/1 791/4/1 796/4/1
f 804/4/1 783/4/1 782/4/1
f 805/4/1 783/4/1 804/4/1
f 806/4/1 801/4/1 800/4/1
f 807/4/1 801/4/1 806/4/1
f 808/4/1 787/4/1 786/4/1
f 809/4/1 787/4/1 808/4/1
f 810/4/1 789/4/1 788/4/1
f 811/4/1 789/4/1 810/4/1
f 812/4/1 799/4/1 798/4/1
f 813/4/1 799/4/1 812/4/1
f 814/4/1 803/4/1 802/4/1
f 815/4/1 803/4/1 814/4/1
f 828/4/1 817/4/1 816/4/1
f 829/4/1 817/4/1 828/4/1
f 830/4/1 821/4/1 820/4/1
f 831/4/1 821/4/1 830/4/1
f 832/4/1 827/4/1 826/4/1
f 833/4/1 827/4/1 832/4/1
f 840/4/1 819/4/1 818/4/1
f 841/4/1 819/4/1 840/4/1
f 842/4/1 837/4/1 836/4/1
f 843/4/1 837/4/1 842/4/1
f 844/4/1 823/4/1 822/4/1
f 845/4/1 823/4/1 844/4/1
f 846/4/1 825/4/1 824/4/1
f 847/4/1 825/4/1 846/4/1
f 848/4/1 835/4/1 834/4/1
f 849/4/1 835/4/1 848/4/1
f 850/4/1 839/4/1 838/4/1
f 851/4/1 839/4/1 850/4/1
f 864/4/1 853/4/1 852/4/1
f 865/4/1 853/4/1 864/4/1
f 866/4/1 857/4/1 856/4/1
f 867/4/1 857/4/1 866/4/1
f 868/4/1 863/4/1 862/4/1
f 869/4/1 863/4/1 868/4/1
f 876/4/1 855/4/1 854/4/1
f 877/4/1 855/4/1 876/4/1
f 878/4/1 873/4/1 872/4/1
f 879/4/1 873/4/1 878/4/1
f 880/4/1 859/4/1 858/4/1
f 881/4/1 859/4/1 880/4/1
f 882/4/1 861/4/1 860/4/1
f 883/4/1 861/4/1 882/4/1
f 884/4/1 871/4/1 870/4/1
f 885/4/1 871/4/1 884/4/1
f 886/4/1 875/4/1 874/4/1
f 887/4/1 875/4/1 886/4/1
f 900/4/1 891/4/1 890/4/1
f 901/4/1 891/4/1 900/4/1
f 902/4/1 893/4/1 892/4/1
f 903/4/1 893/4/1 902/4/1
f 904/4/1 895/4/1 894/4/1
f 905/4/1 895/4/1 904/4/1
f 906/4/1 897/4/1 896/4/1
f 907/4/1 897/4/1 906/4/1
f 908/4/1 889/4/1 888/4/1
f 909/4/1 889/4/1 908/4/1
f 910/4/1 899/4/1 898/4/1
f 911/4/1 899/4/1 910/4/1
f 924/4/1 915/4/1 914/4/1
f 925/4/1 915/4/1 924/4/1
f 926/4/1 917/4/1 916/4/1
f 927/4/1 917/4/1 926/4/1
f 928/4/1 919/4/1 918/4/1
f 929/4/1 919/4/1 928/4/1
f 930/4/1 921/4/1 920/4/1
f 931/4/1 921/4/1 930/4/1
f 932/4/1 913/4/1 912/4/1
f 933/4/1 913/4/1 932/4/1
f 934/4/1 923/4/1 922/4/1
f 935/4/1 923/4/1 934/4/1
f 948/4/1 939/4/1 938/4/1
f 949/4/1 939/4/1 948/4/1
f 950/4/1 941/4/1 940/4/1
f 951/4/1 941/4/1 950/4/1
f 952/4/1 943/4/1 942/4/1
f 953/4/1 943/4/1 952/4/1
f 954/4/1 945/4/1 944/4/1
f 955/4/1 945/4/1 954/4/1
f 956/4/1 937/4/1 936/4/1
f 957/4/1 937/4/1 956/4/1
f 958/4/1 947/4/1 946/4/1
f 959/4/1 947/4/1 958/4/1
f 968/4/1 963/4/1 962/4/1
f 969/4/1 963/4/1 968/4/1
f 970/4/1 965/4/1 964/4/1
f 971/4/1 965/4/1 970/4/1
f 972/4/1 961/4/1 960/4/1
f 973/4/1 961/4/1 972/4/1
f 974/4/1 967/4/1 966/4/1
f 975/4/1 967/4/1 974/4/1
f 984/4/1 977/4/1 976/4/1
f 985/4/1 977/4/1 984/4/1
f 986/4/1 979/4/1 978/4/1
f 987/4/1 979/4/1 986/4/1
f 988/4/1 981/4/1 980/4/1
f 989/4/1 981/4/1 988/4/1
f 990/4/1 983/4/1 982/4/1
f 991/4/1 983/4/1 990/4/1
f 1000/4/1 993/4/1 992/4/1
f 1001/4/1 993/4/1 1000/4/1
f 1002/4/1 995/4/1 994/4/1
f 1003/4/1 995/4/1 1002/4/1
f 1004/4/1 997/4/1 996/4/1
f 1005/4/1 997/4/1 1004/4/1
f 1006/4/1 999/4/1 998/4/1
f 1007/4/1 999/4/1 1006/4/1
f 1016/4/1 1009/4/1 1008/4/1
f 1017/4/1 1009/4/1 1016/4/1
f 1018/4/1 1011/4/1 1010/4/1
f 1019/4/1 1011/4/1 1018/4/1
f 1020/4/1 1013/4/1 1012/4/1
f 1021/4/1 1013/4/1 1020/4/1
f 1022/4/1 1015/4/1 1014/4/1
f 1023/4/1 1015/4/1 1022/4/1
f 1032/4/1 1025/4/1 1024/4/1
f 1033/4/1 1025/4/1 1032/4/1
f 1034/4/1 1027/4/1 1026/4/1
f 1035/4/1 1027/4/1 1034/4/1
f 1036/4/1 1029/4/1 1028/4/1
f 1037/4/1 1029/4/1 1036/4/1
f 1038/4/1 1031/4/1 1030/4/1
f 1039/4/1 1031/4/1 1038/4/1
f 1048/4/1 1041/4/1 1040/4/1
f 1049/4/1 1041/4/1 1048/4/1
f 1050/4/1 1043/4/1 1042/4/1
f 1051/4/1 1043/4/1 1050/4/1
f 1052/4/1 1045/4/1 1044/4/1
f 1053/4/1 1045/4/1 1052/4/1
f 1054/4/1 1047/4/1 1046/4/1
f 1055/4/1 1047/4/1 1054/4/1
f 1064/4/1 1057/4/1 1056/4/1
f 1065/4/1 1057/4/1 1064/4/1
f 1066/4/1 1059/4/1 1058/4/1
f 1067/4/1 1059/4/1 1066/4/1
f 1068/4/1 1061/4/1 1060/4/1
f 1069/4/1 1061/4/1 1068/4/1
f 1070/4/1 1063/4/1 1062/4/1
f 1071/4/1 1063/4/1 1070/4/1
f 1080/4/1 1073/4/1 1072/4/1
f 1081/4/1 1073/4/1 1080/4/1
f 1082/4/1 1075/4/1 1074/4/1
f 1083/4/1 1075/4/1 1082/4/1
f 1084/4/1 1077/4/1 1076/4/1
f 1085/4/1 1077/4/1 1084/4/1
f 1086/4/1 1079/4/1 1078/4/1
f 1087/4/1 1079/4/1 1086/4/1
f 1096/4/1 1089/4/1 1088/4/1
f 1097/4/1 1089/4/1 1096/4/1
f 1098/4/1 1091/4/1 1090/4/1
f 1099/4/1 1091/4/1 1098/4/1
f 1100/4/1 1093/4/1 1092/4/1
f 1101/4/1 1093/4/1 1100/4/1
f 1102/4/1 1095/4/1 1094/4/1
f 1103/4/1 1095/4/1 1102/4/1
f 1112/4/1 1105/4/1 1104/4/1
f 1113/4/1 1105/4/1 1112/4/1
f 1114/4/1 1107/4/1 1106/4/1
f 1115/4/1 1107/4/1 1114/4/1
f 1116/4/1 1109/4/1 1108/4/1
f 1117/4/1 1109/4/1 1116/4/1
f 1118/4/1 1111/4/1 1110/4/1
f 1119/4/1 1111/4/1 1118/4/1
f 1128/4/1 1121/4/1 1120/4/1
f 1129/4/1 1121/4/1 1128/4/1
f 1130/4/1 1123/4/1 1122/4/1
f 1131/4/1 1123/4/1 1130/4/1
f 1132/4/1 1125/4/1 1124/4/1
f 1133/4/1 1125/4/1 1132/4/1
f 1134/4/1 1127/4/1 1126/4/1
f 1135/4/1 1127/4/1 1134/4/1
f 1142/4/1 1137/4/1 1136/4/1
f 1143/4/1 1137/4/1 1142/4/1
f 1144/4/1 1139/4/1 1138/4/1
f 1145/4/1 1139/4/1 1144/4/1
f 1146/4/1 1141/4/1 1140/4/1
f 1147/4/1 1141/4/1 1146/4/1
f 1166/4/1 1161/4/1 1160/4/1
f 1167/4/1 1161/4/1 1166/4/1
f 1168/4/1 1163/4/1 1162/4/1
f 1169/4/1 1163/4/1 1168/4/1
f 1170/4/1 1165/4/1 1164/4/1
f 1171/4/1 1165/4/1 1170/4/1
f 1172/4/1 1151/4/1 1150/4/1
f 1173/4/1 1151/4/1 1172/4/1
f 1174/4/1 1153/4/1 1152/4/1
f 1175/4/1 1153/4/1 1174/4/1
f 1176/4/1 1155/4/1 1154/4/1
f 1177/4/1 1155/4/1 1176/4/1
f 1178/4/1 1157/4/1 1156/4/1
f 1179/4/1 1157/4/1 1178/4/1
f 1180/4/1 1149/4/1 1148/4/1
f 1181/4/1 1149/4/1 1180/4/1
f 1182/4/1 1159/4/1 1158/4/1
f 1183/4/1 1159/4/1 1182/4/1
f 1202/4/1 1197/4/1 1196/4/1
f 1203/4/1 1197/4/1 1202/4/1
f 1204/4/1 1197/4/1 1203/4/1
f 1206/4/1 1199/4/1 1198/4/1
f 1207/4/1 1199/4/1 1206/4/1
f 1208/4/1 1199/4/1 1207/4/1
f 1211/4/1 1201/4/1 1200/4/1
f 1212/4/1 1201/4/1 1211/4/1
f 1213/4/1 1201/4/1 1212/4/1
f 1215/4/1 1205/4/1 1204/4/1
f 1215/4/1 1204/4/1 1203/4/1
f 1216/4/1 1205/4/1 1215/4/1
f 1217/4/1 1205/4/1 1216/4/1
f 1219/4/1 1209/4/1 1208/4/1
f 1219/4/1 1208/4/1 1207/4/1
f 1220/4/1 1209/4/1 1219/4/1
f 1221/4/1 1209/4/1 1220/4/1
f 1222/4/1 1211/4/1 1210/4/1
f 1222/4/1 1212/4/1 1211/4/1
f 1223/4/1 1212/4/1 1222/4/1
f 1224/4/1 1212/4/1 1223/4/1
f 1226/4/1 1216/4/1 1215/4/1
f 1226/4/1 1215/4/1 1214/4/1
f 1227/4/1 1216/4/1 1226/4/1
f 1228/4/1 1220/4/1 1219/4/1
f 1228/4/1 1219/4/1 1218/4/1
f 1229/4/1 1220/4/1 1228/4/1
f 1230/4/1 1225/4/1 1224/4/1
f 1230/4/1 1224/4/1 1223/4/1
f 1231/4/1 1225/4/1 1230/4/1
f 1232/4/1 1187/4/1 1186/4/1
f 1233/4/1 1187/4/1 1232/4/1
f 1234/4/1 1189/4/1 1188/4/1
f 1235/4/1 1189/4/1 1234/4/1
f 1236/4/1 1191/4/1 1190/4/1
f 1237/4/1 1191/4/1 1236/4/1
f 1238/4/1 1193/4/1 1192/4/1
f 1239/4/1 1193/4/1 1238/4/1
f 1240/4/1 1185/4/1 1184/4/1
f 1241/4/1 1185/4/1 1240/4/1
f 1242/4/1 1195/4/1 1194/4/1
f 1243/4/1 1195/4/1 1242/4/1
f 1262/4/1 1257/4/1 1256/4/1
f 1263/4/1 1257/4/1 1262/4/1
f 1264/4/1 1245/4/1 1244/4/1
f 1265/4/1 1259/4/1 1258/4/1
f 1266/4/1 1259/4/1 1265/4/1
f 1267/4/1 1249/4/1 1248/4/1
f 1268/4/1 1255/4/1 1254/4/1
f 1269/4/1 1261/4/1 1260/4/1
f 1270/4/1 1261/4/1 1269/4/1
f 1272/4/1 1264/4/1 1263/4/1
f 1273/4/1 1245/4/1 1264/4/1
f 1273/4/1 1264/4/1 1272/4/1
f 1275/4/1 1267/4/1 1266/4/1
f 1276/4/1 1249/4/1 1267/4/1
f 1276/4/1 1267/4/1 1275/4/1
f 1277/4/1 1269/4/1 1268/4/1
f 1277/4/1 1268/4/1 1254/4/1
f 1278/4/1 1269/4/1 1277/4/1
f 1280/4/1 1272/4/1 1271/4/1
f 1281/4/1 1272/4/1 1280/4/1
f 1282/4/1 1275/4/1 1274/4/1
f 1283/4/1 1275/4/1 1282/4/1
f 1284/4/1 1279/4/1 1278/4/1
f 1285/4/1 1279/4/1 1284/4/1
f 1286/4/1 1247/4/1 1246/4/1
f 1287/4/1 1247/4/1 1286/4/1
f 1288/4/1 1249/4/1 1276/4/1
f 1289/4/1 1249/4/1 1288/4/1
f 1290/4/1 1251/4/1 1250/4/1
f 1291/4/1 1251/4/1 1290/4/1
f 1292/4/1 1253/4/1 1252/4/1
f 1293/4/1 1253/4/1 1292/4/1
f 1294/4/1 1245/4/1 1273/4/1
f 1295/4/1 1245/4/1 1294/4/1
f 1296/4/1 1277/4/1 1254/4/1
f 1297/4/1 1277/4/1 1296/4/1
f 1310/4/1 1299/4/1 1298/4/1
f 1311/4/1 1299/4/1 1310/4/1
f 1312/4/1 1303/4/1 1302/4/1
f 1313/4/1 1303/4/1 1312/4/1
f 1314/4/1 1309/4/1 1308/4/1
f 1315/4/1 1309/4/1 1314/4/1
f 1316/4/1 1299/4/1 1311/4/1
f 1317/4/1 1299/4/1 1316/4/1
f 1318/4/1 1303/4/1 1313/4/1
f 1319/4/1 1303/4/1 1318/4/1
f 1320/4/1 1314/4/1 1308/4/1
f 1321/4/1 1314/4/1 1320/4/1
f 1329/4/1 1323/4/1 1322/4/1
f 1331/4/1 1325/4/1 1324/4/1
f 1332/4/1 1327/4/1 1326/4/1
f 1334/4/1 1301/4/1 1300/4/1
f 1335/4/1 1301/4/1 1334/4/1
f 1336/4/1 1331/4/1 1330/4/1
f 1337/4/1 1325/4/1 1331/4/1
f 1337/4/1 1331/4/1 1336/4/1
f 1338/4/1 1305/4/1 1304/4/1
f 1339/4/1 1305/4/1 1338/4/1
f 1340/4/1 1307/4/1 1306/4/1
f 1341/4/1 1307/4/1 1340/4/1
f 1342/4/1 1329/4/1 1328/4/1
f 1343/4/1 1323/4/1 1329/4/1
f 1343/4/1 1329/4/1 1342/4/1
f 1344/4/1 1332/4/1 1326/4/1
f 1344/4/1 1333/4/1 1332/4/1
f 1345/4/1 1333/4/1 1344/4/1
f 1358/4/1 1347/4/1 1346/4/1
f 1359/4/1 1347/4/1 1358/4/1
f 1360/4/1 1351/4/1 1350/4/1
f 1361/4/1 1351/4/1 1360/4/1
f 1362/4/1 1357/4/1 1356/4/1
f 1363/4/1 1357/4/1 1362/4/1
f 1370/4/1 1349/4/1 1348/4/1
f 1371/4/1 1349/4/1 1370/4/1
f 1372/4/1 1367/4/1 1366/4/1
f 1373/4/1 1367/4/1 1372/4/1
f 1374/4/1 1353/4/1 1352/4/1
f 1375/4/1 1353/4/1 1374/4/1
f 1376/4/1 1355/4/1 1354/4/1
f 1377/4/1 1355/4/1 1376/4/1
f 1378/4/1 1365/4/1 1364/4/1
f 1379/4/1 1365/4/1 1378/4/1
f 1380/4/1 1369/4/1 1368/4/1
f 1381/4/1 1369/4/1 1380/4/1
f 1394/4/1 1383/4/1 1382/4/1
f 1395/4/1 1383/4/1 1394/4/1
f 1396/4/1 1387/4/1 1386/4/1
f 1397/4/1 1387/4/1 1396/4/1
f 1398/4/1 1393/4/1 1392/4/1
f 1399/4/1 1393/4/1 1398/4/1
f 1406/4/1 1385/4/1 1384/4/1
f 1407/4/1 1385/4/1 1406/4/1
f 1408/4/1 1403/4/1 1402/4/1
f 1409/4/1 1403/4/1 1408/4/1
f 1410/4/1 1389/4/1 1388/4/1
f 1411/4/1 1389/4/1 1410/4/1
f 1412/4/1 1391/4/1 1390/4/1
f 1413/4/1 1391/4/1 1412/4/1
f 1414/4/1 1401/4/1 1400/4/1
f 1415/4/1 1401/4/1 1414/4/1
f 1416/4/1 1405/4/1 1404/4/1
f 1417/4/1 1405/4/1 1416/4/1
f 1430/4/1 1419/4/1 1418/4/1
f 1431/4/1 1419/4/1 1430/4/1
f 1432/4/1 1423/4/1 1422/4/1
f 1433/4/1 1423/4/1 1432/4/1
f 1434/4/1 1429/4/1 1428/4/1
f 1435/4/1 1429/4/1 1434/4/1
f 1442/4/1 1421/4/1 1420/4/1
f 1443/4/1 1421/4/1 1442/4/1
f 1444/4/1 1439/4/1 1438/4/1
f 1445/4/1 1439/4/1 1444/4/1
f 1446/4/1 1425/4/1 1424/4/1
f 1447/4/1 1425/4/1 1446/4/1
f 1448/4/1 1427/4/1 1426/4/1
f 1449/4/1 1427/4/1 1448/4/1
f 1450/4/1 1437/4/1 1436/4/1
f 1451/4/1 1437/4/1 1450/4/1
f 1452/4/1 1441/4/1 1440/4/1
f 1453/4/1 1441/4/1 1452/4/1
f 1466/4/1 1457/4/1 1456/4/1
f 1467/4/1 1457/4/1 1466/4/1
f 1468/4/1 1459/4/1 1458/4/1
f 1469/4/1 1459/4/1 1468/4/1
f 1470/4/1 1461/4/1 1460/4/1
f 1471/4/1 1461/4/1 1470/4/1
f 1472/4/1 1463/4/1 1462/4/1
f 1473/4/1 1463/4/1 1472/4/1
f 1474/4/1 1455/4/1 1454/4/1
f 1475/4/1 1455/4/1 1474/4/1
f 1476/4/1 1465/4/1 1464/4/1
f 1477/4/1 1465/4/1 1476/4/1
f 1490/4/1 1481/4/1 1480/4/1
f 1491/4/1 1481/4/1 1490/4/1
f 1492/4/1 1483/4/1 1482/4/1
f 1493/4/1 1483/4/1 1492/4/1
f 1494/4/1 1485/4/1 1484/4/1
f 1495/4/1 1485/4/1 1494/4/1
f 1496/4/1 1487/4/1 1486/4/1
f 1497/4/1 1487/4/1 1496/4/1
f 1498/4/1 1479/4/1 1478/4/1
f 1499/4/1 1479/4/1 1498/4/1
f 1500/4/1 1489/4/1 1488/4/1
f 1501/4/1 1489/4/1 1500/4/1
f 1514/4/1 1505/4/1 1504/4/1
f 1515/4/1 1505/4/1 1514/4/1
f 1516/4/1 1507/4/1 1506/4/1
f 1517/4/1 1507/4/1 1516/4/1
f 1518/4/1 1509/4/1 1508/4/1
f 1519/4/1 1509/4/1 1518/4/1
f 1520/4/1 1511/4/1 1510/4/1
f 1521/4/1 1511/4/1 1520/4/1
f 1522/4/1 1503/4/1 1502/4/1
f 1523/4/1 1503/4/1 1522/4/1
f 1524/4/1 1513/4/1 1512/4/1
f 1525/4/1 1513/4/1 1524/4/1
f 1530/4/1 1527/4/1 1526/4/1
f 1531/4/1 1527/4/1 1530/4/1
f 1532/4/1 1529/4/1 1528/4/1
f 1533/4/1 1529/4/1 1532/4/1
f 1538/4/1 1535/4/1 1534/4/1
f 1539/4/1 1535/4/1 1538/4/1
f 1540/4/1 1537/4/1 1536/4/1
f 1541/4/1 1537/4/1 1540/4/1
f 1542/4/1 1538/4/1 1534/4/1
f 1545/4/1 1537/4/1 1541/4/1
f 1546/4/1 1543/4/1 1542/4/1
f 1546/4/1 1542/4/1 1534/4/1
f 1547/4/1 1543/4/1 1546/4/1
f 1548/4/1 1545/4/1 1544/4/1
f 1549/4/1 1537/4/1 1545/4/1
f 1549/4/1 1545/4/1 1548/4/1
f 1558/4/1 1553/4/1 1552/4/1
f 1559/4/1 1553/4/1 1558/4/1
f 1560/4/1 1555/4/1 1554/4/1
f 1561/4/1 1555/4/1 1560/4/1
f 1562/4/1 1551/4/1 1550/4/1
f 1563/4/1 1551/4/1 1562/4/1
f 1564/4/1 1557/4/1 1556/4/1
f 1565/4/1 1557/4/1 1564/4/1
f 1568/4/2 1569/4/2 1574/4/2
f 1574/4/2 1569/4/2 1575/4/2
f 1570/4/2 1571/4/2 1576/4/2
f 1576/4/2 1571/4/2 1577/4/2
f 1566/4/2 1567/4/2 1578/4/2
f 1578/4/2 1567/4/2 1579/4/2
f 1572/4/2 1573/4/2 1580/4/2
f 1580/4/2 1573/4/2 1581/4/2
f 1582/4/2 1583/4/2 1586/4/2
f 1586/4/2 1583/4/2 1587/4/2
f 1584/4/2 1585/4/2 1588/4/2
f 1588/4/2 1585/4/2 1589/4/2
f 1582/4/2 1586/4/2 1590/4/2
f 1589/4/2 1585/4/2 1593/4/2
f 1590/4/2 1591/4/2 1594/4/2
f 1582/4/2 1590/4/2 1594/4/2
f 1594/4/2 1591/4/2 1595/4/2
f 1592/4/2 1593/4/2 1596/4/2
f 1593/4/2 1585/4/2 1597/4/2
f 1596/4/2 1593/4/2 1597/4/2
f 1598/4/2 1599/4/2 1602/4/2
f 1602/4/2 1599/4/2 1603/4/2
f 1600/4/2 1601/4/2 1604/4/2
f 1604/4/2 1601/4/2 1605/4/2
f 1608/4/2 1609/4/2 1618/4/2
f 1618/4/2 1609/4/2 1619/4/2
f 1610/4/2 1611/4/2 1620/4/2
f 1620/4/2 1611/4/2 1621/4/2
f 1612/4/2 1613/4/2 1622/4/2
f 1622/4/2 1613/4/2 1623/4/2
f 1614/4/2 1615/4/2 1624/4/2
f 1624/4/2 1615/4/2 1625/4/2
f 1606/4/2 1607/4/2 1626/4/2
f 1626/4/2 1607/4/2 1627/4/2
f 1616/4/2 1617/4/2 1628/4/2
f 1628/4/2 1617/4/2 1629/4/2
f 1632/4/2 1633/4/2 1642/4/2
f 1642/4/2 1633/4/2 1643/4/2
f 1634/4/2 1635/4/2 1644/4/2
f 1644/4/2 1635/4/2 1645/4/2
f 1636/4/2 1637/4/2 1646/4/2
f 1646/4/2 1637/4/2 1647/4/2
f 1638/4/2 1639/4/2 1648/4/2
f 1648/4/2 1639/4/2 1649/4/2
f 1630/4/2 1631/4/2 1650/4/2
f 1650/4/2 1631/4/2 1651/4/2
f 1640/4/2 1641/4/2 1652/4/2
f 1652/4/2 1641/4/2 1653/4/2
f 1656/4/2 1657/4/2 1666/4/2
f 1666/4/2 1657/4/2 1667/4/2
f 1658/4/2 1659/4/2 1668/4/2
f 1668/4/2 1659/4/2 1669/4/2
f 1660/4/2 1661/4/2 1670/4/2
f 1670/4/2 1661/4/2 1671/4/2
f 1662/4/2 1663/4/2 1672/4/2
f 1672/4/2 1663/4/2 1673/4/2
f 1654/4/2 1655/4/2 1674/4/2
f 1674/4/2 1655/4/2 1675/4/2
f 1664/4/2 1665/4/2 1676/4/2
f 1676/4/2 1665/4/2 1677/4/2
f 1678/4/2 1679/4/2 1690/4/2
f 1690/4/2 1679/4/2 1691/4/2
f 1682/4/2 1683/4/2 1692/4/2
f 1692/4/2 1683/4/2 1693/4/2
f 1688/4/2 1689/4/2 1694/4/2
f 1694/4/2 1689/4/2 1695/4/2
f 1680/4/2 1681/4/2 1702/4/2
f 1702/4/2 1681/4/2 1703/4/2
f 1698/4/2 1699/4/2 1704/4/2
f 1704/4/2 1699/4/2 1705/4/2
f 1684/4/2 1685/4/2 1706/4/2
f 1706/4/2 1685/4/2 1707/4/2
f 1686/4/2 1687/4/2 1708/4/2
f 1708/4/2 1687/4/2 1709/4/2
f 1696/4/2 1697/4/2 1710/4/2
f 1710/4/2 1697/4/2 1711/4/2
f 1700/4/2 1701/4/2 1712/4/2
f 1712/4/2 1701/4/2 1713/4/2
f 1714/4/2 1715/4/2 1726/4/2
f 1726/4/2 1715/4/2 1727/4/2
f 1718/4/2 1719/4/2 1728/4/2
f 1728/4/2 1719/4/2 1729/4/2
f 1724/4/2 1725/4/2 1730/4/2
f 1730/4/2 1725/4/2 1731/4/2
f 1716/4/2 1717/4/2 1738/4/2
f 1738/4/2 1717/4/2 1739/4/2
f 1734/4/2 1735/4/2 1740/4/2
f 1740/4/2 1735/4/2 1741/4/2
f 1720/4/2 1721/4/2 1742/4/2
f 1742/4/2 1721/4/2 1743/4/2
f 1722/4/2 1723/4/2 1744/4/2
f 1744/4/2 1723/4/2 1745/4/2
f 1732/4/2 1733/4/2 1746/4/2
f 1746/4/2 1733/4/2 1747/4/2
f 1736/4/2 1737/4/2 1748/4/2
f 1748/4/2 1737/4/2 1749/4/2
f 1750/4/2 1751/4/2 1762/4/2
f 1762/4/2 1751/4/2 1763/4/2
f 1754/4/2 1755/4/2 1764/4/2
f 1764/4/2 1755/4/2 1765/4/2
f 1760/4/2 1761/4/2 1766/4/2
f 1766/4/2 1761/4/2 1767/4/2
f 1752/4/2 1753/4/2 1774/4/2
f 1774/4/2 1753/4/2 1775/4/2
f 1770/4/2 1771/4/2 1776/4/2
f 1776/4/2 1771/4/2 1777/4/2
f 1756/4/2 1757/4/2 1778/4/2
f 1778/4/2 1757/4/2 1779/4/2
f 1758/4/2 1759/4/2 1780/4/2
f 1780/4/2 1759/4/2 1781/4/2
f 1768/4/2 1769/4/2 1782/4/2
f 1782/4/2 1769/4/2 1783/4/2
f 1772/4/2 1773/4/2 1784/4/2
f 1784/4/2 1773/4/2 1785/4/2
f 1786/4/2 1787/4/2 1798/4/2
f 1798/4/2 1787/4/2 1799/4/2
f 1790/4/2 1791/4/2 1800/4/2
f 1800/4/2 1791/4/2 1801/4/2
f 1796/4/2 1797/4/2 1802/4/2
f 1802/4/2 1797/4/2 1803/4/2
f 1799/4/2 1787/4/2 1804/4/2
f 1804/4/2 1787/4/2 1805/4/2
f 1801/4/2 1791/4/2 1806/4/2
f 1806/4/2 1791/4/2 1807/4/2
f 1796/4/2 1802/4/2 1808/4/2
f 1808/4/2 1802/4/2 1809/4/2
f 1810/4/2 1811/4/2 1817/4/2
f 1812/4/2 1813/4/2 1819/4/2
f 1814/4/2 1815/4/2 1820/4/2
f 1788/4/2 1789/4/2 1822/4/2
f 1822/4/2 1789/4/2 1823/4/2
f 1818/4/2 1819/4/2 1824/4/2
f 1819/4/2 1813/4/2 1825/4/2
f 1824/4/2 1819/4/2 1825/4/2
f 1792/4/2 1793/4/2 1826/4/2
f 1826/4/2 1793/4/2 1827/4/2
f 1794/4/2 1795/4/2 1828/4/2
f 1828/4/2 1795/4/2 1829/4/2
f 1816/4/2 1817/4/2 1830/4/2
f 1817/4/2 1811/4/2 1831/4/2
f 1830/4/2 1817/4/2 1831/4/2
f 1814/4/2 1820/4/2 1832/4/2
f 1820/4/2 1821/4/2 1832/4/2
f 1832/4/2 1821/4/2 1833/4/2
f 1846/4/2 1847/4/2 1852/4/2
f 1852/4/2 1847/4/2 1853/4/2
f 1834/4/2 1835/4/2 1854/4/2
f 1848/4/2 1849/4/2 1855/4/2
f 1855/4/2 1849/4/2 1856/4/2
f 1838/4/2 1839/4/2 1857/4/2
f 1844/4/2 1845/4/2 1858/4/2
f 1850/4/2 1851/4/2 1859/4/2
f 1859/4/2 1851/4/2 1860/4/2
f 1853/4/2 1854/4/2 1862/4/2
f 1854/4/2 1835/4/2 1863/4/2
f 1862/4/2 1854/4/2 1863/4/2
f 1856/4/2 1857/4/2 1865/4/2
f 1857/4/2 1839/4/2 1866/4/2
f 1865/4/2 1857/4/2 1866/4/2
f 1858/4/2 1859/4/2 1867/4/2
f 1844/4/2 1858/4/2 1867/4/2
f 1867/4/2 1859/4/2 1868/4/2
f 1861/4/2 1862/4/2 1870/4/2
f 1870/4/2 1862/4/2 1871/4/2
f 1864/4/2 1865/4/2 1872/4/2
f 1872/4/2 1865/4/2 1873/4/2
f 1868/4/2 1869/4/2 1874/4/2
f 1874/4/2 1869/4/2 1875/4/2
f 1836/4/2 1837/4/2 1876/4/2
f 1876/4/2 1837/4/2 1877/4/2
f 1866/4/2 1839/4/2 1878/4/2
f 1878/4/2 1839/4/2 1879/4/2
f 1840/4/2 1841/4/2 1880/4/2
f 1880/4/2 1841/4/2 1881/4/2
f 1842/4/2 1843/4/2 1882/4/2
f 1882/4/2 1843/4/2 1883/4/2
f 1863/4/2 1835/4/2 1884/4/2
f 1884/4/2 1835/4/2 1885/4/2
f 1844/4/2 1867/4/2 1886/4/2
f 1886/4/2 1867/4/2 1887/4/2
f 1900/4/2 1901/4/2 1906/4/2
f 1906/4/2 1901/4/2 1907/4/2
f 1907/4/2 1901/4/2 1908/4/2
f 1902/4/2 1903/4/2 1910/4/2
f 1910/4/2 1903/4/2 1911/4/2
f 1911/4/2 1903/4/2 1912/4/2
f 1904/4/2 1905/4/2 1915/4/2
f 1915/4/2 1905/4/2 1916/4/2
f 1916/4/2 1905/4/2 1917/4/2
f 1908/4/2 1909/4/2 1919/4/2
f 1907/4/2 1908/4/2 1919/4/2
f 1919/4/2 1909/4/2 1920/4/2
f 1920/4/2 1909/4/2 1921/4/2
f 1912/4/2 1913/4/2 1923/4/2
f 1911/4/2 1912/4/2 1923/4/2
f 1923/4/2 1913/4/2 1924/4/2
f 1924/4/2 1913/4/2 1925/4/2
f 1914/4/2 1915/4/2 1926/4/2
f 1915/4/2 1916/4/2 1926/4/2
f 1926/4/2 1916/4/2 1927/4/2
f 1927/4/2 1916/4/2 1928/4/2
f 1919/4/2 1920/4/2 1930/4/2
f 1918/4/2 1919/4/2 1930/4/2
f 1930/4/2 1920/4/2 1931/4/2
f 1923/4/2 1924/4/2 1932/4/2
f 1922/4/2 1923/4/2 1932/4/2
f 1932/4/2 1924/4/2 1933/4/2
f 1928/4/2 1929/4/2 1934/4/2
f 1927/4/2 1928/4/2 1934/4/2
f 1934/4/2 1929/4/2 1935/4/2
f 1890/4/2 1891/4/2 1936/4/2
f 1936/4/2 1891/4/2 1937/4/2
f 1892/4/2 1893/4/2 1938/4/2
f 1938/4/2 1893/4/2 1939/4/2
f 1894/4/2 1895/4/2 1940/4/2
f 1940/4/2 1895/4/2 1941/4/2
f 1896/4/2 1897/4/2 1942/4/2
f 1942/4/2 1897/4/2 1943/4/2
f 1888/4/2 1889/4/2 1944/4/2
f 1944/4/2 1889/4/2 1945/4/2
f 1898/4/2 1899/4/2 1946/4/2
f 1946/4/2 1899/4/2 1947/4/2
f 1960/4/2 1961/4/2 1966/4/2
f 1966/4/2 1961/4/2 1967/4/2
f 1962/4/2 1963/4/2 1968/4/2
f 1968/4/2 1963/4/2 1969/4/2
f 1964/4/2 1965/4/2 1970/4/2
f 1970/4/2 1965/4/2 1971/4/2
f 1950/4/2 1951/4/2 1972/4/2
f 1972/4/2 1951/4/2 1973/4/2
f 1952/4/2 1953/4/2 1974/4/2
f 1974/4/2 1953/4/2 1975/4/2
f 1954/4/2 1955/4/2 1976/4/2
f 1976/4/2 1955/4/2 1977/4/2
f 1956/4/2 1957/4/2 1978/4/2
f 1978/4/2 1957/4/2 1979/4/2
f 1948/4/2 1949/4/2 1980/4/2
f 1980/4/2 1949/4/2 1981/4/2
f 1958/4/2 1959/4/2 1982/4/2
f 1982/4/2 1959/4/2 1983/4/2
f 1984/4/2 1985/4/2 1990/4/2
f 1990/4/2 1985/4/2 1991/4/2
f 1986/4/2 1987/4/2 1992/4/2
f 1992/4/2 1987/4/2 1993/4/2
f 1988/4/2 1989/4/2 1994/4/2
f 1994/4/2 1989/4/2 1995/4/2
f 1996/4/2 1997/4/2 2002/4/2
f 2002/4/2 1997/4/2 2003/4/2
f 1998/4/2 1999/4/2 2004/4/2
f 2004/4/2 1999/4/2 2005/4/2
f 2000/4/2 2001/4/2 2006/4/2
f 2006/4/2 2001/4/2 2007/4/2
f 1996/4/2 2002/4/2 2008/4/2
f 1998/4/2 2004/4/2 2010/4/2
f 2007/4/2 2001/4/2 2013/4/2
f 2008/4/2 2009/4/2 2014/4/2
f 1996/4/2 2008/4/2 2014/4/2
f 2014/4/2 2009/4/2 2015/4/2
f 2010/4/2 2011/4/2 2016/4/2
f 1998/4/2 2010/4/2 2016/4/2
f 2016/4/2 2011/4/2 2017/4/2
f 2012/4/2 2013/4/2 2018/4/2
f 2013/4/2 2001/4/2 2019/4/2
f 2018/4/2 2013/4/2 2019/4/2
f 2020/4/2 2021/4/2 2026/4/2
f 2026/4/2 2021/4/2 2027/4/2
f 2022/4/2 2023/4/2 2028/4/2
f 2028/4/2 2023/4/2 2029/4/2
f 2024/4/2 2025/4/2 2030/4/2
f 2030/4/2 2025/4/2 2031/4/2
f 2032/4/2 2033/4/2 2040/4/2
f 2040/4/2 2033/4/2 2041/4/2
f 2034/4/2 2035/4/2 2042/4/2
f 2042/4/2 2035/4/2 2043/4/2
f 2036/4/2 2037/4/2 2044/4/2
f 2044/4/2 2037/4/2 2045/4/2
f 2038/4/2 2039/4/2 2046/4/2
f 2046/4/2 2039/4/2 2047/4/2
f 2048/4/2 2049/4/2 2056/4/2
f 2056/4/2 2049/4/2 2057/4/2
f 2050/4/2 2051/4/2 2058/4/2
f 2058/4/2 2051/4/2 2059/4/2
f 2052/4/2 2053/4/2 2060/4/2
f 2060/4/2 2053/4/2 2061/4/2
f 2054/4/2 2055/4/2 2062/4/2
f 2062/4/2 2055/4/2 2063/4/2
f 2064/4/2 2065/4/2 2072/4/2
f 2072/4/2 2065/4/2 2073/4/2
f 2066/4/2 2067/4/2 2074/4/2
f 2074/4/2 2067/4/2 2075/4/2
f 2068/4/2 2069/4/2 2076/4/2
f 2076/4/2 2069/4/2 2077/4/2
f 2070/4/2 2071/4/2 2078/4/2
f 2078/4/2 2071/4/2 2079/4/2
f 2080/4/2 2081/4/2 2088/4/2
f 2088/4/2 2081/4/2 2089/4/2
f 2082/4/2 2083/4/2 2090/4/2
f 2090/4/2 2083/4/2 2091/4/2
f 2084/4/2 2085/4/2 2092/4/2
f 2092/4/2 2085/4/2 2093/4/2
f 2086/4/2 2087/4/2 2094/4/2
f 2094/4/2 2087/4/2 2095/4/2
f 2096/4/2 2097/4/2 2104/4/2
f 2104/4/2 2097/4/2 2105/4/2
f 2098/4/2 2099/4/2 2106/4/2
f 2106/4/2 2099/4/2 2107/4/2
f 2100/4/2 2101/4/2 2108/4/2
f 2108/4/2 2101/4/2 2109/4/2
f 2102/4/2 2103/4/2 2110/4/2
f 2110/4/2 2103/4/2 2111/4/2
f 2112/4/2 2113/4/2 2120/4/2
f 2120/4/2 2113/4/2 2121/4/2
f 2114/4/2 2115/4/2 2122/4/2
f 2122/4/2 2115/4/2 2123/4/2
f 2116/4/2 2117/4/2 2124/4/2
f 2124/4/2 2117/4/2 2125/4/2
f 2118/4/2 2119/4/2 2126/4/2
f 2126/4/2 2119/4/2 2127/4/2
f 2128/4/2 2129/4/2 2136/4/2
f 2136/4/2 2129/4/2 2137/4/2
f 2130/4/2 2131/4/2 2138/4/2
f 2138/4/2 2131/4/2 2139/4/2
f 2132/4/2 2133/4/2 2140/4/2
f 2140/4/2 2133/4/2 2141/4/2
f 2134/4/2 2135/4/2 2142/4/2
f 2142/4/2 2135/4/2 2143/4/2
f 2144/4/2 2145/4/2 2152/4/2
f 2152/4/2 2145/4/2 2153/4/2
f 2146/4/2 2147/4/2 2154/4/2
f 2154/4/2 2147/4/2 2155/4/2
f 2148/4/2 2149/4/2 2156/4/2
f 2156/4/2 2149/4/2 2157/4/2
f 2150/4/2 2151/4/2 2158/4/2
f 2158/4/2 2151/4/2 2159/4/2
f 2160/4/2 2161/4/2 2169/4/2
f 2169/4/2 2161/4/2 2170/4/2
f 2162/4/2 2163/4/2 2171/4/2
f 2163/4/2 2164/4/2 2171/4/2
f 2171/4/2 2164/4/2 2172/4/2
f 2165/4/2 2166/4/2 2173/4/2
f 2173/4/2 2166/4/2 2174/4/2
f 2167/4/2 2168/4/2 2175/4/2
f 2175/4/2 2168/4/2 2176/4/2
f 2177/4/2 2178/4/2 2185/4/2
f 2185/4/2 2178/4/2 2186/4/2
f 2179/4/2 2180/4/2 2187/4/2
f 2187/4/2 2180/4/2 2188/4/2
f 2181/4/2 2182/4/2 2189/4/2
f 2189/4/2 2182/4/2 2190/4/2
f 2183/4/2 2184/4/2 2191/4/2
f 2191/4/2 2184/4/2 2192/4/2
f 2195/4/2 2196/4/2 2201/4/2
f 2201/4/2 2196/4/2 2202/4/2
f 2197/4/2 2198/4/2 2203/4/2
f 2203/4/2 2198/4/2 2204/4/2
f 2193/4/2 2194/4/2 2205/4/2
f 2205/4/2 2194/4/2 2206/4/2
f 2199/4/2 2200/4/2 2207/4/2
f 2207/4/2 2200/4/2 2208/4/2
f 2211/4/2 2212/4/2 2221/4/2
f 2221/4/2 2212/4/2 2222/4/2
f 2213/4/2 2214/4/2 2223/4/2
f 2223/4/2 2214/4/2 2224/4/2
f 2215/4/2 2216/4/2 2225/4/2
f 2225/4/2 2216/4/2 2226/4/2
f 2217/4/2 2218/4/2 2227/4/2
f 2227/4/2 2218/4/2 2228/4/2
f 2209/4/2 2210/4/2 2229/4/2
f 2229/4/2 2210/4/2 2230/4/2
f 2219/4/2 2220/4/2 2231/4/2
f 2231/4/2 2220/4/2 2232/4/2
f 2235/4/2 2236/4/2 2245/4/2
f 2245/4/2 2236/4/2 2246/4/2
f 2237/4/2 2238/4/2 2247/4/2
f 2247/4/2 2238/4/2 2248/4/2
f 2239/4/2 2240/4/2 2249/4/2
f 2249/4/2 2240/4/2 2250/4/2
f 2241/4/2 2242/4/2 2251/4/2
f 2251/4/2 2242/4/2 2252/4/2
f 2233/4/2 2234/4/2 2253/4/2
f 2253/4/2 2234/4/2 2254/4/2
f 2243/4/2 2244/4/2 2255/4/2
f 2255/4/2 2244/4/2 2256/4/2
f 2259/4/2 2260/4/2 2269/4/2
f 2269/4/2 2260/4/2 2270/4/2
f 2261/4/2 2262/4/2 2271/4/2
f 2271/4/2 2262/4/2 2272/4/2
f 2263/4/2 2264/4/2 2273/4/2
f 2273/4/2 2264/4/2 2274/4/2
f 2265/4/2 2266/4/2 2275/4/2
f 2275/4/2 2266/4/2 2276/4/2
f 2257/4/2 2258/4/2 2277/4/2
f 2277/4/2 2258/4/2 2278/4/2
f 2267/4/2 2268/4/2 2279/4/2
f 2279/4/2 2268/4/2 2280/4/2
f 2283/4/2 2284/4/2 2293/4/2
f 2293/4/2 2284/4/2 2294/4/2
f 2285/4/2 2286/4/2 2295/4/2
f 2295/4/2 2286/4/2 2296/4/2
f 2287/4/2 2288/4/2 2297/4/2
f 2297/4/2 2288/4/2 2298/4/2
f 2289/4/2 2290/4/2 2299/4/2
f 2299/4/2 2290/4/2 2300/4/2
f 2281/4/2 2282/4/2 2301/4/2
f 2301/4/2 2282/4/2 2302/4/2
f 2291/4/2 2292/4/2 2303/4/2
f 2303/4/2 2292/4/2 2304/4/2
f 2307/4/2 2308/4/2 2317/4/2
f 2317/4/2 2308/4/2 2318/4/2
f 2309/4/2 2310/4/2 2319/4/2
f 2319/4/2 2310/4/2 2320/4/2
f 2311/4/2 2312/4/2 2321/4/2
f 2321/4/2 2312/4/2 2322/4/2
f 2313/4/2 2314/4/2 2323/4/2
f 2323/4/2 2314/4/2 2324/4/2
f 2305/4/2 2306/4/2 2325/4/2
f 2325/4/2 2306/4/2 2326/4/2
f 2315/4/2 2316/4/2 2327/4/2
f 2327/4/2 2316/4/2 2328/4/2
f 2331/4/2 2332/4/2 2341/4/2
f 2341/4/2 2332/4/2 2342/4/2
f 2333/4/2 2334/4/2 2343/4/2
f 2343/4/2 2334/4/2 2344/4/2
f 2335/4/2 2336/4/2 2345/4/2
f 2345/4/2 2336/4/2 2346/4/2
f 2337/4/2 2338/4/2 2347/4/2
f 2347/4/2 2338/4/2 2348/4/2
f 2329/4/2 2330/4/2 2349/4/2
f 2349/4/2 2330/4/2 2350/4/2
f 2339/4/2 2340/4/2 2351/4/2
f 2351/4/2 2340/4/2 2352/4/2
f 2355/4/2 2356/4/2 2365/4/2
f 2365/4/2 2356/4/2 2366/4/2
f 2357/4/2 2358/4/2 2367/4/2
f 2367/4/2 2358/4/2 2368/4/2
f 2359/4/2 2360/4/2 2369/4/2
f 2369/4/2 2360/4/2 2370/4/2
f 2361/4/2 2362/4/2 2371/4/2
f 2371/4/2 2362/4/2 2372/4/2
f 2353/4/2 2354/4/2 2373/4/2
f 2373/4/2 2354/4/2 2374/4/2
f 2363/4/2 2364/4/2 2375/4/2
f 2375/4/2 2364/4/2 2376/4/2
f 2379/4/2 2380/4/2 2389/4/2
f 2389/4/2 2380/4/2 2390/4/2
f 2381/4/2 2382/4/2 2391/4/2
f 2391/4/2 2382/4/2 2392/4/2
f 2383/4/2 2384/4/2 2393/4/2
f 2393/4/2 2384/4/2 2394/4/2
f 2385/4/2 2386/4/2 2395/4/2
f 2395/4/2 2386/4/2 2396/4/2
f 2377/4/2 2378/4/2 2397/4/2
f 2397/4/2 2378/4/2 2398/4/2
f 2387/4/2 2388/4/2 2399/4/2
f 2399/4/2 2388/4/2 2400/4/2
f 2403/4/2 2404/4/2 2413/4/2
f 2413/4/2 2404/4/2 2414/4/2
f 2405/4/2 2406/4/2 2415/4/2
f 2415/4/2 2406/4/2 2416/4/2
f 2407/4/2 2408/4/2 2417/4/2
f 2417/4/2 2408/4/2 2418/4/2
f 2409/4/2 2410/4/2 2419/4/2
f 2419/4/2 2410/4/2 2420/4/2
f 2401/4/2 2402/4/2 2421/4/2
f 2421/4/2 2402/4/2 2422/4/2
f 2411/4/2 2412/4/2 2423/4/2
f 2423/4/2 2412/4/2 2424/4/2
f 2427/4/2 2428/4/2 2437/4/2
f 2437/4/2 2428/4/2 2438/4/2
f 2429/4/2 2430/4/2 2439/4/2
f 2439/4/2 2430/4/2 2440/4/2
f 2431/4/2 2432/4/2 2441/4/2
f 2441/4/2 2432/4/2 2442/4/2
f 2433/4/2 2434/4/2 2443/4/2
f 2443/4/2 2434/4/2 2444/4/2
f 2425/4/2 2426/4/2 2445/4/2
f 2445/4/2 2426/4/2 2446/4/2
f 2435/4/2 2436/4/2 2447/4/2
f 2447/4/2 2436/4/2 2448/4/2
f 2449/4/2 2450/4/2 2455/4/2
f 2455/4/2 2450/4/2 2456/4/2
f 2451/4/2 2452/4/2 2457/4/2
f 2457/4/2 2452/4/2 2458/4/2
f 2453/4/2 2454/4/2 2459/4/2
f 2459/4/2 2454/4/2 2460/4/2
f 2461/4/2 2462/4/2 2467/4/2
f 2467/4/2 2462/4/2 2468/4/2
f 2463/4/2 2464/4/2 2469/4/2
f 2469/4/2 2464/4/2 2470/4/2
f 2465/4/2 2466/4/2 2471/4/2
f 2471/4/2 2466/4/2 2472/4/2
f 2461/4/2 2467/4/2 2473/4/2
f 2463/4/2 2469/4/2 2475/4/2
f 2472/4/2 2466/4/2 2478/4/2
f 2473/4/2 2474/4/2 2479/4/2
f 2461/4/2 2473/4/2 2479/4/2
f 2479/4/2 2474/4/2 2480/4/2
f 2475/4/2 2476/4/2 2481/4/2
f 2463/4/2 2475/4/2 2481/4/2
f 2481/4/2 2476/4/2 2482/4/2
f 2477/4/2 2478/4/2 2483/4/2
f 2478/4/2 2466/4/2 2484/4/2
f 2483/4/2 2478/4/2 2484/4/2
f 2485/4/2 2486/4/2 2491/4/2
f 2491/4/2 2486/4/2 2492/4/2
f 2487/4/2 2488/4/2 2493/4/2
f 2493/4/2 2488/4/2 2494/4/2
f 2489/4/2 2490/4/2 2495/4/2
f 2495/4/2 2490/4/2 2496/4/2
f 2497/4/2 2498/4/2 2505/4/2
f 2505/4/2 2498/4/2 2506/4/2
f 2499/4/2 2500/4/2 2507/4/2
f 2507/4/2 2500/4/2 2508/4/2
f 2501/4/2 2502/4/2 2509/4/2
f 2509/4/2 2502/4/2 2510/4/2
f 2503/4/2 2504/4/2 2511/4/2
f 2511/4/2 2504/4/2 2512/4/2
f 2513/4/2 2514/4/2 2521/4/2
f 2521/4/2 2514/4/2 2522/4/2
f 2515/4/2 2516/4/2 2523/4/2
f 2523/4/2 2516/4/2 2524/4/2
f 2517/4/2 2518/4/2 2525/4/2
f 2525/4/2 2518/4/2 2526/4/2
f 2519/4/2 2520/4/2 2527/4/2
f 2527/4/2 2520/4/2 2528/4/2
f 2529/4/2 2530/4/2 2537/4/2
f 2537/4/2 2530/4/2 2538/4/2
f 2531/4/2 2532/4/2 2539/4/2
f 2539/4/2 2532/4/2 2540/4/2
f 2533/4/2 2534/4/2 2541/4/2
f 2541/4/2 2534/4/2 2542/4/2
f 2535/4/2 2536/4/2 2543/4/2
f 2543/4/2 2536/4/2 2544/4/2
f 2545/4/2 2546/4/2 2553/4/2
f 2553/4/2 2546/4/2 2554/4/2
f 2551/4/2 2552/4/2 2555/4/2
f 2555/4/2 2552/4/2 2556/4/2
f 2557/4/2 2558/4/2 2561/4/2
f 2561/4/2 2558/4/2 2562/4/2
f 2547/4/2 2548/4/2 2563/4/2
f 2563/4/2 2548/4/2 2564/4/2
f 2549/4/2 2550/4/2 2565/4/2
f 2565/4/2 2550/4/2 2566/4/2
f 2559/4/2 2560/4/2 2567/4/2
f 2567/4/2 2560/4/2 2568/4/2
f 2569/4/2 2570/4/2 2577/4/2
f 2577/4/2 2570/4/2 2578/4/2
f 2575/4/2 2576/4/2 2579/4/2
f 2579/4/2 2576/4/2 2580/4/2
f 2581/4/2 2582/4/2 2585/4/2
f 2585/4/2 2582/4/2 2586/4/2
f 2571/4/2 2572/4/2 2587/4/2
f 2587/4/2 2572/4/2 2588/4/2
f 2573/4/2 2574/4/2 2589/4/2
f 2589/4/2 2574/4/2 2590/4/2
f 2583/4/2 2584/4/2 2591/4/2
f 2591/4/2 2584/4/2 2592/4/2
f 2593/4/2 2594/4/2 2601/4/2
f 2601/4/2 2594/4/2 2602/4/2
f 2599/4/2 2600/4/2 2603/4/2
f 2603/4/2 2600/4/2 2604/4/2
f 2605/4/2 2606/4/2 2609/4/2
f 2609/4/2 2606/4/2 2610/4/2
f 2595/4/2 2596/4/2 2611/4/2
f 2611/4/2 2596/4/2 2612/4/2
f 2597/4/2 2598/4/2 2613/4/2
f 2613/4/2 2598/4/2 2614/4/2
f 2607/4/2 2608/4/2 2615/4/2
f 2615/4/2 2608/4/2 2616/4/2
f 2617/4/2 2618/4/2 2625/4/2
f 2625/4/2 2618/4/2 2626/4/2
f 2623/4/2 2624/4/2 2627/4/2
f 2627/4/2 2624/4/2 2628/4/2
f 2626/4/2 2618/4/2 2629/4/2
f 2629/4/2 2618/4/2 2630/4/2
f 2623/4/2 2627/4/2 2631/4/2
f 2631/4/2 2627/4/2 2632/4/2
f 2633/4/2 2634/4/2 2638/4/2
f 2635/4/2 2636/4/2 2639/4/2
f 2637/4/2 2638/4/2 2641/4/2
f 2638/4/2 2634/4/2 2642/4/2
f 2641/4/2 2638/4/2 2642/4/2
f 2619/4/2 2620/4/2 2643/4/2
f 2643/4/2 2620/4/2 2644/4/2
f 2621/4/2 2622/4/2 2645/4/2
f 2645/4/2 2622/4/2 2646/4/2
f 2635/4/2 2639/4/2 2647/4/2
f 2639/4/2 2640/4/2 2647/4/2
f 2647/4/2 2640/4/2 2648/4/2
f 2657/4/2 2658/4/2 2661/4/2
f 2661/4/2 2658/4/2 2662/4/2
f 2649/4/2 2650/4/2 2663/4/2
f 2655/4/2 2656/4/2 2664/4/2
f 2659/4/2 2660/4/2 2665/4/2
f 2665/4/2 2660/4/2 2666/4/2
f 2662/4/2 2663/4/2 2668/4/2
f 2663/4/2 2650/4/2 2669/4/2
f 2668/4/2 2663/4/2 2669/4/2
f 2664/4/2 2665/4/2 2670/4/2
f 2655/4/2 2664/4/2 2670/4/2
f 2670/4/2 2665/4/2 2671/4/2
f 2667/4/2 2668/4/2 2673/4/2
f 2673/4/2 2668/4/2 2674/4/2
f 2671/4/2 2672/4/2 2675/4/2
f 2675/4/2 2672/4/2 2676/4/2
f 2669/4/2 2650/4/2 2677/4/2
f 2677/4/2 2650/4/2 2678/4/2
f 2651/4/2 2652/4/2 2679/4/2
f 2679/4/2 2652/4/2 2680/4/2
f 2653/4/2 2654/4/2 2681/4/2
f 2681/4/2 2654/4/2 2682/4/2
f 2655/4/2 2670/4/2 2683/4/2
f 2683/4/2 2670/4/2 2684/4/2
f 2694/4/2 2695/4/2 2698/4/2
f 2698/4/2 2695/4/2 2699/4/2
f 2699/4/2 2695/4/2 2700/4/2
f 2696/4/2 2697/4/2 2703/4/2
f 2703/4/2 2697/4/2 2704/4/2
f 2704/4/2 2697/4/2 2705/4/2
f 2700/4/2 2701/4/2 2707/4/2
f 2699/4/2 2700/4/2 2707/4/2
f 2707/4/2 2701/4/2 2708/4/2
f 2708/4/2 2701/4/2 2709/4/2
f 2703/4/2 2704/4/2 2710/4/2
f 2702/4/2 2703/4/2 2710/4/2
f 2710/4/2 2704/4/2 2711/4/2
f 2711/4/2 2704/4/2 2712/4/2
f 2707/4/2 2708/4/2 2714/4/2
f 2706/4/2 2707/4/2 2714/4/2
f 2714/4/2 2708/4/2 2715/4/2
f 2712/4/2 2713/4/2 2716/4/2
f 2711/4/2 2712/4/2 2716/4/2
f 2716/4/2 2713/4/2 2717/4/2
f 2685/4/2 2686/4/2 2718/4/2
f 2718/4/2 2686/4/2 2719/4/2
f 2687/4/2 2688/4/2 2720/4/2
f 2688/4/2 2689/4/2 2720/4/2
f 2720/4/2 2689/4/2 2721/4/2
f 2690/4/2 2691/4/2 2722/4/2
f 2722/4/2 2691/4/2 2723/4/2
f 2692/4/2 2693/4/2 2724/4/2
f 2724/4/2 2693/4/2 2725/4/2
f 2734/4/2 2735/4/2 2738/4/2
f 2738/4/2 2735/4/2 2739/4/2
f 2736/4/2 2737/4/2 2740/4/2
f 2740/4/2 2737/4/2 2741/4/2
f 2726/4/2 2727/4/2 2742/4/2
f 2742/4/2 2727/4/2 2743/4/2
f 2728/4/2 2729/4/2 2744/4/2
f 2744/4/2 2729/4/2 2745/4/2
f 2730/4/2 2731/4/2 2746/4/2
f 2746/4/2 2731/4/2 2747/4/2
f 2732/4/2 2733/4/2 2748/4/2
f 2748/4/2 2733/4/2 2749/4/2
f 2750/4/2 2751/4/2 2758/4/2
f 2751/4/2 2752/4/2 2758/4/2
f 2752/4/2 2753/4/2 2758/4/2
f 2758/4/2 2753/4/2 2759/4/2
f 2756/4/2 2757/4/2 2760/4/2
f 2755/4/2 2756/4/2 2760/4/2
f 2754/4/2 2755/4/2 2760/4/2
f 2760/4/2 2757/4/2 2761/4/2
f 2762/4/2 2763/4/2 2770/4/2
f 2770/4/2 2763/4/2 2771/4/2
f 2764/4/2 2765/4/2 2772/4/2
f 2772/4/2 2765/4/2 2773/4/2
f 2766/4/2 2767/4/2 2774/4/2
f 2774/4/2 2767/4/2 2775/4/2
f 2768/4/2 2769/4/2 2776/4/2
f 2776/4/2 2769/4/2 2777/4/2
f 2778/4/2 2779/4/2 2790/4/2
f 2790/4/2 2779/4/2 2791/4/2
f 2780/4/2 2781/4/2 2792/4/2
f 2792/4/2 2781/4/2 2793/4/2
f 2782/4/2 2783/4/2 2794/4/2
f 2794/4/2 2783/4/2 2795/4/2
f 2784/4/2 2785/4/2 2796/4/2
f 2796/4/2 2785/4/2 2797/4/2
f 2786/4/2 2787/4/2 2798/4/2
f 2798/4/2 2787/4/2 2799/4/2
f 2788/4/2 2789/4/2 2800/4/2
f 2800/4/2 2789/4/2 2801/4/2
f 2802/4/2 2803/4/2 2814/4/2
f 2814/4/2 2803/4/2 2815/4/2
f 2804/4/2 2805/4/2 2816/4/2
f 2816/4/2 2805/4/2 2817/4/2
f 2806/4/2 2807/4/2 2818/4/2
f 2818/4/2 2807/4/2 2819/4/2
f 2808/4/2 2809/4/2 2820/4/2
f 2820/4/2 2809/4/2 2821/4/2
f 2810/4/2 2811/4/2 2822/4/2
f 2822/4/2 2811/4/2 2823/4/2
f 2812/4/2 2813/4/2 2824/4/2
f 2824/4/2 2813/4/2 2825/4/2
f 2826/4/2 2827/4/2 2838/4/2
f 2838/4/2 2827/4/2 2839/4/2
f 2828/4/2 2829/4/2 2840/4/2
f 2840/4/2 2829/4/2 2841/4/2
f 2830/4/2 2831/4/2 2842/4/2
f 2842/4/2 2831/4/2 2843/4/2
f 2832/4/2 2833/4/2 2844/4/2
f 2844/4/2 2833/4/2 2845/4/2
f 2834/4/2 2835/4/2 2846/4/2
f 2846/4/2 2835/4/2 2847/4/2
f 2836/4/2 2837/4/2 2848/4/2
f 2848/4/2 2837/4/2 2849/4/2
f 2850/4/2 2851/4/2 2862/4/2
f 2862/4/2 2851/4/2 2863/4/2
f 2852/4/2 2853/4/2 2864/4/2
f 2864/4/2 2853/4/2 2865/4/2
f 2854/4/2 2855/4/2 2866/4/2
f 2866/4/2 2855/4/2 2867/4/2
f 2856/4/2 2857/4/2 2868/4/2
f 2868/4/2 2857/4/2 2869/4/2
f 2858/4/2 2859/4/2 2870/4/2
f 2870/4/2 2859/4/2 2871/4/2
f 2860/4/2 2861/4/2 2872/4/2
f 2872/4/2 2861/4/2 2873/4/2
f 2874/4/2 2875/4/2 2886/4/2
f 2886/4/2 2875/4/2 2887/4/2
f 2876/4/2 2877/4/2 2888/4/2
f 2888/4/2 2877/4/2 2889/4/2
f 2878/4/2 2879/4/2 2890/4/2
f 2890/4/2 2879/4/2 2891/4/2
f 2880/4/2 2881/4/2 2892/4/2
f 2892/4/2 2881/4/2 2893/4/2
f 2882/4/2 2883/4/2 2894/4/2
f 2894/4/2 2883/4/2 2895/4/2
f 2884/4/2 2885/4/2 2896/4/2
f 2896/4/2 2885/4/2 2897/4/2
f 2898/4/2 2899/4/2 2910/4/2
f 2910/4/2 2899/4/2 2911/4/2
f 2900/4/2 2901/4/2 2912/4/2
f 2912/4/2 2901/4/2 2913/4/2
f 2902/4/2 2903/4/2 2914/4/2
f 2914/4/2 2903/4/2 2915/4/2
f 2904/4/2 2905/4/2 2916/4/2
f 2916/4/2 2905/4/2 2917/4/2
f 2906/4/2 2907/4/2 2918/4/2
f 2918/4/2 2907/4/2 2919/4/2
f 2908/4/2 2909/4/2 2920/4/2
f 2920/4/2 2909/4/2 2921/4/2
f 2922/4/2 2923/4/2 2934/4/2
f 2934/4/2 2923/4/2 2935/4/2
f 2924/4/2 2925/4/2 2936/4/2
f 2936/4/2 2925/4/2 2937/4/2
f 2926/4/2 2927/4/2 2938/4/2
f 2938/4/2 2927/4/2 2939/4/2
f 2928/4/2 2929/4/2 2940/4/2
f 2940/4/2 2929/4/2 2941/4/2
f 2930/4/2 2931/4/2 2942/4/2
f 2942/4/2 2931/4/2 2943/4/2
f 2932/4/2 2933/4/2 2944/4/2
f 2944/4/2 2933/4/2 2945/4/2
f 2946/4/2 2947/4/2 2958/4/2
f 2958/4/2 2947/4/2 2959/4/2
f 2948/4/2 2949/4/2 2960/4/2
f 2960/4/2 2949/4/2 2961/4/2
f 2950/4/2 2951/4/2 2962/4/2
f 2962/4/2 2951/4/2 2963/4/2
f 2952/4/2 2953/4/2 2964/4/2
f 2964/4/2 2953/4/2 2965/4/2
f 2954/4/2 2955/4/2 2966/4/2
f 2966/4/2 2955/4/2 2967/4/2
f 2956/4/2 2957/4/2 2968/4/2
f 2968/4/2 2957/4/2 2969/4/2
f 2970/4/2 2971/4/2 2982/4/2
f 2982/4/2 2971/4/2 2983/4/2
f 2972/4/2 2973/4/2 2984/4/2
f 2984/4/2 2973/4/2 2985/4/2
f 2974/4/2 2975/4/2 2986/4/2
f 2986/4/2 2975/4/2 2987/4/2
f 2976/4/2 2977/4/2 2988/4/2
f 2988/4/2 2977/4/2 2989/4/2
f 2978/4/2 2979/4/2 2990/4/2
f 2990/4/2 2979/4/2 2991/4/2
f 2980/4/2 2981/4/2 2992/4/2
f 2992/4/2 2981/4/2 2993/4/2
f 2994/4/2 2995/4/2 3006/4/2
f 3006/4/2 2995/4/2 3007/4/2
f 2996/4/2 2997/4/2 3008/4/2
f 3008/4/2 2997/4/2 3009/4/2
f 2998/4/2 2999/4/2 3010/4/2
f 3010/4/2 2999/4/2 3011/4/2
f 3000/4/2 3001/4/2 3012/4/2
f 3012/4/2 3001/4/2 3013/4/2
f 3002/4/2 3003/4/2 3014/4/2
f 3014/4/2 3003/4/2 3015/4/2
f 3004/4/2 3005/4/2 3016/4/2
f 3016/4/2 3005/4/2 3017/4/2
f 3018/4/2 3019/4/2 3024/4/2
f 3024/4/2 3019/4/2 3025/4/2
f 3020/4/2 3021/4/2 3026/4/2
f 3026/4/2 3021/4/2 3027/4/2
f 3022/4/2 3023/4/2 3028/4/2
f 3028/4/2 3023/4/2 3029/4/2
f 3032/4/3 3031/4/3 3030/4/3
f 3033/4/3 3031/4/3 3032/4/3
f 3036/4/3 3035/4/3 3034/4/3
f 3037/4/3 3035/4/3 3036/4/3
f 3040/4/3 3039/4/3 3038/4/3
f 3041/4/3 3039/4/3 3040/4/3
f 3044/4/3 3043/4/3 3042/4/3
f 3045/4/3 3043/4/3 3044/4/3
f 3048/4/3 3047/4/3 3046/4/3
f 3049/4/3 3047/4/3 3048/4/3
f 3052/4/3 3051/4/3 3050/4/3
f 3053/4/3 3051/4/3 3052/4/3
f 3056/4/3 3055/4/3 3054/4/3
f 3057/4/3 3055/4/3 3056/4/3
f 3060/4/3 3059/4/3 3058/4/3
f 3061/4/3 3059/4/3 3060/4/3
f 3064/4/3 3063/4/3 3062/4/3
f 3065/4/3 3063/4/3 3064/4/3
f 3068/4/3 3067/4/3 3066/4/3
f 3069/4/3 3067/4/3 3068/4/3
f 3072/4/3 3071/4/3 3070/4/3
f 3073/4/3 3071/4/3 3072/4/3
f 3076/4/3 3075/4/3 3074/4/3
f 3077/4/3 3075/4/3 3076/4/3
f 3078/4/3 3076/4/3 3074/4/3
f 3079/3/3 3077/3/3 3076/3/3
f 3079/4/3 3076/4/3 3078/4/3
f 3080/4/3 3075/4/3 3077/4/3
f 3080/3/3 3077/3/3 3079/3/3
f 3081/4/3 3075/4/3 3080/4/3
f 3082/4/3 3080/4/3 3079/4/3
f 3083/4/3 3080/4/3 3082/4/3
f 3087/4/3 3085/4/3 3084/4/3
f 3088/4/3 3085/4/3 3087/4/3
f 3090/3/3 3088/3/3 3087/3/3
f 3090/4/3 3087/4/3 3086/4/3
f 3091/4/3 3089/4/3 3088/4/3
f 3091/3/3 3088/3/3 3090/3/3
f 3092/4/3 3090/4/3 3086/4/3
f 3092/4/3 3091/4/3 3090/4/3
f 3093/4/3 3089/4/3 3091/4/3
f 3093/4/3 3091/4/3 3092/4/3
f 3096/4/3 3095/4/3 3094/4/3
f 3097/4/3 3095/4/3 3096/4/3
f 3100/4/3 3099/4/3 3098/4/3
f 3101/4/3 3099/4/3 3100/4/3
f 3105/4/3 3103/4/3 3102/4/3
f 3106/4/3 3103/4/3 3105/4/3
f 3108/4/3 3105/4/3 3104/4/3
f 3108/3/3 3106/3/3 3105/3/3
f 3109/4/3 3107/4/3 3106/4/3
f 3109/3/3 3106/3/3 3108/3/3
f 3110/4/3 3108/4/3 3104/4/3
f 3110/4/3 3109/4/3 3108/4/3
f 3111/4/3 3107/4/3 3109/4/3
f 3111/4/3 3109/4/3 3110/4/3
f 3114/4/3 3113/4/3 3112/4/3
f 3115/4/3 3113/4/3 3114/4/3
f 3118/4/3 3117/4/3 3116/4/3
f 3119/4/3 3117/4/3 3118/4/3
f 3122/4/3 3121/4/3 3120/4/3
f 3123/4/3 3121/4/3 3122/4/3
f 3126/4/3 3125/4/3 3124/4/3
f 3127/4/3 3125/4/3 3126/4/3
f 3130/4/3 3129/4/3 3128/4/3
f 3131/4/3 3129/4/3 3130/4/3
f 3134/4/3 3133/4/3 3132/4/3
f 3135/4/3 3133/4/3 3134/4/3
f 3138/4/3 3137/4/3 3136/4/3
f 3139/4/3 3137/4/3 3138/4/3
f 3142/4/3 3141/4/3 3140/4/3
f 3143/4/3 3141/4/3 3142/4/3
f 3146/4/3 3145/4/3 3144/4/3
f 3147/4/3 3145/4/3 3146/4/3
f 3150/4/3 3149/4/3 3148/4/3
f 3151/4/3 3149/4/3 3150/4/3
f 3154/4/3 3153/4/3 3152/4/3
f 3155/4/3 3153/4/3 3154/4/3
f 3158/4/3 3157/4/3 3156/4/3
f 3159/4/3 3157/4/3 3158/4/3
f 3162/4/3 3161/4/3 3160/4/3
f 3163/4/3 3161/4/3 3162/4/3
f 3164/4/3 3161/4/3 3163/4/3
f 3165/4/3 3161/4/3 3164/4/3
f 3170/4/3 3167/4/3 3166/4/3
f 3170/4/3 3169/4/3 3168/4/3
f 3170/4/3 3168/4/3 3167/4/3
f 3171/4/3 3169/4/3 3170/4/3
f 3174/4/3 3173/4/3 3172/4/3
f 3175/4/3 3173/4/3 3174/4/3
f 3180/4/3 3177/4/3 3176/4/3
f 3180/4/3 3179/4/3 3178/4/3
f 3180/4/3 3178/4/3 3177/4/3
f 3181/4/3 3179/4/3 3180/4/3
f 3184/4/3 3183/4/3 3182/4/3
f 3185/4/3 3183/4/3 3184/4/3
f 3188/4/3 3187/4/3 3186/4/3
f 3189/4/3 3187/4/3 3188/4/3
f 3194/4/3 3191/4/3 3190/4/3
f 3195/4/3 3191/4/3 3194/4/3
f 3196/4/3 3191/4/3 3195/4/3
f 3197/4/3 3193/4/3 3192/4/3
f 3198/4/3 3193/4/3 3197/4/3
f 3199/4/3 3193/4/3 3198/4/3
f 3206/4/3 3201/4/3 3200/4/3
f 3206/4/3 3202/4/3 3201/4/3
f 3207/4/3 3202/4/3 3206/4/3
f 3208/4/3 3205/4/3 3204/4/3
f 3208/4/3 3204/4/3 3203/4/3
f 3209/4/3 3205/4/3 3208/4/3
f 3212/4/3 3211/4/3 3210/4/3
f 3213/4/3 3211/4/3 3212/4/3
f 3220/4/3 3215/4/3 3214/4/3
f 3220/4/3 3216/4/3 3215/4/3
f 3221/4/3 3216/4/3 3220/4/3
f 3222/4/3 3219/4/3 3218/4/3
f 3222/4/3 3218/4/3 3217/4/3
f 3223/4/3 3219/4/3 3222/4/3
f 3226/4/3 3225/4/3 3224/4/3
f 3227/4/3 3225/4/3 3226/4/3
f 3230/4/3 3229/4/3 3228/4/3
f 3231/4/3 3229/4/3 3230/4/3
f 3236/4/3 3233/4/3 3232/4/3
f 3237/4/3 3233/4/3 3236/4/3
f 3238/4/3 3235/4/3 3234/4/3
f 3239/4/3 3235/4/3 3238/4/3
f 3244/4/3 3241/4/3 3240/4/3
f 3245/4/3 3241/4/3 3244/4/3
f 3246/4/3 3243/4/3 3242/4/3
f 3247/4/3 3243/4/3 3246/4/3
f 3250/4/3 3249/4/3 3248/4/3
f 3251/4/3 3249/4/3 3250/4/3
f 3256/4/3 3253/4/3 3252/4/3
f 3257/4/3 3253/4/3 3256/4/3
f 3258/4/3 3255/4/3 3254/4/3
f 3259/4/3 3255/4/3 3258/4/3
f 3262/4/3 3261/4/3 3260/4/3
f 3263/4/3 3261/4/3 3262/4/3
f 3266/4/3 3265/4/3 3264/4/3
f 3267/4/3 3265/4/3 3266/4/3
f 3272/4/3 3269/4/3 3268/4/3
f 3273/4/3 3269/4/3 3272/4/3
f 3274/4/3 3271/4/3 3270/4/3
f 3275/4/3 3271/4/3 3274/4/3
f 3280/4/3 3277/4/3 3276/4/3
f 3281/4/3 3277/4/3 3280/4/3
f 3282/4/3 3279/4/3 3278/4/3
f 3283/4/3 3279/4/3 3282/4/3
f 3286/4/3 3285/4/3 3284/4/3
f 3287/4/3 3285/4/3 3286/4/3
f 3292/4/3 3289/4/3 3288/4/3
f 3293/4/3 3289/4/3 3292/4/3
f 3294/4/3 3291/4/3 3290/4/3
f 3295/4/3 3291/4/3 3294/4/3
f 3298/4/3 3297/4/3 3296/4/3
f 3299/4/3 3297/4/3 3298/4/3
f 3302/4/3 3301/4/3 3300/4/3
f 3303/4/3 3301/4/3 3302/4/3
f 3308/4/3 3305/4/3 3304/4/3
f 3309/4/3 3305/4/3 3308/4/3
f 3310/4/3 3307/4/3 3306/4/3
f 3311/4/3 3307/4/3 3310/4/3
f 3316/4/3 3313/4/3 3312/4/3
f 3317/4/3 3313/4/3 3316/4/3
f 3318/4/3 3315/4/3 3314/4/3
f 3319/4/3 3315/4/3 3318/4/3
f 3322/4/3 3321/4/3 3320/4/3
f 3323/4/3 3321/4/3 3322/4/3
f 3328/4/3 3325/4/3 3324/4/3
f 3329/4/3 3325/4/3 3328/4/3
f 3330/4/3 3327/4/3 3326/4/3
f 3331/4/3 3327/4/3 3330/4/3
f 3334/4/3 3333/4/3 3332/4/3
f 3335/4/3 3333/4/3 3334/4/3
f 3338/4/3 3337/4/3 3336/4/3
f 3339/4/3 3337/4/3 3338/4/3
f 3342/4/3 3341/4/3 3340/4/3
f 3343/4/3 3341/4/3 3342/4/3
f 3346/4/3 3345/4/3 3344/4/3
f 3347/4/3 3345/4/3 3346/4/3
f 3350/4/3 3349/4/3 3348/4/3
f 3351/4/3 3349/4/3 3350/4/3
f 3354/4/3 3353/4/3 3352/4/3
f 3355/4/3 3353/4/3 3354/4/3
f 3358/4/3 3357/4/3 3356/4/3
f 3359/4/3 3357/4/3 3358/4/3
f 3362/4/3 3361/4/3 3360/4/3
f 3363/4/3 3361/4/3 3362/4/3
f 3366/4/3 3365/4/3 3364/4/3
f 3367/4/3 3365/4/3 3366/4/3
f 3370/4/3 3369/4/3 3368/4/3
f 3371/4/3 3369/4/3 3370/4/3
f 3374/4/3 3373/4/3 3372/4/3
f 3375/4/3 3373/4/3 3374/4/3
f 3378/4/3 3377/4/3 3376/4/3
f 3379/4/3 3377/4/3 3378/4/3
f 3382/4/3 3381/4/3 3380/4/3
f 3383/4/3 3381/4/3 3382/4/3
f 3386/4/3 3385/4/3 3384/4/3
f 3387/4/3 3385/4/3 3386/4/3
f 3390/4/3 3389/4/3 3388/4/3
f 3391/4/3 3389/4/3 3390/4/3
f 3394/4/3 3393/4/3 3392/4/3
f 3395/4/3 3393/4/3 3394/4/3
f 3398/4/3 3397/4/3 3396/4/3
f 3399/4/3 3397/4/3 3398/4/3
f 3402/4/3 3401/4/3 3400/4/3
f 3403/4/3 3401/4/3 3402/4/3
f 3404/4/3 3401/4/3 3403/4/3
f 3405/4/3 3401/4/3 3404/4/3
f 3408/4/3 3407/4/3 3406/4/3
f 3409/4/3 3407/4/3 3408/4/3
f 3410/4/3 3407/4/3 3409/4/3
f 3411/4/3 3407/4/3 3410/4/3
f 3414/4/3 3413/4/3 3412/4/3
f 3415/4/3 3413/4/3 3414/4/3
f 3418/4/3 3417/4/3 3416/4/3
f 3419/4/3 3417/4/3 3418/4/3
f 3422/4/3 3421/4/3 3420/4/3
f 3423/4/3 3421/4/3 3422/4/3
f 3426/4/3 3425/4/3 3424/4/3
f 3427/4/3 3425/4/3 3426/4/3
f 3431/4/3 3429/4/3 3428/4/3
f 3432/4/3 3429/4/3 3431/4/3
f 3434/4/3 3431/4/3 3430/4/3
f 3434/3/3 3432/3/3 3431/3/3
f 3435/4/3 3433/4/3 3432/4/3
f 3435/3/3 3432/3/3 3434/3/3
f 3436/4/3 3434/4/3 3430/4/3
f 3436/4/3 3435/4/3 3434/4/3
f 3437/4/3 3433/4/3 3435/4/3
f 3437/4/3 3435/4/3 3436/4/3
f 3440/4/3 3439/4/3 3438/4/3
f 3441/4/3 3439/4/3 3440/4/3
f 3444/4/3 3443/4/3 3442/4/3
f 3445/4/3 3443/4/3 3444/4/3
f 3448/4/3 3447/4/3 3446/4/3
f 3449/4/3 3447/4/3 3448/4/3
f 3452/4/3 3451/4/3 3450/4/3
f 3453/4/3 3451/4/3 3452/4/3
f 3456/4/3 3455/4/3 3454/4/3
f 3457/4/3 3455/4/3 3456/4/3
f 3458/4/3 3456/4/3 3454/4/3
f 3459/3/3 3457/3/3 3456/3/3
f 3459/4/3 3456/4/3 3458/4/3
f 3460/4/3 3455/4/3 3457/4/3
f 3460/3/3 3457/3/3 3459/3/3
f 3461/4/3 3455/4/3 3460/4/3
f 3462/4/3 3460/4/3 3459/4/3
f 3463/4/3 3460/4/3 3462/4/3
f 3466/4/3 3465/4/3 3464/4/3
f 3467/4/3 3465/4/3 3466/4/3
f 3470/4/3 3469/4/3 3468/4/3
f 3471/4/3 3469/4/3 3470/4/3
f 3474/4/3 3473/4/3 3472/4/3
f 3475/4/3 3473/4/3 3474/4/3
f 3478/4/3 3477/4/3 3476/4/3
f 3479/4/3 3477/4/3 3478/4/3
f 3482/4/3 3481/4/3 3480/4/3
f 3483/4/3 3481/4/3 3482/4/3
f 3486/4/3 3485/4/3 3484/4/3
f 3487/4/3 3485/4/3 3486/4/3
f 3492/4/3 3489/4/3 3488/4/3
f 3492/4/3 3491/4/3 3490/4/3
f 3492/4/3 3490/4/3 3489/4/3
f 3493/4/3 3491/4/3 3492/4/3
f 3494/4/3 3491/4/3 3493/4/3
f 3497/4/3 3496/4/3 3495/4/3
f 3498/4/3 3496/4/3 3497/4/3
f 3499/4/3 3496/4/3 3498/4/3
f 3502/4/3 3501/4/3 3500/4/3
f 3503/4/3 3501/4/3 3502/4/3
f 3506/4/3 3505/4/3 3504/4/3
f 3507/4/3 3505/4/3 3506/4/3
f 3508/4/3 3505/4/3 3507/4/3
f 3509/4/3 3505/4/3 3508/4/3
f 3510/4/3 3505/4/3 3509/4/3
f 3517/4/3 3512/4/3 3511/4/3
f 3517/4/3 3513/4/3 3512/4/3
f 3518/4/3 3513/4/3 3517/4/3
f 3519/4/3 3516/4/3 3515/4/3
f 3519/4/3 3515/4/3 3514/4/3
f 3520/4/3 3516/4/3 3519/4/3
f 3523/4/3 3522/4/3 3521/4/3
f 3524/4/3 3522/4/3 3523/4/3
f 3527/4/3 3526/4/3 3525/4/3
f 3528/4/3 3526/4/3 3527/4/3
f 3533/4/3 3530/4/3 3529/4/3
f 3534/4/3 3530/4/3 3533/4/3
f 3535/4/3 3530/4/3 3534/4/3
f 3536/4/3 3532/4/3 3531/4/3
f 3537/4/3 3532/4/3 3536/4/3
f 3538/4/3 3532/4/3 3537/4/3
f 3543/4/3 3540/4/3 3539/4/3
f 3544/4/3 3540/4/3 3543/4/3
f 3545/4/3 3542/4/3 3541/4/3
f 3546/4/3 3542/4/3 3545/4/3
f 3549/4/3 3548/4/3 3547/4/3
f 3550/4/3 3548/4/3 3549/4/3
f 3553/4/3 3552/4/3 3551/4/3
f 3554/4/3 3552/4/3 3553/4/3
f 3559/4/3 3556/4/3 3555/4/3
f 3560/4/3 3556/4/3 3559/4/3
f 3561/4/3 3558/4/3 3557/4/3
f 3562/4/3 3558/4/3 3561/4/3
f 3567/4/3 3564/4/3 3563/4/3
f 3568/4/3 3564/4/3 3567/4/3
f 3569/4/3 3566/4/3 3565/4/3
f 3570/4/3 3566/4/3 3569/4/3
f 3573/4/3 3572/4/3 3571/4/3
f 3574/4/3 3572/4/3 3573/4/3
f 3577/4/3 3576/4/3 3575/4/3
f 3578/4/3 3576/4/3 3577/4/3
f 3583/4/3 3580/4/3 3579/4/3
f 3584/4/3 3580/4/3 3583/4/3
f 3585/4/3 3582/4/3 3581/4/3
f 3586/4/3 3582/4/3 3585/4/3
f 3591/4/3 3588/4/3 3587/4/3
f 3592/4/3 3588/4/3 3591/4/3
f 3593/4/3 3590/4/3 3589/4/3
f 3594/4/3 3590/4/3 3593/4/3
f 3597/4/3 3596/4/3 3595/4/3
f 3598/4/3 3596/4/3 3597/4/3
f 3601/4/3 3600/4/3 3599/4/3
f 3602/4/3 3600/4/3 3601/4/3
f 3607/4/3 3604/4/3 3603/4/3
f 3608/4/3 3604/4/3 3607/4/3
f 3609/4/3 3606/4/3 3605/4/3
f 3610/4/3 3606/4/3 3609/4/3
f 3613/4/3 3612/4/3 3611/4/3
f 3614/4/3 3612/4/3 3613/4/3
f 3617/4/3 3616/4/3 3615/4/3
f 3618/4/3 3616/4/3 3617/4/3
f 3621/4/3 3620/4/3 3619/4/3
f 3622/4/3 3620/4/3 3621/4/3
f 3625/4/3 3624/4/3 3623/4/3
f 3626/4/3 3624/4/3 3625/4/3
f 3629/4/3 3628/4/3 3627/4/3
f 3630/4/3 3628/4/3 3629/4/3
f 3633/4/3 3632/4/3 3631/4/3
f 3634/4/3 3632/4/3 3633/4/3
f 3637/4/3 3636/4/3 3635/4/3
f 3638/4/3 3636/4/3 3637/4/3
f 3641/4/3 3640/4/3 3639/4/3
f 3642/4/3 3640/4/3 3641/4/3
f 3645/4/3 3644/4/3 3643/4/3
f 3646/4/3 3644/4/3 3645/4/3
f 3649/4/3 3648/4/3 3647/4/3
f 3650/4/3 3648/4/3 3649/4/3
f 3653/4/3 3652/4/3 3651/4/3
f 3654/4/3 3652/4/3 3653/4/3
f 3657/4/3 3656/4/3 3655/4/3
f 3658/4/3 3656/4/3 3657/4/3
f 3661/4/3 3660/4/3 3659/4/3
f 3662/4/3 3660/4/3 3661/4/3
f 3665/4/3 3664/4/3 3663/4/3
f 3666/4/3 3664/4/3 3665/4/3
f 3669/4/3 3668/4/3 3667/4/3
f 3670/4/3 3668/4/3 3669/4/3
f 3673/4/3 3672/4/3 3671/4/3
f 3674/4/3 3672/4/3 3673/4/3
f 3677/4/3 3676/4/3 3675/4/3
f 3678/4/3 3676/4/3 3677/4/3
f 3681/4/3 3680/4/3 3679/4/3
f 3682/4/3 3680/4/3 3681/4/3
f 3685/4/3 3684/4/3 3683/4/3
f 3686/4/3 3684/4/3 3685/4/3
f 3689/4/3 3688/4/3 3687/4/3
f 3690/4/3 3688/4/3 3689/4/3
f 3691/4/3 3689/4/3 3687/4/3
f 3692/3/3 3690/3/3 3689/3/3
f 3692/4/3 3689/4/3 3691/4/3
f 3693/4/3 3688/4/3 3690/4/3
f 3693/3/3 3690/3/3 3692/3/3
f 3694/4/3 3688/4/3 3693/4/3
f 3695/4/3 3693/4/3 3692/4/3
f 3696/4/3 3693/4/3 3695/4/3
f 3700/4/3 3698/4/3 3697/4/3
f 3701/4/3 3698/4/3 3700/4/3
f 3703/3/3 3701/3/3 3700/3/3
f 3703/4/3 3700/4/3 3699/4/3
f 3704/4/3 3702/4/3 3701/4/3
f 3704/3/3 3701/3/3 3703/3/3
f 3705/4/3 3703/4/3 3699/4/3
f 3705/4/3 3704/4/3 3703/4/3
f 3706/4/3 3702/4/3 3704/4/3
f 3706/4/3 3704/4/3 3705/4/3
f 3709/4/3 3708/4/3 3707/4/3
f 3710/4/3 3708/4/3 3709/4/3
f 3713/4/3 3712/4/3 3711/4/3
f 3714/4/3 3712/4/3 3713/4/3
f 3718/4/3 3716/4/3 3715/4/3
f 3719/4/3 3716/4/3 3718/4/3
f 3721/4/3 3718/4/3 3717/4/3
f 3721/3/3 3719/3/3 3718/3/3
f 3722/4/3 3720/4/3 3719/4/3
f 3722/3/3 3719/3/3 3721/3/3
f 3723/4/3 3721/4/3 3717/4/3
f 3723/4/3 3722/4/3 3721/4/3
f 3724/4/3 3720/4/3 3722/4/3
f 3724/4/3 3722/4/3 3723/4/3
f 3727/4/3 3726/4/3 3725/4/3
f 3728/4/3 3726/4/3 3727/4/3
f 3731/4/3 3730/4/3 3729/4/3
f 3732/4/3 3730/4/3 3731/4/3
f 3735/4/3 3734/4/3 3733/4/3
f 3736/4/3 3734/4/3 3735/4/3
f 3739/4/3 3738/4/3 3737/4/3
f 3740/4/3 3738/4/3 3739/4/3
f 3743/4/3 3742/4/3 3741/4/3
f 3744/4/3 3742/4/3 3743/4/3
f 3747/4/3 3746/4/3 3745/4/3
f 3748/4/3 3746/4/3 3747/4/3
f 3751/4/3 3750/4/3 3749/4/3
f 3752/4/3 3750/4/3 3751/4/3
f 3755/4/3 3754/4/3 3753/4/3
f 3756/4/3 3754/4/3 3755/4/3
f 3759/4/3 3758/4/3 3757/4/3
f 3760/4/3 3758/4/3 3759/4/3
f 3763/4/3 3762/4/3 3761/4/3
f 3764/4/3 3762/4/3 3763/4/3
f 3767/4/3 3766/4/3 3765/4/3
f 3768/4/3 3766/4/3 3767/4/3
f 3771/4/3 3770/4/3 3769/4/3
f 3772/4/3 3770/4/3 3771/4/3
f 3775/4/3 3774/4/3 3773/4/3
f 3776/4/3 3774/4/3 3775/4/3
f 3777/4/3 3774/4/3 3776/4/3
f 3778/4/3 3774/4/3 3777/4/3
f 3783/4/3 3780/4/3 3779/4/3
f 3783/4/3 3782/4/3 3781/4/3
f 3783/4/3 3781/4/3 3780/4/3
f 3784/4/3 3782/4/3 3783/4/3
f 3787/4/3 3786/4/3 3785/4/3
f 3788/4/3 3786/4/3 3787/4/3
f 3793/4/3 3790/4/3 3789/4/3
f 3793/4/3 3792/4/3 3791/4/3
f 3793/4/3 3791/4/3 3790/4/3
f 3794/4/3 3792/4/3 3793/4/3
f 3797/4/3 3796/4/3 3795/4/3
f 3798/4/3 3796/4/3 3797/4/3
f 3801/4/3 3800/4/3 3799/4/3
f 3802/4/3 3800/4/3 3801/4/3
f 3807/4/3 3804/4/3 3803/4/3
f 3808/4/3 3804/4/3 3807/4/3
f 3809/4/3 3804/4/3 3808/4/3
f 3810/4/3 3806/4/3 3805/4/3
f 3811/4/3 3806/4/3 3810/4/3
f 3812/4/3 3806/4/3 3811/4/3
f 3819/4/3 3814/4/3 3813/4/3
f 3819/4/3 3815/4/3 3814/4/3
f 3820/4/3 3815/4/3 3819/4/3
f 3821/4/3 3818/4/3 3817/4/3
f 3821/4/3 3817/4/3 3816/4/3
f 3822/4/3 3818/4/3 3821/4/3
f 3825/4/3 3824/4/3 3823/4/3
f 3826/4/3 3824/4/3 3825/4/3
f 3833/4/3 3828/4/3 3827/4/3
f 3833/4/3 3829/4/3 3828/4/3
f 3834/4/3 3829/4/3 3833/4/3
f 3835/4/3 3832/4/3 3831/4/3
f 3835/4/3 3831/4/3 3830/4/3
f 3836/4/3 3832/4/3 3835/4/3
f 3839/4/3 3838/4/3 3837/4/3
f 3840/4/3 3838/4/3 3839/4/3
f 3843/4/3 3842/4/3 3841/4/3
f 3844/4/3 3842/4/3 3843/4/3
f 3849/4/3 3846/4/3 3845/4/3
f 3850/4/3 3846/4/3 3849/4/3
f 3851/4/3 3848/4/3 3847/4/3
f 3852/4/3 3848/4/3 3851/4/3
f 3857/4/3 3854/4/3 3853/4/3
f 3858/4/3 3854/4/3 3857/4/3
f 3859/4/3 3856/4/3 3855/4/3
f 3860/4/3 3856/4/3 3859/4/3
f 3863/4/3 3862/4/3 3861/4/3
f 3864/4/3 3862/4/3 3863/4/3
f 3869/4/3 3866/4/3 3865/4/3
f 3870/4/3 3866/4/3 3869/4/3
f 3871/4/3 3868/4/3 3867/4/3
f 3872/4/3 3868/4/3 3871/4/3
f 3875/4/3 3874/4/3 3873/4/3
f 3876/4/3 3874/4/3 3875/4/3
f 3879/4/3 3878/4/3 3877/4/3
f 3880/4/3 3878/4/3 3879/4/3
f 3885/4/3 3882/4/3 3881/4/3
f 3886/4/3 3882/4/3 3885/4/3
f 3887/4/3 3884/4/3 3883/4/3
f 3888/4/3 3884/4/3 3887/4/3
f 3893/4/3 3890/4/3 3889/4/3
f 3894/4/3 3890/4/3 3893/4/3
f 3895/4/3 3892/4/3 3891/4/3
f 3896/4/3 3892/4/3 3895/4/3
f 3899/4/3 3898/4/3 3897/4/3
f 3900/4/3 3898/4/3 3899/4/3
f 3905/4/3 3902/4/3 3901/4/3
f 3906/4/3 3902/4/3 3905/4/3
f 3907/4/3 3904/4/3 3903/4/3
f 3908/4/3 3904/4/3 3907/4/3
f 3911/4/3 3910/4/3 3909/4/3
f 3912/4/3 3910/4/3 3911/4/3
f 3915/4/3 3914/4/3 3913/4/3
f 3916/4/3 3914/4/3 3915/4/3
f 3921/4/3 3918/4/3 3917/4/3
f 3922/4/3 3918/4/3 3921/4/3
f 3923/4/3 3920/4/3 3919/4/3
f 3924/4/3 3920/4/3 3923/4/3
f 3929/4/3 3926/4/3 3925/4/3
f 3930/4/3 3926/4/3 3929/4/3
f 3931/4/3 3928/4/3 3927/4/3
f 3932/4/3 3928/4/3 3931/4/3
f 3935/4/3 3934/4/3 3933/4/3
f 3936/4/3 3934/4/3 3935/4/3
f 3941/4/3 3938/4/3 3937/4/3
f 3942/4/3 3938/4/3 3941/4/3
f 3943/4/3 3940/4/3 3939/4/3
f 3944/4/3 3940/4/3 3943/4/3
f 3947/4/3 3946/4/3 3945/4/3
f 3948/4/3 3946/4/3 3947/4/3
f 3951/4/3 3950/4/3 3949/4/3
f 3952/4/3 3950/4/3 3951/4/3
f 3955/4/3 3954/4/3 3953/4/3
f 3956/4/3 3954/4/3 3955/4/3
f 3959/4/3 3958/4/3 3957/4/3
f 3960/4/3 3958/4/3 3959/4/3
f 3963/4/3 3962/4/3 3961/4/3
f 3964/4/3 3962/4/3 3963/4/3
f 3967/4/3 3966/4/3 3965/4/3
f 3968/4/3 3966/4/3 3967/4/3
f 3971/4/3 3970/4/3 3969/4/3
f 3972/4/3 3970/4/3 3971/4/3
f 3975/4/3 3974/4/3 3973/4/3
f 3976/4/3 3974/4/3 3975/4/3
f 3979/4/3 3978/4/3 3977/4/3
f 3980/4/3 3978/4/3 3979/4/3
f 3983/4/3 3982/4/3 3981/4/3
f 3984/4/3 3982/4/3 3983/4/3
f 3987/4/3 3986/4/3 3985/4/3
f 3988/4/3 3986/4/3 3987/4/3
f 3991/4/3 3990/4/3 3989/4/3
f 3992/4/3 3990/4/3 3991/4/3
f 3995/4/3 3994/4/3 3993/4/3
f 3996/4/3 3994/4/3 3995/4/3
f 3999/4/3 3998/4/3 3997/4/3
f 4000/4/3 3998/4/3 3999/4/3
f 4003/4/3 4002/4/3 4001/4/3
f 4004/4/3 4002/4/3 4003/4/3
f 4007/4/3 4006/4/3 4005/4/3
f 4008/4/3 4006/4/3 4007/4/3
f 4011/4/3 4010/4/3 4009/4/3
f 4012/4/3 4010/4/3 4011/4/3
f 4015/4/3 4014/4/3 4013/4/3
f 4016/4/3 4014/4/3 4015/4/3
f 4019/4/3 4018/4/3 4017/4/3
f 4020/4/3 4018/4/3 4019/4/3
f 4023/4/3 4022/4/3 4021/4/3
f 4024/4/3 4022/4/3 4023/4/3
f 4027/4/3 4026/4/3 4025/4/3
f 4028/4/3 4026/4/3 4027/4/3
f 4031/4/3 4030/4/3 4029/4/3
f 4032/4/3 4030/4/3 4031/4/3
f 4035/4/3 4034/4/3 4033/4/3
f 4036/4/3 4034/4/3 4035/4/3
f 4039/4/3 4038/4/3 4037/4/3
f 4040/4/3 4038/4/3 4039/4/3
f 4043/4/3 4042/4/3 4041/4/3
f 4044/4/3 4042/4/3 4043/4/3
f 4047/4/3 4046/4/3 4045/4/3
f 4048/4/3 4046/4/3 4047/4/3
f 4051/4/3 4050/4/3 4049/4/3
f 4052/4/3 4050/4/3 4051/4/3
f 4055/4/3 4054/4/3 4053/4/3
f 4056/4/3 4054/4/3 4055/4/3
f 4059/4/3 4058/4/3 4057/4/3
f 4060/4/3 4058/4/3 4059/4/3
f 4063/4/3 4062/4/3 4061/4/3
f 4064/4/3 4062/4/3 4063/4/3
f 4065/4/3 4062/4/3 4064/4/3
f 4068/4/3 4067/4/3 4066/4/3
f 4069/4/3 4067/4/3 4068/4/3
f 4070/4/3 4067/4/3 4069/4/3
f 4073/4/3 4072/4/3 4071/4/3
f 4074/4/3 4072/4/3 4073/4/3
f 4077/4/3 4076/4/3 4075/4/3
f 4078/4/3 4076/4/3 4077/4/3
f 4079/4/3 4076/4/3 4078/4/3
f 4082/4/3 4081/4/3 4080/4/3
f 4083/4/3 4081/4/3 4082/4/3
f 4086/4/3 4085/4/3 4084/4/3
f 4087/4/3 4085/4/3 4086/4/3
f 4090/4/3 4089/4/3 4088/4/3
f 4091/4/3 4089/4/3 4090/4/3
f 4094/4/3 4093/4/3 4092/4/3
f 4095/4/3 4093/4/3 4094/4/3
f 4098/4/3 4097/4/3 4096/4/3
f 4099/4/3 4097/4/3 4098/4/3
f 4102/4/3 4101/4/3 4100/4/3
f 4103/4/3 4101/4/3 4102/4/3
f 4106/4/3 4105/4/3 4104/4/3
f 4107/4/3 4105/4/3 4106/4/3
f 4110/4/3 4109/4/3 4108/4/3
f 4111/4/3 4109/4/3 4110/4/3
f 4114/4/3 4113/4/3 4112/4/3
f 4115/4/3 4113/4/3 4114/4/3
f 4118/4/3 4117/4/3 4116/4/3
f 4119/4/3 4117/4/3 4118/4/3
f 4122/4/3 4121/4/3 4120/4/3
f 4123/4/3 4121/4/3 4122/4/3
f 4126/4/3 4125/4/3 4124/4/3
f 4127/4/3 4125/4/3 4126/4/3
f 4130/4/3 4129/4/3 4128/4/3
f 4131/4/3 4129/4/3 4130/4/3
f 4134/4/3 4133/4/3 4132/4/3
f 4135/4/3 4133/4/3 4134/4/3
f 4138/4/3 4137/4/3 4136/4/3
f 4139/4/3 4137/4/3 4138/4/3
f 4142/4/3 4141/4/3 4140/4/3
f 4143/4/3 4141/4/3 4142/4/3
f 4146/4/3 4145/4/3 4144/4/3
f 4147/4/3 4145/4/3 4146/4/3
f 4150/4/3 4149/4/3 4148/4/3
f 4151/4/3 4149/4/3 4150/4/3
f 4154/4/3 4153/4/3 4152/4/3
f 4155/4/3 4153/4/3 4154/4/3
f 4158/4/3 4157/4/3 4156/4/3
f 4159/4/3 4157/4/3 4158/4/3
f 4162/4/3 4161/4/3 4160/4/3
f 4163/4/3 4161/4/3 4162/4/3
f 4166/4/3 4165/4/3 4164/4/3
f 4167/4/3 4165/4/3 4166/4/3
f 4170/4/3 4169/4/3 4168/4/3
f 4171/4/3 4169/4/3 4170/4/3
f 4174/4/3 4173/4/3 4172/4/3
f 4175/4/3 4173/4/3 4174/4/3
f 4178/4/3 4177/4/3 4176/4/3
f 4179/4/3 4177/4/3 4178/4/3
f 4182/4/3 4181/4/3 4180/4/3
f 4183/4/3 4181/4/3 4182/4/3
f 4186/4/3 4185/4/3 4184/4/3
f 4187/4/3 4185/4/3 4186/4/3
f 4190/4/3 4189/4/3 4188/4/3
f 4191/4/3 4189/4/3 4190/4/3
f 4194/4/3 4193/4/3 4192/4/3
f 4195/4/3 4193/4/3 4194/4/3
f 4198/4/3 4197/4/3 4196/4/3
f 4199/4/3 4197/4/3 4198/4/3
f 4202/4/3 4201/4/3 4200/4/3
f 4203/4/3 4201/4/3 4202/4/3
f 4206/4/3 4205/4/3 4204/4/3
f 4207/4/3 4205/4/3 4206/4/3
f 4210/4/3 4209/4/3 4208/4/3
f 4211/4/3 4209/4/3 4210/4/3
f 4214/4/3 4213/4/3 4212/4/3
f 4215/4/3 4213/4/3 4214/4/3
f 4218/4/3 4217/4/3 4216/4/3
f 4219/4/3 4217/4/3 4218/4/3
f 4222/4/3 4221/4/3 4220/4/3
f 4223/4/3 4221/4/3 4222/4/3
f 4226/4/3 4225/4/3 4224/4/3
f 4227/4/3 4225/4/3 4226/4/3
f 4230/4/3 4229/4/3 4228/4/3
f 4231/4/3 4229/4/3 4230/4/3
f 4234/4/3 4233/4/3 4232/4/3
f 4235/4/3 4233/4/3 4234/4/3
f 4238/4/3 4237/4/3 4236/4/3
f 4239/4/3 4237/4/3 4238/4/3
f 4242/4/3 4241/4/3 4240/4/3
f 4243/4/3 4241/4/3 4242/4/3
f 4246/4/3 4245/4/3 4244/4/3
f 4247/4/3 4245/4/3 4246/4/3
f 4250/4/3 4249/4/3 4248/4/3
f 4251/4/3 4249/4/3 4250/4/3
f 4254/4/3 4253/4/3 4252/4/3
f 4255/4/3 4253/4/3 4254/4/3
f 4258/4/3 4257/4/3 4256/4/3
f 4259/4/3 4257/4/3 4258/4/3
f 4262/4/3 4261/4/3 4260/4/3
f 4263/4/3 4261/4/3 4262/4/3
f 4266/4/3 4265/4/3 4264/4/3
f 4267/4/3 4265/4/3 4266/4/3
f 4270/4/3 4269/4/3 4268/4/3
f 4271/4/3 4269/4/3 4270/4/3
f 4274/4/3 4273/4/3 4272/4/3
f 4275/4/3 4273/4/3 4274/4/3
f 4278/4/3 4277/4/3 4276/4/3
f 4279/4/3 4277/4/3 4278/4/3
f 4282/4/3 4281/4/3 4280/4/3
f 4283/4/3 4281/4/3 4282/4/3
f 4286/4/3 4285/4/3 4284/4/3
f 4287/4/3 4285/4/3 4286/4/3
f 4290/4/3 4289/4/3 4288/4/3
f 4291/4/3 4289/4/3 4290/4/3
f 4294/4/3 4293/4/3 4292/4/3
f 4295/4/3 4293/4/3 4294/4/3
f 4298/4/3 4297/4/3 4296/4/3
f 4299/4/3 4297/4/3 4298/4/3
f 4302/4/3 4301/4/3 4300/4/3
f 4303/4/3 4301/4/3 4302/4/3
f 4306/4/3 4305/4/3 4304/4/3
f 4307/4/3 4305/4/3 4306/4/3
f 4310/4/3 4309/4/3 4308/4/3
f 4311/4/3 4309/4/3 4310/4/3
f 4314/4/3 4313/4/3 4312/4/3
f 4315/4/3 4313/4/3 4314/4/3
f 4318/4/3 4317/4/3 4316/4/3
f 4319/4/3 4317/4/3 4318/4/3
f 4322/4/3 4321/4/3 4320/4/3
f 4323/4/3 4321/4/3 4322/4/3
f 4326/4/3 4325/4/3 4324/4/3
f 4327/4/3 4325/4/3 4326/4/3
f 4330/4/3 4329/4/3 4328/4/3
f 4331/4/3 4329/4/3 4330/4/3
f 4334/4/3 4333/4/3 4332/4/3
f 4335/4/3 4333/4/3 4334/4/3
f 4338/4/3 4337/4/3 4336/4/3
f 4339/4/3 4337/4/3 4338/4/3
f 4342/4/3 4341/4/3 4340/4/3
f 4343/4/3 4341/4/3 4342/4/3
f 4346/4/3 4345/4/3 4344/4/3
f 4347/4/3 4345/4/3 4346/4/3
f 4350/4/3 4349/4/3 4348/4/3
f 4351/4/3 4349/4/3 4350/4/3
f 4354/4/3 4353/4/3 4352/4/3
f 4355/4/3 4353/4/3 4354/4/3
f 4358/4/3 4357/4/3 4356/4/3
f 4359/4/3 4357/4/3 4358/4/3
f 4362/4/3 4361/4/3 4360/4/3
f 4363/4/3 4361/4/3 4362/4/3
f 4366/4/3 4365/4/3 4364/4/3
f 4367/4/3 4365/4/3 4366/4/3
f 4370/4/3 4369/4/3 4368/4/3
f 4371/4/3 4369/4/3 4370/4/3
f 4374/4/3 4373/4/3 4372/4/3
f 4375/4/3 4373/4/3 4374/4/3
f 4378/4/3 4377/4/3 4376/4/3
f 4379/4/3 4377/4/3 4378/4/3
f 4382/4/3 4381/4/3 4380/4/3
f 4383/4/3 4381/4/3 4382/4/3
f 4386/4/3 4385/4/3 4384/4/3
f 4387/4/3 4385/4/3 4386/4/3
f 4390/4/3 4389/4/3 4388/4/3
f 4391/4/3 4389/4/3 4390/4/3
f 4394/4/3 4393/4/3 4392/4/3
f 4395/4/3 4393/4/3 4394/4/3
f 4398/4/3 4397/4/3 4396/4/3
f 4399/4/3 4397/4/3 4398/4/3
f 4402/4/3 4401/4/3 4400/4/3
f 4403/4/3 4401/4/3 4402/4/3
f 4406/4/3 4405/4/3 4404/4/3
f 4407/4/3 4405/4/3 4406/4/3
f 4411/4/3 4409/4/3 4408/4/3
f 4412/4/3 4409/4/3 4411/4/3
f 4414/4/3 4411/4/3 4410/4/3
f 4415/4/3 4411/4/3 4414/4/3
f 4416/4/3 4413/4/3 4412/4/3
f 4417/4/3 4413/4/3 4416/4/3
f 4420/4/3 4419/4/3 4418/4/3
f 4421/4/3 4419/4/3 4420/4/3
f 4424/4/3 4423/4/3 4422/4/3
f 4425/4/3 4423/4/3 4424/4/3
f 4428/4/3 4427/4/3 4426/4/3
f 4429/4/3 4427/4/3 4428/4/3
f 4432/4/3 4431/4/3 4430/4/3
f 4433/4/3 4431/4/3 4432/4/3
f 4438/4/3 4435/4/3 4434/4/3
f 4439/4/3 4435/4/3 4438/4/3
f 4440/4/3 4437/4/3 4436/4/3
f 4441/4/3 4437/4/3 4440/4/3
f 4442/4/3 4440/4/3 4439/4/3
f 4443/4/3 4440/4/3 4442/4/3
f 4446/4/3 4445/4/3 4444/4/3
f 4447/4/3 4445/4/3 4446/4/3
f 4450/4/3 4449/4/3 4448/4/3
f 4451/4/3 4449/4/3 4450/4/3
f 4456/4/3 4453/4/3 4452/4/3
f 4457/4/3 4453/4/3 4456/4/3
f 4458/4/3 4455/4/3 4454/4/3
f 4459/4/3 4455/4/3 4458/4/3
f 4462/4/3 4461/4/3 4460/4/3
f 4463/4/3 4461/4/3 4462/4/3
f 4466/4/3 4465/4/3 4464/4/3
f 4467/4/3 4465/4/3 4466/4/3
f 4472/4/3 4469/4/3 4468/4/3
f 4473/4/3 4469/4/3 4472/4/3
f 4474/4/3 4471/4/3 4470/4/3
f 4475/4/3 4471/4/3 4474/4/3
f 4478/4/3 4477/4/3 4476/4/3
f 4479/4/3 4477/4/3 4478/4/3
f 4482/4/3 4481/4/3 4480/4/3
f 4483/4/3 4481/4/3 4482/4/3
f 4486/4/3 4485/4/3 4484/4/3
f 4487/4/3 4485/4/3 4486/4/3
f 4492/4/3 4489/4/3 4488/4/3
f 4493/4/3 4489/4/3 4492/4/3
f 4494/4/3 4491/4/3 4490/4/3
f 4495/4/3 4491/4/3 4494/4/3
f 4496/4/3 4494/4/3 4493/4/3
f 4497/4/3 4494/4/3 4496/4/3
f 4501/4/3 4499/4/3 4498/4/3
f 4502/4/3 4499/4/3 4501/4/3
f 4504/4/3 4501/4/3 4500/4/3
f 4505/4/3 4501/4/3 4504/4/3
f 4506/4/3 4503/4/3 4502/4/3
f 4507/4/3 4503/4/3 4506/4/3
f 4511/4/3 4509/4/3 4508/4/3
f 4512/4/3 4509/4/3 4511/4/3
f 4514/4/3 4511/4/3 4510/4/3
f 4515/4/3 4511/4/3 4514/4/3
f 4516/4/3 4513/4/3 4512/4/3
f 4517/4/3 4513/4/3 4516/4/3
f 4522/4/3 4519/4/3 4518/4/3
f 4523/4/3 4519/4/3 4522/4/3
f 4524/4/3 4521/4/3 4520/4/3
f 4525/4/3 4521/4/3 4524/4/3
f 4530/4/3 4527/4/3 4526/4/3
f 4531/4/3 4527/4/3 4530/4/3
f 4532/4/3 4529/4/3 4528/4/3
f 4533/4/3 4529/4/3 4532/4/3
f 4538/4/3 4535/4/3 4534/4/3
f 4539/4/3 4535/4/3 4538/4/3
f 4540/4/3 4537/4/3 4536/4/3
f 4541/4/3 4537/4/3 4540/4/3
f 4544/4/3 4543/4/3 4542/4/3
f 4545/4/3 4543/4/3 4544/4/3
f 4548/4/3 4547/4/3 4546/4/3
f 4549/4/3 4547/4/3 4548/4/3
f 4552/4/3 4551/4/3 4550/4/3
f 4553/4/3 4551/4/3 4552/4/3
f 4554/4/4 4555/4/4 4556/4/4
f 4556/4/4 4555/4/4 4557/4/4
f 4558/4/4 4559/4/4 4560/4/4
f 4560/4/4 4559/4/4 4561/4/4
f 4562/4/4 4563/4/4 4564/4/4
f 4564/4/4 4563/4/4 4565/4/4
f 4566/4/4 4567/4/4 4570/4/4
f 4570/4/4 4567/4/4 4571/4/4
f 4568/4/4 4569/4/4 4572/4/4
f 4572/4/4 4569/4/4 4573/4/4
f 4574/4/4 4575/4/4 4578/4/4
f 4578/4/4 4575/4/4 4579/4/4
f 4576/4/4 4577/4/4 4580/4/4
f 4580/4/4 4577/4/4 4581/4/4
f 4582/4/4 4583/4/4 4586/4/4
f 4586/4/4 4583/4/4 4587/4/4
f 4584/4/4 4585/4/4 4588/4/4
f 4588/4/4 4585/4/4 4589/4/4
f 4590/4/4 4591/4/4 4594/4/4
f 4594/4/4 4591/4/4 4595/4/4
f 4592/4/4 4593/4/4 4596/4/4
f 4596/4/4 4593/4/4 4597/4/4
f 4595/4/4 4596/4/4 4598/4/4
f 4598/4/4 4596/4/4 4599/4/4
f 4600/4/4 4601/4/4 4603/4/4
f 4603/4/4 4601/4/4 4604/4/4
f 4602/4/4 4603/4/4 4606/4/4
f 4606/4/4 4603/4/4 4607/4/4
f 4604/4/4 4605/4/4 4608/4/4
f 4608/4/4 4605/4/4 4609/4/4
f 4610/4/4 4611/4/4 4613/4/4
f 4613/4/4 4611/4/4 4614/4/4
f 4612/4/4 4613/4/4 4616/4/4
f 4616/4/4 4613/4/4 4617/4/4
f 4614/4/4 4615/4/4 4618/4/4
f 4618/4/4 4615/4/4 4619/4/4
f 4620/4/4 4621/4/4 4622/4/4
f 4622/4/4 4621/4/4 4623/4/4
f 4624/4/4 4625/4/4 4626/4/4
f 4626/4/4 4625/4/4 4627/4/4
f 4628/4/4 4629/4/4 4630/4/4
f 4630/4/4 4629/4/4 4631/4/4
f 4632/4/4 4633/4/4 4636/4/4
f 4636/4/4 4633/4/4 4637/4/4
f 4634/4/4 4635/4/4 4638/4/4
f 4638/4/4 4635/4/4 4639/4/4
f 4640/4/4 4641/4/4 4642/4/4
f 4642/4/4 4641/4/4 4643/4/4
f 4644/4/4 4645/4/4 4646/4/4
f 4646/4/4 4645/4/4 4647/4/4
f 4648/4/4 4649/4/4 4652/4/4
f 4652/4/4 4649/4/4 4653/4/4
f 4650/4/4 4651/4/4 4654/4/4
f 4654/4/4 4651/4/4 4655/4/4
f 4656/4/4 4657/4/4 4658/4/4
f 4658/4/4 4657/4/4 4659/4/4
f 4660/4/4 4661/4/4 4662/4/4
f 4662/4/4 4661/4/4 4663/4/4
f 4664/4/4 4665/4/4 4667/4/4
f 4667/4/4 4665/4/4 4668/4/4
f 4666/4/4 4667/4/4 4670/4/4
f 4670/4/4 4667/4/4 4671/4/4
f 4668/4/4 4669/4/4 4672/4/4
f 4672/4/4 4669/4/4 4673/4/4
f 4674/4/4 4675/4/4 4676/4/4
f 4676/4/4 4675/4/4 4677/4/4
f 4678/4/4 4679/4/4 4680/4/4
f 4680/4/4 4679/4/4 4681/4/4
f 4682/4/4 4683/4/4 4684/4/4
f 4684/4/4 4683/4/4 4685/4/4
f 4686/4/4 4687/4/4 4688/4/4
f 4688/4/4 4687/4/4 4689/4/4
f 4690/4/4 4691/4/4 4694/4/4
f 4694/4/4 4691/4/4 4695/4/4
f 4692/4/4 4693/4/4 4696/4/4
f 4696/4/4 4693/4/4 4697/4/4
f 4695/4/4 4696/4/4 4698/4/4
f 4698/4/4 4696/4/4 4699/4/4
f 4700/4/4 4701/4/4 4702/4/4
f 4702/4/4 4701/4/4 4703/4/4
f 4704/4/4 4705/4/4 4706/4/4
f 4706/4/4 4705/4/4 4707/4/4
f 4708/4/4 4709/4/4 4710/4/4
f 4710/4/4 4709/4/4 4711/4/4
f 4712/4/4 4713/4/4 4714/4/4
f 4714/4/4 4713/4/4 4715/4/4
f 4716/4/4 4717/4/4 4718/4/4
f 4718/4/4 4717/4/4 4719/4/4
f 4720/4/4 4721/4/4 4722/4/4
f 4722/4/4 4721/4/4 4723/4/4
f 4724/4/4 4725/4/4 4726/4/4
f 4726/4/4 4725/4/4 4727/4/4
f 4728/4/4 4729/4/4 4730/4/4
f 4730/4/4 4729/4/4 4731/4/4
f 4732/4/4 4733/4/4 4734/4/4
f 4734/4/4 4733/4/4 4735/4/4
f 4736/4/4 4737/4/4 4738/4/4
f 4738/4/4 4737/4/4 4739/4/4
f 4740/4/4 4741/4/4 4742/4/4
f 4742/4/4 4741/4/4 4743/4/4
f 4744/4/4 4745/4/4 4746/4/4
f 4746/4/4 4745/4/4 4747/4/4
f 4748/4/4 4749/4/4 4750/4/4
f 4750/4/4 4749/4/4 4751/4/4
f 4752/4/4 4753/4/4 4754/4/4
f 4754/4/4 4753/4/4 4755/4/4
f 4756/4/4 4757/4/4 4758/4/4
f 4758/4/4 4757/4/4 4759/4/4
f 4760/4/4 4761/4/4 4762/4/4
f 4762/4/4 4761/4/4 4763/4/4
f 4764/4/4 4765/4/4 4766/4/4
f 4766/4/4 4765/4/4 4767/4/4
f 4768/4/4 4769/4/4 4770/4/4
f 4770/4/4 4769/4/4 4771/4/4
f 4772/4/4 4773/4/4 4774/4/4
f 4774/4/4 4773/4/4 4775/4/4
f 4776/4/4 4777/4/4 4778/4/4
f 4778/4/4 4777/4/4 4779/4/4
f 4780/4/4 4781/4/4 4782/4/4
f 4782/4/4 4781/4/4 4783/4/4
f 4784/4/4 4785/4/4 4786/4/4
f 4786/4/4 4785/4/4 4787/4/4
f 4788/4/4 4789/4/4 4790/4/4
f 4790/4/4 4789/4/4 4791/4/4
f 4792/4/4 4793/4/4 4794/4/4
f 4794/4/4 4793/4/4 4795/4/4
f 4796/4/4 4797/4/4 4798/4/4
f 4798/4/4 4797/4/4 4799/4/4
f 4800/4/4 4801/4/4 4802/4/4
f 4802/4/4 4801/4/4 4803/4/4
f 4804/4/4 4805/4/4 4806/4/4
f 4806/4/4 4805/4/4 4807/4/4
f 4808/4/4 4809/4/4 4810/4/4
f 4810/4/4 4809/4/4 4811/4/4
f 4812/4/4 4813/4/4 4814/4/4
f 4814/4/4 4813/4/4 4815/4/4
f 4816/4/4 4817/4/4 4818/4/4
f 4818/4/4 4817/4/4 4819/4/4
f 4820/4/4 4821/4/4 4822/4/4
f 4822/4/4 4821/4/4 4823/4/4
f 4824/4/4 4825/4/4 4826/4/4
f 4826/4/4 4825/4/4 4827/4/4
f 4828/4/4 4829/4/4 4830/4/4
f 4830/4/4 4829/4/4 4831/4/4
f 4832/4/4 4833/4/4 4834/4/4
f 4834/4/4 4833/4/4 4835/4/4
f 4836/4/4 4837/4/4 4838/4/4
f 4838/4/4 4837/4/4 4839/4/4
f 4840/4/4 4841/4/4 4842/4/4
f 4842/4/4 4841/4/4 4843/4/4
f 4844/4/4 4845/4/4 4846/4/4
f 4846/4/4 4845/4/4 4847/4/4
f 4848/4/4 4849/4/4 4850/4/4
f 4850/4/4 4849/4/4 4851/4/4
f 4852/4/4 4853/4/4 4854/4/4
f 4854/4/4 4853/4/4 4855/4/4
f 4856/4/4 4857/4/4 4858/4/4
f 4858/4/4 4857/4/4 4859/4/4
f 4860/4/4 4861/4/4 4862/4/4
f 4862/4/4 4861/4/4 4863/4/4
f 4864/4/4 4865/4/4 4866/4/4
f 4866/4/4 4865/4/4 4867/4/4
f 4868/4/4 4869/4/4 4870/4/4
f 4870/4/4 4869/4/4 4871/4/4
f 4872/4/4 4873/4/4 4874/4/4
f 4874/4/4 4873/4/4 4875/4/4
f 4876/4/4 4877/4/4 4878/4/4
f 4878/4/4 4877/4/4 4879/4/4
f 4880/4/4 4881/4/4 4882/4/4
f 4882/4/4 4881/4/4 4883/4/4
f 4884/4/4 4885/4/4 4886/4/4
f 4886/4/4 4885/4/4 4887/4/4
f 4888/4/4 4889/4/4 4890/4/4
f 4890/4/4 4889/4/4 4891/4/4
f 4892/4/4 4893/4/4 4894/4/4
f 4894/4/4 4893/4/4 4895/4/4
f 4896/4/4 4897/4/4 4898/4/4
f 4898/4/4 4897/4/4 4899/4/4
f 4900/4/4 4901/4/4 4902/4/4
f 4902/4/4 4901/4/4 4903/4/4
f 4904/4/4 4905/4/4 4906/4/4
f 4906/4/4 4905/4/4 4907/4/4
f 4908/4/4 4909/4/4 4910/4/4
f 4910/4/4 4909/4/4 4911/4/4
f 4912/4/4 4913/4/4 4914/4/4
f 4914/4/4 4913/4/4 4915/4/4
f 4916/4/4 4917/4/4 4918/4/4
f 4918/4/4 4917/4/4 4919/4/4
f 4920/4/4 4921/4/4 4922/4/4
f 4922/4/4 4921/4/4 4923/4/4
f 4924/4/4 4925/4/4 4926/4/4
f 4926/4/4 4925/4/4 4927/4/4
f 4928/4/4 4929/4/4 4930/4/4
f 4930/4/4 4929/4/4 4931/4/4
f 4932/4/4 4933/4/4 4934/4/4
f 4934/4/4 4933/4/4 4935/4/4
f 4936/4/4 4937/4/4 4940/4/4
f 4940/4/4 4937/4/4 4941/4/4
f 4938/4/4 4939/4/4 4942/4/4
f 4942/4/4 4939/4/4 4943/4/4
f 4944/4/4 4945/4/4 4948/4/4
f 4948/4/4 4945/4/4 4949/4/4
f 4946/4/4 4947/4/4 4950/4/4
f 4950/4/4 4947/4/4 4951/4/4
f 4952/4/4 4953/4/4 4954/4/4
f 4954/4/4 4953/4/4 4955/4/4
f 4956/4/4 4957/4/4 4960/4/4
f 4960/4/4 4957/4/4 4961/4/4
f 4958/4/4 4959/4/4 4962/4/4
f 4962/4/4 4959/4/4 4963/4/4
f 4964/4/4 4965/4/4 4966/4/4
f 4966/4/4 4965/4/4 4967/4/4
f 4968/4/4 4969/4/4 4970/4/4
f 4970/4/4 4969/4/4 4971/4/4
f 4972/4/4 4973/4/4 4976/4/4
f 4976/4/4 4973/4/4 4977/4/4
f 4974/4/4 4975/4/4 4978/4/4
f 4978/4/4 4975/4/4 4979/4/4
f 4977/4/4 4978/4/4 4980/4/4
f 4980/4/4 4978/4/4 4981/4/4
f 4982/4/4 4983/4/4 4985/4/4
f 4985/4/4 4983/4/4 4986/4/4
f 4984/4/4 4985/4/4 4988/4/4
f 4988/4/4 4985/4/4 4989/4/4
f 4986/4/4 4987/4/4 4990/4/4
f 4990/4/4 4987/4/4 4991/4/4
f 4992/4/4 4993/4/4 4994/4/4
f 4994/4/4 4993/4/4 4995/4/4
f 4996/4/4 4997/4/4 4998/4/4
f 4998/4/4 4997/4/4 4999/4/4
f 5000/4/4 5001/4/4 5003/4/4
f 5003/4/4 5001/4/4 5004/4/4
f 5002/4/4 5003/4/4 5006/4/4
f 5006/4/4 5003/4/4 5007/4/4
f 5004/4/4 5005/4/4 5008/4/4
f 5008/4/4 5005/4/4 5009/4/4
f 5010/4/4 5011/4/4 5012/4/4
f 5012/4/4 5011/4/4 5013/4/4
f 5014/4/4 5015/4/4 5016/4/4
f 5016/4/4 5015/4/4 5017/4/4
f 5018/4/4 5019/4/4 5020/4/4
f 5020/4/4 5019/4/4 5021/4/4
f 5022/4/4 5023/4/4 5024/4/4
f 5024/4/4 5023/4/4 5025/4/4
f 5026/4/4 5027/4/4 5028/4/4
f 5028/4/4 5027/4/4 5029/4/4
f 5030/4/4 5031/4/4 5032/4/4
f 5032/4/4 5031/4/4 5033/4/4
f 5034/4/4 5035/4/4 5036/4/4
f 5036/4/4 5035/4/4 5037/4/4
f 5038/4/4 5039/4/4 5040/4/4
f 5040/4/4 5039/4/4 5041/4/4
f 5042/4/4 5043/4/4 5044/4/4
f 5044/4/4 5043/4/4 5045/4/4
f 5046/4/4 5047/4/4 5048/4/4
f 5048/4/4 5047/4/4 5049/4/4
f 5050/4/4 5051/4/4 5052/4/4
f 5052/4/4 5051/4/4 5053/4/4
f 5054/4/4 5055/4/4 5056/4/4
f 5056/4/4 5055/4/4 5057/4/4
f 5058/4/4 5059/4/4 5060/4/4
f 5060/4/4 5059/4/4 5061/4/4
f 5062/4/4 5063/4/4 5064/4/4
f 5064/4/4 5063/4/4 5065/4/4
f 5066/4/4 5067/4/4 5068/4/4
f 5068/4/4 5067/4/4 5069/4/4
f 5070/4/4 5071/4/4 5072/4/4
f 5072/4/4 5071/4/4 5073/4/4
f 5074/4/4 5075/4/4 5076/4/4
f 5076/4/4 5075/4/4 5077/4/4
f 5078/4/4 5079/4/4 5080/4/4
f 5080/4/4 5079/4/4 5081/4/4
f 5082/4/4 5083/4/4 5084/4/4
f 5084/4/4 5083/4/4 5085/4/4
f 5086/4/4 5087/4/4 5088/4/4
f 5088/4/4 5087/4/4 5089/4/4
f 5090/4/4 5091/4/4 5092/4/4
f 5092/4/4 5091/4/4 5093/4/4
f 5094/4/4 5095/4/4 5096/4/4
f 5096/4/4 5095/4/4 5097/4/4
f 5097/4/4 5095/4/4 5098/4/4
f 5099/4/4 5100/4/4 5101/4/4
f 5101/4/4 5100/4/4 5102/4/4
f 5102/4/4 5100/4/4 5103/4/4
f 5104/4/4 5105/4/4 5106/4/4
f 5106/4/4 5105/4/4 5107/4/4
f 5108/4/4 5109/4/4 5110/4/4
f 5110/4/4 5109/4/4 5111/4/4
f 5111/4/4 5109/4/4 5112/4/4
f 5113/4/4 5114/4/4 5115/4/4
f 5115/4/4 5114/4/4 5116/4/4
f 5117/4/4 5118/4/4 5119/4/4
f 5119/4/4 5118/4/4 5120/4/4
f 5121/4/4 5122/4/4 5123/4/4
f 5123/4/4 5122/4/4 5124/4/4
f 5125/4/4 5126/4/4 5127/4/4
f 5127/4/4 5126/4/4 5128/4/4
f 5129/4/4 5130/4/4 5131/4/4
f 5131/4/4 5130/4/4 5132/4/4
f 5133/4/4 5134/4/4 5135/4/4
f 5135/4/4 5134/4/4 5136/4/4
f 5137/4/4 5138/4/4 5139/4/4
f 5139/4/4 5138/4/4 5140/4/4
f 5141/4/4 5142/4/4 5143/4/4
f 5143/4/4 5142/4/4 5144/4/4
f 5145/4/4 5146/4/4 5147/4/4
f 5147/4/4 5146/4/4 5148/4/4
f 5149/4/4 5150/4/4 5151/4/4
f 5151/4/4 5150/4/4 5152/4/4
f 5153/4/4 5154/4/4 5155/4/4
f 5155/4/4 5154/4/4 5156/4/4
f 5157/4/4 5158/4/4 5159/4/4
f 5159/4/4 5158/4/4 5160/4/4
f 5161/4/4 5162/4/4 5163/4/4
f 5163/4/4 5162/4/4 5164/4/4
f 5165/4/4 5166/4/4 5167/4/4
f 5167/4/4 5166/4/4 5168/4/4
f 5169/4/4 5170/4/4 5171/4/4
f 5171/4/4 5170/4/4 5172/4/4
f 5173/4/4 5174/4/4 5175/4/4
f 5175/4/4 5174/4/4 5176/4/4
f 5177/4/4 5178/4/4 5179/4/4
f 5179/4/4 5178/4/4 5180/4/4
f 5181/4/4 5182/4/4 5183/4/4
f 5183/4/4 5182/4/4 5184/4/4
f 5185/4/4 5186/4/4 5187/4/4
f 5187/4/4 5186/4/4 5188/4/4
f 5189/4/4 5190/4/4 5191/4/4
f 5191/4/4 5190/4/4 5192/4/4
f 5193/4/4 5194/4/4 5195/4/4
f 5195/4/4 5194/4/4 5196/4/4
f 5197/4/4 5198/4/4 5199/4/4
f 5199/4/4 5198/4/4 5200/4/4
f 5201/4/4 5202/4/4 5203/4/4
f 5203/4/4 5202/4/4 5204/4/4
f 5205/4/4 5206/4/4 5207/4/4
f 5207/4/4 5206/4/4 5208/4/4
f 5209/4/4 5210/4/4 5211/4/4
f 5211/4/4 5210/4/4 5212/4/4
f 5213/4/4 5214/4/4 5215/4/4
f 5215/4/4 5214/4/4 5216/4/4
f 5217/4/4 5218/4/4 5219/4/4
f 5219/4/4 5218/4/4 5220/4/4
f 5221/4/4 5222/4/4 5223/4/4
f 5223/4/4 5222/4/4 5224/4/4
f 5225/4/4 5226/4/4 5227/4/4
f 5227/4/4 5226/4/4 5228/4/4
f 5229/4/4 5230/4/4 5231/4/4
f 5231/4/4 5230/4/4 5232/4/4
f 5233/4/4 5234/4/4 5235/4/4
f 5235/4/4 5234/4/4 5236/4/4
f 5237/4/4 5238/4/4 5239/4/4
f 5239/4/4 5238/4/4 5240/4/4
f 5241/4/4 5242/4/4 5243/4/4
f 5243/4/4 5242/4/4 5244/4/4
f 5245/4/4 5246/4/4 5247/4/4
f 5247/4/4 5246/4/4 5248/4/4
f 5249/4/4 5250/4/4 5251/4/4
f 5251/4/4 5250/4/4 5252/4/4
f 5253/4/4 5254/4/4 5255/4/4
f 5255/4/4 5254/4/4 5256/4/4
f 5257/4/4 5258/4/4 5259/4/4
f 5259/4/4 5258/4/4 5260/4/4
f 5261/4/4 5262/4/4 5263/4/4
f 5263/4/4 5262/4/4 5264/4/4
f 5265/4/4 5266/4/4 5267/4/4
f 5267/4/4 5266/4/4 5268/4/4
f 5269/4/4 5270/4/4 5271/4/4
f 5271/4/4 5270/4/4 5272/4/4
f 5273/4/4 5274/4/4 5275/4/4
f 5275/4/4 5274/4/4 5276/4/4
f 5277/4/4 5278/4/4 5279/4/4
f 5279/4/4 5278/4/4 5280/4/4
f 5281/4/4 5282/4/4 5283/4/4
f 5283/4/4 5282/4/4 5284/4/4
f 5285/4/4 5286/4/4 5287/4/4
f 5287/4/4 5286/4/4 5288/4/4
f 5289/4/4 5290/4/4 5291/4/4
f 5291/4/4 5290/4/4 5292/4/4
f 5293/4/4 5294/4/4 5295/4/4
f 5295/4/4 5294/4/4 5296/4/4
f 5297/4/4 5298/4/4 5299/4/4
f 5299/4/4 5298/4/4 5300/4/4
f 5301/4/4 5302/4/4 5303/4/4
f 5303/4/4 5302/4/4 5304/4/4
f 5305/4/4 5306/4/4 5307/4/4
f 5307/4/4 5306/4/4 5308/4/4
f 5309/4/4 5310/4/4 5311/4/4
f 5311/4/4 5310/4/4 5312/4/4
f 5313/4/4 5314/4/4 5315/4/4
f 5315/4/4 5314/4/4 5316/4/4
f 5317/4/4 5318/4/4 5319/4/4
f 5319/4/4 5318/4/4 5320/4/4
f 5321/4/4 5322/4/4 5323/4/4
f 5323/4/4 5322/4/4 5324/4/4
f 5325/4/4 5326/4/4 5327/4/4
f 5327/4/4 5326/4/4 5328/4/4
f 5329/4/4 5330/4/4 5331/4/4
f 5331/4/4 5330/4/4 5332/4/4
f 5333/4/4 5334/4/4 5335/4/4
f 5335/4/4 5334/4/4 5336/4/4
f 5337/4/4 5338/4/4 5339/4/4
f 5339/4/4 5338/4/4 5340/4/4
f 5341/4/4 5342/4/4 5343/4/4
f 5343/4/4 5342/4/4 5344/4/4
f 5345/4/4 5346/4/4 5347/4/4
f 5347/4/4 5346/4/4 5348/4/4
f 5349/4/4 5350/4/4 5351/4/4
f 5351/4/4 5350/4/4 5352/4/4
f 5353/4/4 5354/4/4 5355/4/4
f 5355/4/4 5354/4/4 5356/4/4
f 5357/4/4 5358/4/4 5359/4/4
f 5359/4/4 5358/4/4 5360/4/4
f 5361/4/4 5362/4/4 5363/4/4
f 5363/4/4 5362/4/4 5364/4/4
f 5365/4/4 5366/4/4 5367/4/4
f 5367/4/4 5366/4/4 5368/4/4
f 5369/4/4 5370/4/4 5371/4/4
f 5371/4/4 5370/4/4 5372/4/4
f 5373/4/4 5374/4/4 5375/4/4
f 5375/4/4 5374/4/4 5376/4/4
f 5377/4/4 5378/4/4 5379/4/4
f 5379/4/4 5378/4/4 5380/4/4
f 5381/4/4 5382/4/4 5383/4/4
f 5383/4/4 5382/4/4 5384/4/4
f 5385/4/4 5386/4/4 5387/4/4
f 5387/4/4 5386/4/4 5388/4/4
f 5389/4/4 5390/4/4 5391/4/4
f 5391/4/4 5390/4/4 5392/4/4
f 5393/4/4 5394/4/4 5395/4/4
f 5395/4/4 5394/4/4 5396/4/4
f 5397/4/4 5398/4/4 5399/4/4
f 5399/4/4 5398/4/4 5400/4/4
f 5401/4/4 5402/4/4 5403/4/4
f 5403/4/4 5402/4/4 5404/4/4
f 5405/4/4 5406/4/4 5407/4/4
f 5407/4/4 5406/4/4 5408/4/4
f 5409/4/4 5410/4/4 5411/4/4
f 5411/4/4 5410/4/4 5412/4/4
f 5413/4/4 5414/4/4 5415/4/4
f 5415/4/4 5414/4/4 5416/4/4
f 5417/4/4 5418/4/4 5419/4/4
f 5419/4/4 5418/4/4 5420/4/4
f 5421/4/4 5422/4/4 5423/4/4
f 5423/4/4 5422/4/4 5424/4/4
f 5425/4/4 5426/4/4 5427/4/4
f 5427/4/4 5426/4/4 5428/4/4
f 5429/4/4 5430/4/4 5431/4/4
f 5431/4/4 5430/4/4 5432/4/4
f 5433/4/4 5434/4/4 5435/4/4
f 5435/4/4 5434/4/4 5436/4/4
f 5437/4/4 5438/4/4 5439/4/4
f 5439/4/4 5438/4/4 5440/4/4
f 5441/4/4 5442/4/4 5443/4/4
f 5443/4/4 5442/4/4 5444/4/4
f 5445/4/4 5446/4/4 5447/4/4
f 5447/4/4 5446/4/4 5448/4/4
f 5449/4/4 5450/4/4 5451/4/4
f 5451/4/4 5450/4/4 5452/4/4
f 5453/4/4 5454/4/4 5455/4/4
f 5455/4/4 5454/4/4 5456/4/4
f 5457/4/4 5458/4/4 5459/4/4
f 5459/4/4 5458/4/4 5460/4/4
f 5461/4/4 5462/4/4 5465/4/4
f 5465/4/4 5462/4/4 5466/4/4
f 5463/4/4 5464/4/4 5467/4/4
f 5467/4/4 5464/4/4 5468/4/4
f 5469/4/4 5470/4/4 5471/4/4
f 5471/4/4 5470/4/4 5472/4/4
f 5473/4/4 5474/4/4 5475/4/4
f 5475/4/4 5474/4/4 5476/4/4
f 5477/4/4 5478/4/4 5481/4/4
f 5481/4/4 5478/4/4 5482/4/4
f 5479/4/4 5480/4/4 5483/4/4
f 5483/4/4 5480/4/4 5484/4/4
f 5485/4/4 5486/4/4 5489/4/4
f 5489/4/4 5486/4/4 5490/4/4
f 5487/4/4 5488/4/4 5491/4/4
f 5491/4/4 5488/4/4 5492/4/4
f 5493/4/4 5494/4/4 5495/4/4
f 5495/4/4 5494/4/4 5496/4/4
f 5497/4/4 5498/4/4 5499/4/4
f 5499/4/4 5498/4/4 5500/4/4
f 5501/4/4 5502/4/4 5505/4/4
f 5505/4/4 5502/4/4 5506/4/4
f 5503/4/4 5504/4/4 5507/4/4
f 5507/4/4 5504/4/4 5508/4/4
f 5509/4/4 5510/4/4 5513/4/4
f 5513/4/4 5510/4/4 5514/4/4
f 5511/4/4 5512/4/4 5515/4/4
f 5515/4/4 5512/4/4 5516/4/4
f 5517/4/4 5518/4/4 5519/4/4
f 5519/4/4 5518/4/4 5520/4/4
f 5521/4/4 5522/4/4 5523/4/4
f 5523/4/4 5522/4/4 5524/4/4
f 5525/4/4 5526/4/4 5529/4/4
f 5529/4/4 5526/4/4 5530/4/4
f 5527/4/4 5528/4/4 5531/4/4
f 5531/4/4 5528/4/4 5532/4/4
f 5533/4/4 5534/4/4 5539/4/4
f 5534/4/4 5535/4/4 5539/4/4
f 5539/4/4 5535/4/4 5540/4/4
f 5537/4/4 5538/4/4 5541/4/4
f 5536/4/4 5537/4/4 5541/4/4
f 5541/4/4 5538/4/4 5542/4/4
f 5543/4/4 5544/4/4 5545/4/4
f 5545/4/4 5544/4/4 5546/4/4
f 5547/4/4 5548/4/4 5549/4/4
f 5549/4/4 5548/4/4 5550/4/4
f 5551/4/4 5552/4/4 5555/4/4
f 5555/4/4 5552/4/4 5556/4/4
f 5556/4/4 5552/4/4 5557/4/4
f 5553/4/4 5554/4/4 5558/4/4
f 5558/4/4 5554/4/4 5559/4/4
f 5559/4/4 5554/4/4 5560/4/4
f 5561/4/4 5562/4/4 5565/4/4
f 5563/4/4 5564/4/4 5565/4/4
f 5562/4/4 5563/4/4 5565/4/4
f 5565/4/4 5564/4/4 5566/4/4
f 5566/4/4 5564/4/4 5567/4/4
f 5568/4/4 5569/4/4 5570/4/4
f 5570/4/4 5569/4/4 5571/4/4
f 5571/4/4 5569/4/4 5572/4/4
f 5573/4/4 5574/4/4 5575/4/4
f 5575/4/4 5574/4/4 5576/4/4
f 5577/4/4 5578/4/4 5579/4/4
f 5579/4/4 5578/4/4 5580/4/4
f 5580/4/4 5578/4/4 5581/4/4
f 5581/4/4 5578/4/4 5582/4/4
f 5582/4/4 5578/4/4 5583/4/4
f 5584/4/4 5585/4/4 5586/4/4
f 5586/4/4 5585/4/4 5587/4/4
f 5588/4/4 5589/4/4 5590/4/4
f 5590/4/4 5589/4/4 5591/4/4
f 5592/4/4 5593/4/4 5594/4/4
f 5594/4/4 5593/4/4 5595/4/4
f 5596/4/4 5597/4/4 5598/4/4
f 5598/4/4 5597/4/4 5599/4/4
f 5600/4/4 5601/4/4 5602/4/4
f 5602/4/4 5601/4/4 5603/4/4
f 5604/4/4 5605/4/4 5606/4/4
f 5606/4/4 5605/4/4 5607/4/4
f 5608/4/4 5609/4/4 5611/4/4
f 5611/4/4 5609/4/4 5612/4/4
f 5610/4/4 5611/4/4 5614/4/4
f 5611/3/4 5612/3/4 5614/3/4
f 5612/4/4 5613/4/4 5615/4/4
f 5614/3/4 5612/3/4 5615/3/4
f 5610/4/4 5614/4/4 5616/4/4
f 5614/4/4 5615/4/4 5616/4/4
f 5615/4/4 5613/4/4 5617/4/4
f 5616/4/4 5615/4/4 5617/4/4
f 5618/4/4 5619/4/4 5620/4/4
f 5620/4/4 5619/4/4 5621/4/4
f 5622/4/4 5623/4/4 5624/4/4
f 5624/4/4 5623/4/4 5625/4/4
f 5626/4/4 5627/4/4 5628/4/4
f 5628/4/4 5627/4/4 5629/4/4
f 5630/4/4 5631/4/4 5632/4/4
f 5632/4/4 5631/4/4 5633/4/4
f 5634/4/4 5635/4/4 5636/4/4
f 5636/4/4 5635/4/4 5637/4/4
f 5634/4/4 5636/4/4 5638/4/4
f 5636/3/4 5637/3/4 5639/3/4
f 5638/4/4 5636/4/4 5639/4/4
f 5637/4/4 5635/4/4 5640/4/4
f 5639/3/4 5637/3/4 5640/3/4
f 5640/4/4 5635/4/4 5641/4/4
f 5639/4/4 5640/4/4 5642/4/4
f 5642/4/4 5640/4/4 5643/4/4
f 5644/4/4 5645/4/4 5646/4/4
f 5646/4/4 5645/4/4 5647/4/4
f 5648/4/4 5649/4/4 5650/4/4
f 5650/4/4 5649/4/4 5651/4/4
f 5652/4/4 5653/4/4 5654/4/4
f 5654/4/4 5653/4/4 5655/4/4
f 5656/4/4 5657/4/4 5658/4/4
f 5658/4/4 5657/4/4 5659/4/4
f 5660/4/4 5661/4/4 5662/4/4
f 5662/4/4 5661/4/4 5663/4/4
f 5663/4/4 5661/4/4 5664/4/4
f 5664/4/4 5661/4/4 5665/4/4
f 5666/4/4 5667/4/4 5668/4/4
f 5668/4/4 5667/4/4 5669/4/4
f 5669/4/4 5667/4/4 5670/4/4
f 5670/4/4 5667/4/4 5671/4/4
f 5672/4/4 5673/4/4 5674/4/4
f 5674/4/4 5673/4/4 5675/4/4
f 5676/4/4 5677/4/4 5678/4/4
f 5678/4/4 5677/4/4 5679/4/4
f 5680/4/4 5681/4/4 5682/4/4
f 5682/4/4 5681/4/4 5683/4/4
f 5684/4/4 5685/4/4 5686/4/4
f 5686/4/4 5685/4/4 5687/4/4
f 5688/4/4 5689/4/4 5690/4/4
f 5690/4/4 5689/4/4 5691/4/4
f 5692/4/4 5693/4/4 5694/4/4
f 5694/4/4 5693/4/4 5695/4/4
f 5696/4/4 5697/4/4 5698/4/4
f 5698/4/4 5697/4/4 5699/4/4
f 5700/4/4 5701/4/4 5702/4/4
f 5702/4/4 5701/4/4 5703/4/4
f 5704/4/4 5705/4/4 5706/4/4
f 5706/4/4 5705/4/4 5707/4/4
f 5708/4/4 5709/4/4 5710/4/4
f 5710/4/4 5709/4/4 5711/4/4
f 5712/4/4 5713/4/4 5714/4/4
f 5714/4/4 5713/4/4 5715/4/4
f 5716/4/4 5717/4/4 5718/4/4
f 5718/4/4 5717/4/4 5719/4/4
f 5720/4/4 5721/4/4 5722/4/4
f 5722/4/4 5721/4/4 5723/4/4
f 5724/4/4 5725/4/4 5726/4/4
f 5726/4/4 5725/4/4 5727/4/4
f 5728/4/4 5729/4/4 5730/4/4
f 5730/4/4 5729/4/4 5731/4/4
f 5732/4/4 5733/4/4 5734/4/4
f 5734/4/4 5733/4/4 5735/4/4
f 5736/4/4 5737/4/4 5738/4/4
f 5738/4/4 5737/4/4 5739/4/4
f 5740/4/4 5741/4/4 5744/4/4
f 5744/4/4 5741/4/4 5745/4/4
f 5742/4/4 5743/4/4 5746/4/4
f 5746/4/4 5743/4/4 5747/4/4
f 5748/4/4 5749/4/4 5752/4/4
f 5752/4/4 5749/4/4 5753/4/4
f 5750/4/4 5751/4/4 5754/4/4
f 5754/4/4 5751/4/4 5755/4/4
f 5756/4/4 5757/4/4 5758/4/4
f 5758/4/4 5757/4/4 5759/4/4
f 5760/4/4 5761/4/4 5764/4/4
f 5764/4/4 5761/4/4 5765/4/4
f 5762/4/4 5763/4/4 5766/4/4
f 5766/4/4 5763/4/4 5767/4/4
f 5768/4/4 5769/4/4 5770/4/4
f 5770/4/4 5769/4/4 5771/4/4
f 5772/4/4 5773/4/4 5774/4/4
f 5774/4/4 5773/4/4 5775/4/4
f 5776/4/4 5777/4/4 5780/4/4
f 5780/4/4 5777/4/4 5781/4/4
f 5778/4/4 5779/4/4 5782/4/4
f 5782/4/4 5779/4/4 5783/4/4
f 5784/4/4 5785/4/4 5788/4/4
f 5788/4/4 5785/4/4 5789/4/4
f 5786/4/4 5787/4/4 5790/4/4
f 5790/4/4 5787/4/4 5791/4/4
f 5792/4/4 5793/4/4 5794/4/4
f 5794/4/4 5793/4/4 5795/4/4
f 5796/4/4 5797/4/4 5800/4/4
f 5800/4/4 5797/4/4 5801/4/4
f 5798/4/4 5799/4/4 5802/4/4
f 5802/4/4 5799/4/4 5803/4/4
f 5804/4/4 5805/4/4 5806/4/4
f 5806/4/4 5805/4/4 5807/4/4
f 5808/4/4 5809/4/4 5810/4/4
f 5810/4/4 5809/4/4 5811/4/4
f 5812/4/4 5813/4/4 5816/4/4
f 5816/4/4 5813/4/4 5817/4/4
f 5814/4/4 5815/4/4 5818/4/4
f 5818/4/4 5815/4/4 5819/4/4
f 5820/4/4 5821/4/4 5824/4/4
f 5824/4/4 5821/4/4 5825/4/4
f 5822/4/4 5823/4/4 5826/4/4
f 5826/4/4 5823/4/4 5827/4/4
f 5828/4/4 5829/4/4 5830/4/4
f 5830/4/4 5829/4/4 5831/4/4
f 5832/4/4 5833/4/4 5836/4/4
f 5836/4/4 5833/4/4 5837/4/4
f 5834/4/4 5835/4/4 5838/4/4
f 5838/4/4 5835/4/4 5839/4/4
f 5840/4/4 5841/4/4 5842/4/4
f 5842/4/4 5841/4/4 5843/4/4
f 5844/4/4 5845/4/4 5846/4/4
f 5846/4/4 5845/4/4 5847/4/4
f 5848/4/4 5849/4/4 5852/4/4
f 5852/4/4 5849/4/4 5853/4/4
f 5853/4/4 5849/4/4 5854/4/4
f 5850/4/4 5851/4/4 5855/4/4
f 5855/4/4 5851/4/4 5856/4/4
f 5856/4/4 5851/4/4 5857/4/4
f 5858/4/4 5859/4/4 5864/4/4
f 5859/4/4 5860/4/4 5864/4/4
f 5864/4/4 5860/4/4 5865/4/4
f 5862/4/4 5863/4/4 5866/4/4
f 5861/4/4 5862/4/4 5866/4/4
f 5866/4/4 5863/4/4 5867/4/4
f 5868/4/4 5869/4/4 5870/4/4
f 5870/4/4 5869/4/4 5871/4/4
f 5872/4/4 5873/4/4 5878/4/4
f 5873/4/4 5874/4/4 5878/4/4
f 5878/4/4 5874/4/4 5879/4/4
f 5876/4/4 5877/4/4 5880/4/4
f 5875/4/4 5876/4/4 5880/4/4
f 5880/4/4 5877/4/4 5881/4/4
f 5882/4/4 5883/4/4 5884/4/4
f 5884/4/4 5883/4/4 5885/4/4
f 5886/4/4 5887/4/4 5888/4/4
f 5888/4/4 5887/4/4 5889/4/4
f 5890/4/4 5891/4/4 5892/4/4
f 5892/4/4 5891/4/4 5893/4/4
f 5893/4/4 5891/4/4 5894/4/4
f 5894/4/4 5891/4/4 5895/4/4
f 5896/4/4 5897/4/4 5900/4/4
f 5898/4/4 5899/4/4 5900/4/4
f 5897/4/4 5898/4/4 5900/4/4
f 5900/4/4 5899/4/4 5901/4/4
f 5902/4/4 5903/4/4 5904/4/4
f 5904/4/4 5903/4/4 5905/4/4
f 5906/4/4 5907/4/4 5910/4/4
f 5908/4/4 5909/4/4 5910/4/4
f 5907/4/4 5908/4/4 5910/4/4
f 5910/4/4 5909/4/4 5911/4/4
f 5912/4/4 5913/4/4 5914/4/4
f 5914/4/4 5913/4/4 5915/4/4
f 5916/4/4 5917/4/4 5918/4/4
f 5918/4/4 5917/4/4 5919/4/4
f 5920/4/4 5921/4/4 5922/4/4
f 5922/4/4 5921/4/4 5923/4/4
f 5924/4/4 5925/4/4 5926/4/4
f 5926/4/4 5925/4/4 5927/4/4
f 5928/4/4 5929/4/4 5930/4/4
f 5930/4/4 5929/4/4 5931/4/4
f 5932/4/4 5933/4/4 5934/4/4
f 5934/4/4 5933/4/4 5935/4/4
f 5936/4/4 5937/4/4 5938/4/4
f 5938/4/4 5937/4/4 5939/4/4
f 5940/4/4 5941/4/4 5942/4/4
f 5942/4/4 5941/4/4 5943/4/4
f 5944/4/4 5945/4/4 5946/4/4
f 5946/4/4 5945/4/4 5947/4/4
f 5948/4/4 5949/4/4 5950/4/4
f 5950/4/4 5949/4/4 5951/4/4
f 5952/4/4 5953/4/4 5954/4/4
f 5954/4/4 5953/4/4 5955/4/4
f 5956/4/4 5957/4/4 5958/4/4
f 5958/4/4 5957/4/4 5959/4/4
f 5960/4/4 5961/4/4 5962/4/4
f 5962/4/4 5961/4/4 5963/4/4
f 5960/4/4 5962/4/4 5964/4/4
f 5962/3/4 5963/3/4 5965/3/4
f 5964/4/4 5962/4/4 5965/4/4
f 5963/4/4 5961/4/4 5966/4/4
f 5965/3/4 5963/3/4 5966/3/4
f 5966/4/4 5961/4/4 5967/4/4
f 5965/4/4 5966/4/4 5968/4/4
f 5968/4/4 5966/4/4 5969/4/4
f 5970/4/4 5971/4/4 5973/4/4
f 5973/4/4 5971/4/4 5974/4/4
f 5973/3/4 5974/3/4 5976/3/4
f 5972/4/4 5973/4/4 5976/4/4
f 5974/4/4 5975/4/4 5977/4/4
f 5976/3/4 5974/3/4 5977/3/4
f 5972/4/4 5976/4/4 5978/4/4
f 5976/4/4 5977/4/4 5978/4/4
f 5977/4/4 5975/4/4 5979/4/4
f 5978/4/4 5977/4/4 5979/4/4
f 5980/4/4 5981/4/4 5982/4/4
f 5982/4/4 5981/4/4 5983/4/4
f 5984/4/4 5985/4/4 5986/4/4
f 5986/4/4 5985/4/4 5987/4/4
f 5988/4/4 5989/4/4 5991/4/4
f 5991/4/4 5989/4/4 5992/4/4
f 5990/4/4 5991/4/4 5994/4/4
f 5991/3/4 5992/3/4 5994/3/4
f 5992/4/4 5993/4/4 5995/4/4
f 5994/3/4 5992/3/4 5995/3/4
f 5990/4/4 5994/4/4 5996/4/4
f 5994/4/4 5995/4/4 5996/4/4
f 5995/4/4 5993/4/4 5997/4/4
f 5996/4/4 5995/4/4 5997/4/4
f 5998/4/4 5999/4/4 6000/4/4
f 6000/4/4 5999/4/4 6001/4/4
f 6002/4/4 6003/4/4 6004/4/4
f 6004/4/4 6003/4/4 6005/4/4
f 6006/4/4 6007/4/4 6008/4/4
f 6008/4/4 6007/4/4 6009/4/4
f 6010/4/4 6011/4/4 6012/4/4
f 6012/4/4 6011/4/4 6013/4/4
f 6014/4/4 6015/4/4 6016/4/4
f 6016/4/4 6015/4/4 6017/4/4
f 6018/4/4 6019/4/4 6020/4/4
f 6020/4/4 6019/4/4 6021/4/4
f 6022/4/4 6023/4/4 6024/4/4
f 6024/4/4 6023/4/4 6025/4/4
f 6026/4/4 6027/4/4 6028/4/4
f 6028/4/4 6027/4/4 6029/4/4
f 6030/4/4 6031/4/4 6032/4/4
f 6032/4/4 6031/4/4 6033/4/4
f 6034/4/4 6035/4/4 6036/4/4
f 6036/4/4 6035/4/4 6037/4/4
f 6038/4/4 6039/4/4 6040/4/4
f 6040/4/4 6039/4/4 6041/4/4
f 6049/4/5 6043/4/5 6042/4/5
f 6050/4/5 6043/4/5 6049/4/5
f 6053/4/5 6045/4/5 6044/4/5
f 6054/4/5 6045/4/5 6053/4/5
f 6057/4/5 6047/4/5 6046/4/5
f 6058/4/5 6047/4/5 6057/4/5
f 6061/4/5 6051/4/5 6050/4/5
f 6061/4/5 6049/4/5 6048/4/5
f 6061/4/5 6050/4/5 6049/4/5
f 6062/4/5 6051/4/5 6061/4/5
f 6065/4/5 6055/4/5 6054/4/5
f 6065/4/5 6053/4/5 6052/4/5
f 6065/4/5 6054/4/5 6053/4/5
f 6066/4/5 6055/4/5 6065/4/5
f 6069/4/5 6059/4/5 6058/4/5
f 6069/4/5 6058/4/5 6057/4/5
f 6069/4/5 6057/4/5 6056/4/5
f 6070/4/5 6059/4/5 6069/4/5
f 6073/4/5 6063/4/5 6062/4/5
f 6073/4/5 6062/4/5 6061/4/5
f 6073/4/5 6061/4/5 6060/4/5
f 6074/4/5 6063/4/5 6073/4/5
f 6075/4/5 6063/4/5 6074/4/5
f 6076/4/5 6063/4/5 6075/4/5
f 6079/4/5 6067/4/5 6066/4/5
f 6079/4/5 6066/4/5 6065/4/5
f 6079/4/5 6065/4/5 6064/4/5
f 6080/4/5 6067/4/5 6079/4/5
f 6081/4/5 6067/4/5 6080/4/5
f 6082/4/5 6067/4/5 6081/4/5
f 6085/4/5 6071/4/5 6070/4/5
f 6085/4/5 6070/4/5 6069/4/5
f 6085/4/5 6069/4/5 6068/4/5
f 6086/4/5 6071/4/5 6085/4/5
f 6087/4/5 6071/4/5 6086/4/5
f 6088/4/5 6071/4/5 6087/4/5
f 6091/4/5 6073/4/5 6072/4/5
f 6091/4/5 6074/4/5 6073/4/5
f 6092/4/5 6074/4/5 6091/4/5
f 6093/3/5 6075/3/5 6074/3/5
f 6093/4/5 6074/4/5 6092/4/5
f 6094/3/5 6075/3/5 6093/3/5
f 6095/3/5 6075/3/5 6094/3/5
f 6096/3/5 6075/3/5 6095/3/5
f 6097/3/5 6075/3/5 6096/3/5
f 6098/4/5 6077/4/5 6076/4/5
f 6098/3/5 6075/3/5 6097/3/5
f 6098/4/5 6076/4/5 6075/4/5
f 6099/4/5 6077/4/5 6098/4/5
f 6100/4/5 6077/4/5 6099/4/5
f 6103/4/5 6079/4/5 6078/4/5
f 6103/4/5 6080/4/5 6079/4/5
f 6104/4/5 6080/4/5 6103/4/5
f 6105/3/5 6081/3/5 6080/3/5
f 6105/4/5 6080/4/5 6104/4/5
f 6106/3/5 6081/3/5 6105/3/5
f 6107/3/5 6081/3/5 6106/3/5
f 6108/3/5 6081/3/5 6107/3/5
f 6109/3/5 6081/3/5 6108/3/5
f 6110/4/5 6083/4/5 6082/4/5
f 6110/3/5 6081/3/5 6109/3/5
f 6110/4/5 6082/4/5 6081/4/5
f 6111/4/5 6083/4/5 6110/4/5
f 6112/4/5 6083/4/5 6111/4/5
f 6115/4/5 6085/4/5 6084/4/5
f 6115/4/5 6086/4/5 6085/4/5
f 6116/4/5 6086/4/5 6115/4/5
f 6117/3/5 6087/3/5 6086/3/5
f 6117/4/5 6086/4/5 6116/4/5
f 6118/3/5 6087/3/5 6117/3/5
f 6119/3/5 6087/3/5 6118/3/5
f 6120/3/5 6087/3/5 6119/3/5
f 6121/3/5 6087/3/5 6120/3/5
f 6122/4/5 6089/4/5 6088/4/5
f 6122/3/5 6087/3/5 6121/3/5
f 6122/4/5 6088/4/5 6087/4/5
f 6123/4/5 6089/4/5 6122/4/5
f 6124/4/5 6089/4/5 6123/4/5
f 6127/4/5 6092/4/5 6091/4/5
f 6127/4/5 6091/4/5 6090/4/5
f 6128/4/5 6092/4/5 6127/4/5
f 6129/3/5 6093/3/5 6092/3/5
f 6129/4/5 6092/4/5 6128/4/5
f 6129/3/5 6094/3/5 6093/3/5
f 6130/3/5 6094/3/5 6129/3/5
f 6131/1/5 6095/1/5 6094/1/5
f 6131/3/5 6094/3/5 6130/3/5
f 6132/1/5 6097/1/5 6096/1/5
f 6132/3/5 6098/3/5 6097/3/5
f 6132/3/5 6099/3/5 6098/3/5
f 6133/3/5 6099/3/5 6132/3/5
f 6134/4/5 6101/4/5 6100/4/5
f 6134/3/5 6099/3/5 6133/3/5
f 6134/4/5 6100/4/5 6099/4/5
f 6135/4/5 6101/4/5 6134/4/5
f 6136/4/5 6101/4/5 6135/4/5
f 6139/4/5 6104/4/5 6103/4/5
f 6139/4/5 6103/4/5 6102/4/5
f 6140/4/5 6104/4/5 6139/4/5
f 6141/3/5 6105/3/5 6104/3/5
f 6141/4/5 6104/4/5 6140/4/5
f 6141/3/5 6106/3/5 6105/3/5
f 6142/3/5 6106/3/5 6141/3/5
f 6143/1/5 6107/1/5 6106/1/5
f 6143/3/5 6106/3/5 6142/3/5
f 6144/1/5 6109/1/5 6108/1/5
f 6144/3/5 6110/3/5 6109/3/5
f 6144/3/5 6111/3/5 6110/3/5
f 6145/3/5 6111/3/5 6144/3/5
f 6146/4/5 6113/4/5 6112/4/5
f 6146/3/5 6111/3/5 6145/3/5
f 6146/4/5 6112/4/5 6111/4/5
f 6147/4/5 6113/4/5 6146/4/5
f 6148/4/5 6113/4/5 6147/4/5
f 6151/4/5 6116/4/5 6115/4/5
f 6151/4/5 6115/4/5 6114/4/5
f 6152/4/5 6116/4/5 6151/4/5
f 6153/3/5 6117/3/5 6116/3/5
f 6153/4/5 6116/4/5 6152/4/5
f 6153/3/5 6118/3/5 6117/3/5
f 6154/3/5 6118/3/5 6153/3/5
f 6155/1/5 6119/1/5 6118/1/5
f 6155/3/5 6118/3/5 6154/3/5
f 6156/1/5 6121/1/5 6120/1/5
f 6156/3/5 6122/3/5 6121/3/5
f 6156/3/5 6123/3/5 6122/3/5
f 6157/3/5 6123/3/5 6156/3/5
f 6158/4/5 6125/4/5 6124/4/5
f 6158/3/5 6123/3/5 6157/3/5
f 6158/4/5 6124/4/5 6123/4/5
f 6159/4/5 6125/4/5 6158/4/5
f 6160/4/5 6125/4/5 6159/4/5
f 6163/4/5 6128/4/5 6127/4/5
f 6163/4/5 6127/4/5 6126/4/5
f 6164/4/5 6128/4/5 6163/4/5
f 6165/3/5 6130/3/5 6129/3/5
f 6165/4/5 6128/4/5 6164/4/5
f 6165/3/5 6129/3/5 6128/3/5
f 6166/3/5 6130/3/5 6165/3/5
f 6167/1/5 6131/1/5 6130/1/5
f 6167/3/5 6130/3/5 6166/3/5
f 6168/1/5 6133/1/5 6132/1/5
f 6168/3/5 6134/3/5 6133/3/5
f 6168/3/5 6135/3/5 6134/3/5
f 6169/3/5 6135/3/5 6168/3/5
f 6170/4/5 6137/4/5 6136/4/5
f 6170/3/5 6135/3/5 6169/3/5
f 6170/4/5 6136/4/5 6135/4/5
f 6171/4/5 6137/4/5 6170/4/5
f 6172/4/5 6137/4/5 6171/4/5
f 6175/4/5 6140/4/5 6139/4/5
f 6175/4/5 6139/4/5 6138/4/5
f 6176/4/5 6140/4/5 6175/4/5
f 6177/3/5 6142/3/5 6141/3/5
f 6177/4/5 6140/4/5 6176/4/5
f 6177/3/5 6141/3/5 6140/3/5
f 6178/3/5 6142/3/5 6177/3/5
f 6179/1/5 6143/1/5 6142/1/5
f 6179/3/5 6142/3/5 6178/3/5
f 6180/1/5 6145/1/5 6144/1/5
f 6180/3/5 6146/3/5 6145/3/5
f 6180/3/5 6147/3/5 6146/3/5
f 6181/3/5 6147/3/5 6180/3/5
f 6182/4/5 6149/4/5 6148/4/5
f 6182/3/5 6147/3/5 6181/3/5
f 6182/4/5 6148/4/5 6147/4/5
f 6183/4/5 6149/4/5 6182/4/5
f 6184/4/5 6149/4/5 6183/4/5
f 6187/4/5 6152/4/5 6151/4/5
f 6187/4/5 6151/4/5 6150/4/5
f 6188/4/5 6152/4/5 6187/4/5
f 6189/3/5 6154/3/5 6153/3/5
f 6189/4/5 6152/4/5 6188/4/5
f 6189/3/5 6153/3/5 6152/3/5
f 6190/3/5 6154/3/5 6189/3/5
f 6191/1/5 6155/1/5 6154/1/5
f 6191/3/5 6154/3/5 6190/3/5
f 6192/1/5 6157/1/5 6156/1/5
f 6192/3/5 6158/3/5 6157/3/5
f 6192/3/5 6159/3/5 6158/3/5
f 6193/3/5 6159/3/5 6192/3/5
f 6194/4/5 6161/4/5 6160/4/5
f 6194/3/5 6159/3/5 6193/3/5
f 6194/4/5 6160/4/5 6159/4/5
f 6195/4/5 6161/4/5 6194/4/5
f 6196/4/5 6161/4/5 6195/4/5
f 6199/4/5 6164/4/5 6163/4/5
f 6199/4/5 6163/4/5 6162/4/5
f 6200/4/5 6164/4/5 6199/4/5
f 6201/3/5 6166/3/5 6165/3/5
f 6201/4/5 6164/4/5 6200/4/5
f 6201/3/5 6165/3/5 6164/3/5
f 6202/3/5 6166/3/5 6201/3/5
f 6203/1/5 6167/1/5 6166/1/5
f 6203/3/5 6166/3/5 6202/3/5
f 6204/1/5 6169/1/5 6168/1/5
f 6204/3/5 6170/3/5 6169/3/5
f 6204/3/5 6171/3/5 6170/3/5
f 6205/3/5 6171/3/5 6204/3/5
f 6206/4/5 6173/4/5 6172/4/5
f 6206/3/5 6171/3/5 6205/3/5
f 6206/4/5 6172/4/5 6171/4/5
f 6207/4/5 6173/4/5 6206/4/5
f 6208/4/5 6173/4/5 6207/4/5
f 6211/4/5 6176/4/5 6175/4/5
f 6211/4/5 6175/4/5 6174/4/5
f 6212/4/5 6176/4/5 6211/4/5
f 6213/3/5 6178/3/5 6177/3/5
f 6213/4/5 6176/4/5 6212/4/5
f 6213/3/5 6177/3/5 6176/3/5
f 6214/3/5 6178/3/5 6213/3/5
f 6215/1/5 6179/1/5 6178/1/5
f 6215/3/5 6178/3/5 6214/3/5
f 6216/1/5 6181/1/5 6180/1/5
f 6216/3/5 6182/3/5 6181/3/5
f 6216/3/5 6183/3/5 6182/3/5
f 6217/3/5 6183/3/5 6216/3/5
f 6218/4/5 6185/4/5 6184/4/5
f 6218/3/5 6183/3/5 6217/3/5
f 6218/4/5 6184/4/5 6183/4/5
f 6219/4/5 6185/4/5 6218/4/5
f 6220/4/5 6185/4/5 6219/4/5
f 6223/4/5 6188/4/5 6187/4/5
f 6223/4/5 6187/4/5 6186/4/5
f 6224/4/5 6188/4/5 6223/4/5
f 6225/3/5 6190/3/5 6189/3/5
f 6225/4/5 6188/4/5 6224/4/5
f 6225/3/5 6189/3/5 6188/3/5
f 6226/3/5 6190/3/5 6225/3/5
f 6227/1/5 6191/1/5 6190/1/5
f 6227/3/5 6190/3/5 6226/3/5
f 6228/1/5 6193/1/5 6192/1/5
f 6228/3/5 6194/3/5 6193/3/5
f 6228/3/5 6195/3/5 6194/3/5
f 6229/3/5 6195/3/5 6228/3/5
f 6230/4/5 6197/4/5 6196/4/5
f 6230/3/5 6195/3/5 6229/3/5
f 6230/4/5 6196/4/5 6195/4/5
f 6231/4/5 6197/4/5 6230/4/5
f 6232/4/5 6197/4/5 6231/4/5
f 6234/4/5 6200/4/5 6199/4/5
f 6234/4/5 6199/4/5 6198/4/5
f 6235/3/5 6202/3/5 6201/3/5
f 6235/4/5 6200/4/5 6234/4/5
f 6235/3/5 6201/3/5 6200/3/5
f 6236/3/5 6202/3/5 6235/3/5
f 6237/1/5 6203/1/5 6202/1/5
f 6237/3/5 6202/3/5 6236/3/5
f 6238/1/5 6203/1/5 6237/1/5
f 6239/1/5 6205/1/5 6204/1/5
f 6239/3/5 6206/3/5 6205/3/5
f 6239/3/5 6207/3/5 6206/3/5
f 6240/3/5 6207/3/5 6239/3/5
f 6241/4/5 6209/4/5 6208/4/5
f 6241/3/5 6207/3/5 6240/3/5
f 6241/4/5 6208/4/5 6207/4/5
f 6242/4/5 6209/4/5 6241/4/5
f 6243/4/5 6212/4/5 6211/4/5
f 6243/4/5 6211/4/5 6210/4/5
f 6244/3/5 6214/3/5 6213/3/5
f 6244/4/5 6212/4/5 6243/4/5
f 6244/3/5 6213/3/5 6212/3/5
f 6245/3/5 6214/3/5 6244/3/5
f 6246/1/5 6215/1/5 6214/1/5
f 6246/3/5 6214/3/5 6245/3/5
f 6247/1/5 6217/1/5 6216/1/5
f 6248/3/5 6218/3/5 6217/3/5
f 6248/1/5 6217/1/5 6247/1/5
f 6248/3/5 6219/3/5 6218/3/5
f 6249/3/5 6219/3/5 6248/3/5
f 6250/4/5 6221/4/5 6220/4/5
f 6250/3/5 6219/3/5 6249/3/5
f 6250/4/5 6220/4/5 6219/4/5
f 6251/4/5 6221/4/5 6250/4/5
f 6252/4/5 6224/4/5 6223/4/5
f 6252/4/5 6223/4/5 6222/4/5
f 6253/3/5 6226/3/5 6225/3/5
f 6253/4/5 6224/4/5 6252/4/5
f 6253/3/5 6225/3/5 6224/3/5
f 6254/3/5 6226/3/5 6253/3/5
f 6255/1/5 6227/1/5 6226/1/5
f 6255/3/5 6226/3/5 6254/3/5
f 6256/1/5 6229/1/5 6228/1/5
f 6257/3/5 6231/3/5 6230/3/5
f 6257/1/5 6229/1/5 6256/1/5
f 6257/3/5 6230/3/5 6229/3/5
f 6258/3/5 6231/3/5 6257/3/5
f 6259/4/5 6233/4/5 6232/4/5
f 6259/3/5 6231/3/5 6258/3/5
f 6259/4/5 6232/4/5 6231/4/5
f 6260/4/5 6233/4/5 6259/4/5
f 6262/4/5 6234/4/5 6198/4/5
f 6263/4/5 6234/4/5 6262/4/5
f 6264/3/5 6236/3/5 6235/3/5
f 6264/4/5 6234/4/5 6263/4/5
f 6264/3/5 6235/3/5 6234/3/5
f 6265/3/5 6236/3/5 6264/3/5
f 6266/1/5 6237/1/5 6236/1/5
f 6266/3/5 6236/3/5 6265/3/5
f 6267/3/5 6238/3/5 6237/3/5
f 6267/1/5 6237/1/5 6266/1/5
f 6268/1/5 6203/1/5 6238/1/5
f 6268/3/5 6238/3/5 6267/3/5
f 6269/1/5 6167/1/5 6203/1/5
f 6269/1/5 6203/1/5 6268/1/5
f 6270/1/5 6095/1/5 6131/1/5
f 6270/1/5 6167/1/5 6269/1/5
f 6270/3/5 6096/3/5 6095/3/5
f 6270/1/5 6131/1/5 6167/1/5
f 6271/1/5 6132/1/5 6096/1/5
f 6271/3/5 6096/3/5 6270/3/5
f 6271/1/5 6168/1/5 6132/1/5
f 6271/1/5 6204/1/5 6168/1/5
f 6271/1/5 6240/1/5 6239/1/5
f 6271/1/5 6239/1/5 6204/1/5
f 6272/1/5 6240/1/5 6271/1/5
f 6273/3/5 6242/3/5 6241/3/5
f 6273/1/5 6240/1/5 6272/1/5
f 6273/3/5 6241/3/5 6240/3/5
f 6274/3/5 6242/3/5 6273/3/5
f 6275/4/5 6209/4/5 6242/4/5
f 6275/3/5 6242/3/5 6274/3/5
f 6276/4/5 6209/4/5 6275/4/5
f 6277/4/5 6209/4/5 6276/4/5
f 6280/4/5 6243/4/5 6210/4/5
f 6281/4/5 6243/4/5 6280/4/5
f 6282/3/5 6244/3/5 6243/3/5
f 6282/4/5 6243/4/5 6281/4/5
f 6282/3/5 6245/3/5 6244/3/5
f 6283/3/5 6245/3/5 6282/3/5
f 6284/1/5 6246/1/5 6245/1/5
f 6284/3/5 6245/3/5 6283/3/5
f 6285/1/5 6107/1/5 6143/1/5
f 6285/1/5 6246/1/5 6284/1/5
f 6285/1/5 6143/1/5 6179/1/5
f 6285/1/5 6179/1/5 6215/1/5
f 6285/1/5 6215/1/5 6246/1/5
f 6286/3/5 6108/3/5 6107/3/5
f 6286/1/5 6107/1/5 6285/1/5
f 6287/1/5 6144/1/5 6108/1/5
f 6287/3/5 6108/3/5 6286/3/5
f 6287/1/5 6180/1/5 6144/1/5
f 6287/1/5 6216/1/5 6180/1/5
f 6287/1/5 6247/1/5 6216/1/5
f 6288/1/5 6247/1/5 6287/1/5
f 6289/3/5 6248/3/5 6247/3/5
f 6289/1/5 6247/1/5 6288/1/5
f 6290/1/5 6249/1/5 6248/1/5
f 6290/3/5 6248/3/5 6289/3/5
f 6291/3/5 6251/3/5 6250/3/5
f 6291/1/5 6249/1/5 6290/1/5
f 6291/3/5 6250/3/5 6249/3/5
f 6292/3/5 6251/3/5 6291/3/5
f 6293/4/5 6221/4/5 6251/4/5
f 6293/3/5 6251/3/5 6292/3/5
f 6294/4/5 6221/4/5 6293/4/5
f 6295/4/5 6221/4/5 6294/4/5
f 6298/4/5 6252/4/5 6222/4/5
f 6299/4/5 6252/4/5 6298/4/5
f 6300/3/5 6253/3/5 6252/3/5
f 6300/4/5 6252/4/5 6299/4/5
f 6300/3/5 6254/3/5 6253/3/5
f 6301/3/5 6254/3/5 6300/3/5
f 6302/1/5 6255/1/5 6254/1/5
f 6302/3/5 6254/3/5 6301/3/5
f 6303/1/5 6155/1/5 6191/1/5
f 6303/1/5 6255/1/5 6302/1/5
f 6303/1/5 6119/1/5 6155/1/5
f 6303/1/5 6191/1/5 6227/1/5
f 6303/1/5 6227/1/5 6255/1/5
f 6304/3/5 6120/3/5 6119/3/5
f 6304/1/5 6119/1/5 6303/1/5
f 6305/1/5 6156/1/5 6120/1/5
f 6305/3/5 6120/3/5 6304/3/5
f 6305/1/5 6192/1/5 6156/1/5
f 6305/1/5 6228/1/5 6192/1/5
f 6305/1/5 6256/1/5 6228/1/5
f 6306/1/5 6256/1/5 6305/1/5
f 6307/3/5 6257/3/5 6256/3/5
f 6307/1/5 6256/1/5 6306/1/5
f 6308/1/5 6258/1/5 6257/1/5
f 6308/3/5 6257/3/5 6307/3/5
f 6309/3/5 6260/3/5 6259/3/5
f 6309/1/5 6258/1/5 6308/1/5
f 6309/3/5 6259/3/5 6258/3/5
f 6310/3/5 6260/3/5 6309/3/5
f 6311/4/5 6233/4/5 6260/4/5
f 6311/3/5 6260/3/5 6310/3/5
f 6312/4/5 6233/4/5 6311/4/5
f 6313/4/5 6233/4/5 6312/4/5
f 6316/4/5 6263/4/5 6262/4/5
f 6316/4/5 6262/4/5 6261/4/5
f 6317/3/5 6264/3/5 6263/3/5
f 6317/3/5 6265/3/5 6264/3/5
f 6318/1/5 6268/1/5 6267/1/5
f 6318/3/5 6265/3/5 6317/3/5
f 6318/1/5 6267/1/5 6266/1/5
f 6318/1/5 6266/1/5 6265/1/5
f 6319/1/5 6274/1/5 6273/1/5
f 6319/3/5 6276/3/5 6275/3/5
f 6319/3/5 6275/3/5 6274/3/5
f 6319/1/5 6273/1/5 6272/1/5
f 6320/3/5 6276/3/5 6319/3/5
f 6321/4/5 6277/4/5 6276/4/5
f 6321/4/5 6278/4/5 6277/4/5
f 6324/4/5 6281/4/5 6280/4/5
f 6324/4/5 6280/4/5 6279/4/5
f 6325/3/5 6282/3/5 6281/3/5
f 6325/3/5 6283/3/5 6282/3/5
f 6326/1/5 6284/1/5 6283/1/5
f 6326/3/5 6283/3/5 6325/3/5
f 6326/1/5 6285/1/5 6284/1/5
f 6327/3/5 6294/3/5 6293/3/5
f 6327/3/5 6293/3/5 6292/3/5
f 6327/1/5 6292/1/5 6291/1/5
f 6327/1/5 6290/1/5 6289/1/5
f 6327/1/5 6291/1/5 6290/1/5
f 6328/3/5 6294/3/5 6327/3/5
f 6329/4/5 6295/4/5 6294/4/5
f 6329/4/5 6296/4/5 6295/4/5
f 6332/4/5 6299/4/5 6298/4/5
f 6332/4/5 6298/4/5 6297/4/5
f 6333/3/5 6300/3/5 6299/3/5
f 6333/3/5 6301/3/5 6300/3/5
f 6334/1/5 6302/1/5 6301/1/5
f 6334/3/5 6301/3/5 6333/3/5
f 6334/1/5 6303/1/5 6302/1/5
f 6335/1/5 6308/1/5 6307/1/5
f 6335/3/5 6311/3/5 6310/3/5
f 6335/1/5 6310/1/5 6309/1/5
f 6335/3/5 6312/3/5 6311/3/5
f 6335/1/5 6309/1/5 6308/1/5
f 6336/3/5 6312/3/5 6335/3/5
f 6337/4/5 6313/4/5 6312/4/5
f 6337/4/5 6314/4/5 6313/4/5
f 6339/4/5 6316/4/5 6315/4/5
f 6339/4/5 6263/4/5 6316/4/5
f 6340/3/5 6317/3/5 6263/3/5
f 6340/4/5 6263/4/5 6339/4/5
f 6341/3/5 6269/3/5 6268/3/5
f 6341/1/5 6268/1/5 6318/1/5
f 6341/1/5 6318/1/5 6317/1/5
f 6342/1/5 6270/1/5 6269/1/5
f 6342/3/5 6269/3/5 6341/3/5
f 6342/1/5 6271/1/5 6270/1/5
f 6343/1/5 6271/1/5 6342/1/5
f 6344/4/5 6322/4/5 6321/4/5
f 6344/3/5 6276/3/5 6320/3/5
f 6344/4/5 6321/4/5 6276/4/5
f 6345/4/5 6322/4/5 6344/4/5
f 6346/4/5 6324/4/5 6323/4/5
f 6346/4/5 6281/4/5 6324/4/5
f 6347/3/5 6325/3/5 6281/3/5
f 6347/4/5 6281/4/5 6346/4/5
f 6348/1/5 6288/1/5 6287/1/5
f 6348/1/5 6287/1/5 6286/1/5
f 6349/3/5 6289/3/5 6288/3/5
f 6349/1/5 6288/1/5 6348/1/5
f 6350/1/5 6327/1/5 6289/1/5
f 6350/3/5 6289/3/5 6349/3/5
f 6350/1/5 6328/1/5 6327/1/5
f 6351/3/5 6294/3/5 6328/3/5
f 6351/4/5 6330/4/5 6329/4/5
f 6351/4/5 6329/4/5 6294/4/5
f 6352/4/5 6330/4/5 6351/4/5
f 6353/4/5 6332/4/5 6331/4/5
f 6353/4/5 6299/4/5 6332/4/5
f 6354/3/5 6333/3/5 6299/3/5
f 6354/4/5 6299/4/5 6353/4/5
f 6355/1/5 6305/1/5 6304/1/5
f 6355/1/5 6306/1/5 6305/1/5
f 6356/3/5 6307/3/5 6306/3/5
f 6356/1/5 6306/1/5 6355/1/5
f 6357/1/5 6335/1/5 6307/1/5
f 6357/3/5 6307/3/5 6356/3/5
f 6357/1/5 6336/1/5 6335/1/5
f 6358/4/5 6338/4/5 6337/4/5
f 6358/3/5 6312/3/5 6336/3/5
f 6358/4/5 6337/4/5 6312/4/5
f 6359/4/5 6338/4/5 6358/4/5
f 6361/4/5 6339/4/5 6315/4/5
f 6362/3/5 6317/3/5 6340/3/5
f 6362/3/5 6340/3/5 6339/3/5
f 6363/1/5 6341/1/5 6317/1/5
f 6363/3/5 6317/3/5 6362/3/5
f 6363/1/5 6342/1/5 6341/1/5
f 6364/3/5 6343/3/5 6342/3/5
f 6364/1/5 6342/1/5 6363/1/5
f 6365/1/5 6271/1/5 6343/1/5
f 6365/3/5 6343/3/5 6364/3/5
f 6366/1/5 6271/1/5 6365/1/5
f 6367/4/5 6322/4/5 6345/4/5
f 6370/4/5 6346/4/5 6323/4/5
f 6371/1/5 6348/1/5 6286/1/5
f 6372/3/5 6349/3/5 6348/3/5
f 6372/1/5 6348/1/5 6371/1/5
f 6373/1/5 6350/1/5 6349/1/5
f 6373/3/5 6349/3/5 6372/3/5
f 6374/1/5 6328/1/5 6350/1/5
f 6374/1/5 6350/1/5 6373/1/5
f 6374/3/5 6351/3/5 6328/3/5
f 6374/3/5 6352/3/5 6351/3/5
f 6375/3/5 6352/3/5 6374/3/5
f 6376/4/5 6330/4/5 6352/4/5
f 6379/4/5 6353/4/5 6331/4/5
f 6380/1/5 6355/1/5 6304/1/5
f 6381/3/5 6356/3/5 6355/3/5
f 6381/1/5 6355/1/5 6380/1/5
f 6382/1/5 6357/1/5 6356/1/5
f 6382/3/5 6356/3/5 6381/3/5
f 6383/1/5 6336/1/5 6357/1/5
f 6383/1/5 6357/1/5 6382/1/5
f 6383/3/5 6358/3/5 6336/3/5
f 6383/3/5 6359/3/5 6358/3/5
f 6384/3/5 6359/3/5 6383/3/5
f 6385/4/5 6338/4/5 6359/4/5
f 6387/4/5 6361/4/5 6360/4/5
f 6387/4/5 6339/4/5 6361/4/5
f 6388/3/5 6362/3/5 6339/3/5
f 6388/4/5 6339/4/5 6387/4/5
f 6389/1/5 6364/1/5 6363/1/5
f 6389/1/5 6363/1/5 6362/1/5
f 6389/1/5 6365/1/5 6364/1/5
f 6389/3/5 6366/3/5 6365/3/5
f 6390/1/5 6271/1/5 6366/1/5
f 6390/3/5 6366/3/5 6389/3/5
f 6391/1/5 6271/1/5 6390/1/5
f 6392/1/5 6319/1/5 6272/1/5
f 6392/1/5 6320/1/5 6319/1/5
f 6393/3/5 6344/3/5 6320/3/5
f 6393/1/5 6320/1/5 6392/1/5
f 6393/3/5 6345/3/5 6344/3/5
f 6394/4/5 6368/4/5 6367/4/5
f 6394/3/5 6345/3/5 6393/3/5
f 6394/4/5 6367/4/5 6345/4/5
f 6395/4/5 6368/4/5 6394/4/5
f 6396/4/5 6370/4/5 6369/4/5
f 6396/4/5 6346/4/5 6370/4/5
f 6397/3/5 6347/3/5 6346/3/5
f 6397/4/5 6346/4/5 6396/4/5
f 6398/1/5 6326/1/5 6325/1/5
f 6398/3/5 6347/3/5 6397/3/5
f 6398/3/5 6325/3/5 6347/3/5
f 6399/1/5 6285/1/5 6326/1/5
f 6399/1/5 6326/1/5 6398/1/5
f 6400/1/5 6371/1/5 6286/1/5
f 6401/3/5 6372/3/5 6371/3/5
f 6401/1/5 6371/1/5 6400/1/5
f 6402/1/5 6373/1/5 6372/1/5
f 6402/3/5 6372/3/5 6401/3/5
f 6402/1/5 6374/1/5 6373/1/5
f 6402/1/5 6375/1/5 6374/1/5
f 6403/4/5 6377/4/5 6376/4/5
f 6403/3/5 6352/3/5 6375/3/5
f 6403/4/5 6376/4/5 6352/4/5
f 6404/4/5 6377/4/5 6403/4/5
f 6405/4/5 6379/4/5 6378/4/5
f 6405/4/5 6353/4/5 6379/4/5
f 6406/3/5 6354/3/5 6353/3/5
f 6406/4/5 6353/4/5 6405/4/5
f 6407/3/5 6333/3/5 6354/3/5
f 6407/3/5 6354/3/5 6406/3/5
f 6407/1/5 6334/1/5 6333/1/5
f 6408/1/5 6303/1/5 6334/1/5
f 6408/1/5 6334/1/5 6407/1/5
f 6409/1/5 6380/1/5 6304/1/5
f 6410/3/5 6381/3/5 6380/3/5
f 6410/1/5 6380/1/5 6409/1/5
f 6411/1/5 6382/1/5 6381/1/5
f 6411/3/5 6381/3/5 6410/3/5
f 6411/1/5 6384/1/5 6383/1/5
f 6411/1/5 6383/1/5 6382/1/5
f 6412/4/5 6386/4/5 6385/4/5
f 6412/3/5 6359/3/5 6384/3/5
f 6412/4/5 6385/4/5 6359/4/5
f 6413/4/5 6386/4/5 6412/4/5
f 6414/3/5 6362/3/5 6388/3/5
f 6414/3/5 6388/3/5 6387/3/5
f 6415/1/5 6389/1/5 6362/1/5
f 6415/3/5 6362/3/5 6414/3/5
f 6415/1/5 6390/1/5 6389/1/5
f 6416/3/5 6391/3/5 6390/3/5
f 6416/1/5 6390/1/5 6415/1/5
f 6417/1/5 6271/1/5 6391/1/5
f 6417/3/5 6391/3/5 6416/3/5
f 6418/1/5 6271/1/5 6417/1/5
f 6419/3/5 6272/3/5 6271/3/5
f 6419/1/5 6271/1/5 6418/1/5
f 6420/1/5 6392/1/5 6272/1/5
f 6420/3/5 6272/3/5 6419/3/5
f 6421/1/5 6392/1/5 6420/1/5
f 6422/3/5 6393/3/5 6392/3/5
f 6422/1/5 6392/1/5 6421/1/5
f 6423/1/5 6394/1/5 6393/1/5
f 6423/3/5 6393/3/5 6422/3/5
f 6424/1/5 6398/1/5 6397/1/5
f 6424/3/5 6399/3/5 6398/3/5
f 6425/1/5 6285/1/5 6399/1/5
f 6425/3/5 6399/3/5 6424/3/5
f 6426/1/5 6285/1/5 6425/1/5
f 6427/3/5 6286/3/5 6285/3/5
f 6427/1/5 6285/1/5 6426/1/5
f 6428/1/5 6400/1/5 6286/1/5
f 6428/3/5 6286/3/5 6427/3/5
f 6429/1/5 6400/1/5 6428/1/5
f 6430/3/5 6401/3/5 6400/3/5
f 6430/1/5 6400/1/5 6429/1/5
f 6431/1/5 6402/1/5 6401/1/5
f 6431/3/5 6401/3/5 6430/3/5
f 6432/1/5 6375/1/5 6402/1/5
f 6432/1/5 6402/1/5 6431/1/5
f 6432/3/5 6403/3/5 6375/3/5
f 6432/3/5 6404/3/5 6403/3/5
f 6433/3/5 6404/3/5 6432/3/5
f 6434/1/5 6407/1/5 6406/1/5
f 6434/3/5 6408/3/5 6407/3/5
f 6435/1/5 6303/1/5 6408/1/5
f 6435/3/5 6408/3/5 6434/3/5
f 6436/1/5 6303/1/5 6435/1/5
f 6437/3/5 6304/3/5 6303/3/5
f 6437/1/5 6303/1/5 6436/1/5
f 6438/1/5 6409/1/5 6304/1/5
f 6438/3/5 6304/3/5 6437/3/5
f 6439/1/5 6409/1/5 6438/1/5
f 6440/3/5 6410/3/5 6409/3/5
f 6440/1/5 6409/1/5 6439/1/5
f 6441/1/5 6411/1/5 6410/1/5
f 6441/3/5 6410/3/5 6440/3/5
f 6442/1/5 6384/1/5 6411/1/5
f 6442/1/5 6411/1/5 6441/1/5
f 6442/3/5 6413/3/5 6412/3/5
f 6442/3/5 6412/3/5 6384/3/5
f 6443/3/5 6413/3/5 6442/3/5
f 6444/4/5 6387/4/5 6360/4/5
f 6445/3/5 6414/3/5 6387/3/5
f 6445/4/5 6387/4/5 6444/4/5
f 6446/1/5 6416/1/5 6415/1/5
f 6446/1/5 6415/1/5 6414/1/5
f 6446/3/5 6418/3/5 6417/3/5
f 6446/1/5 6417/1/5 6416/1/5
f 6447/1/5 6421/1/5 6420/1/5
f 6447/3/5 6418/3/5 6446/3/5
f 6447/1/5 6419/1/5 6418/1/5
f 6447/1/5 6420/1/5 6419/1/5
f 6448/1/5 6421/1/5 6447/1/5
f 6449/3/5 6422/3/5 6421/3/5
f 6449/1/5 6421/1/5 6448/1/5
f 6450/1/5 6423/1/5 6422/1/5
f 6450/3/5 6422/3/5 6449/3/5
f 6451/4/5 6368/4/5 6395/4/5
f 6451/3/5 6395/3/5 6394/3/5
f 6452/4/5 6368/4/5 6451/4/5
f 6453/4/5 6396/4/5 6369/4/5
f 6454/3/5 6397/3/5 6396/3/5
f 6454/4/5 6396/4/5 6453/4/5
f 6455/3/5 6426/3/5 6425/3/5
f 6455/1/5 6425/1/5 6424/1/5
f 6456/1/5 6429/1/5 6428/1/5
f 6456/3/5 6426/3/5 6455/3/5
f 6456/1/5 6427/1/5 6426/1/5
f 6456/1/5 6428/1/5 6427/1/5
f 6457/1/5 6429/1/5 6456/1/5
f 6458/3/5 6430/3/5 6429/3/5
f 6458/1/5 6429/1/5 6457/1/5
f 6459/1/5 6431/1/5 6430/1/5
f 6459/3/5 6430/3/5 6458/3/5
f 6459/1/5 6432/1/5 6431/1/5
f 6459/1/5 6433/1/5 6432/1/5
f 6460/4/5 6377/4/5 6404/4/5
f 6460/3/5 6404/3/5 6433/3/5
f 6461/4/5 6377/4/5 6460/4/5
f 6462/4/5 6405/4/5 6378/4/5
f 6463/3/5 6406/3/5 6405/3/5
f 6463/4/5 6405/4/5 6462/4/5
f 6464/3/5 6436/3/5 6435/3/5
f 6464/1/5 6435/1/5 6434/1/5
f 6465/1/5 6439/1/5 6438/1/5
f 6465/3/5 6436/3/5 6464/3/5
f 6465/1/5 6438/1/5 6437/1/5
f 6465/1/5 6437/1/5 6436/1/5
f 6466/1/5 6439/1/5 6465/1/5
f 6467/3/5 6440/3/5 6439/3/5
f 6467/1/5 6439/1/5 6466/1/5
f 6468/1/5 6441/1/5 6440/1/5
f 6468/3/5 6440/3/5 6467/3/5
f 6468/1/5 6443/1/5 6442/1/5
f 6468/1/5 6442/1/5 6441/1/5
f 6469/3/5 6413/3/5 6443/3/5
f 6469/4/5 6386/4/5 6413/4/5
f 6470/4/5 6386/4/5 6469/4/5
f 6472/4/5 6444/4/5 6360/4/5
f 6473/1/5 6448/1/5 6447/1/5
f 6473/1/5 6447/1/5 6446/1/5
f 6474/3/5 6449/3/5 6448/3/5
f 6474/1/5 6448/1/5 6473/1/5
f 6475/1/5 6450/1/5 6449/1/5
f 6475/3/5 6449/3/5 6474/3/5
f 6476/1/5 6394/1/5 6423/1/5
f 6476/1/5 6450/1/5 6475/1/5
f 6476/3/5 6452/3/5 6451/3/5
f 6476/3/5 6451/3/5 6394/3/5
f 6476/1/5 6423/1/5 6450/1/5
f 6477/3/5 6452/3/5 6476/3/5
f 6478/4/5 6368/4/5 6452/4/5
f 6479/4/5 6453/4/5 6369/4/5
f 6480/3/5 6397/3/5 6454/3/5
f 6480/3/5 6454/3/5 6453/3/5
f 6481/1/5 6455/1/5 6424/1/5
f 6481/3/5 6397/3/5 6480/3/5
f 6481/1/5 6424/1/5 6397/1/5
f 6481/1/5 6456/1/5 6455/1/5
f 6482/3/5 6457/3/5 6456/3/5
f 6482/1/5 6456/1/5 6481/1/5
f 6483/1/5 6458/1/5 6457/1/5
f 6483/3/5 6457/3/5 6482/3/5
f 6483/1/5 6459/1/5 6458/1/5
f 6484/1/5 6459/1/5 6483/1/5
f 6485/4/5 6377/4/5 6461/4/5
f 6486/4/5 6462/4/5 6378/4/5
f 6487/3/5 6406/3/5 6463/3/5
f 6487/3/5 6463/3/5 6462/3/5
f 6488/1/5 6464/1/5 6434/1/5
f 6488/3/5 6406/3/5 6487/3/5
f 6488/1/5 6434/1/5 6406/1/5
f 6488/1/5 6465/1/5 6464/1/5
f 6489/3/5 6466/3/5 6465/3/5
f 6489/1/5 6465/1/5 6488/1/5
f 6490/1/5 6467/1/5 6466/1/5
f 6490/3/5 6466/3/5 6489/3/5
f 6490/1/5 6468/1/5 6467/1/5
f 6491/1/5 6468/1/5 6490/1/5
f 6492/4/5 6386/4/5 6470/4/5
f 6494/3/5 6414/3/5 6445/3/5
f 6494/3/5 6445/3/5 6444/3/5
f 6495/1/5 6446/1/5 6414/1/5
f 6495/3/5 6414/3/5 6494/3/5
f 6495/1/5 6473/1/5 6446/1/5
f 6496/1/5 6473/1/5 6495/1/5
f 6497/1/5 6473/1/5 6496/1/5
f 6498/1/5 6473/1/5 6497/1/5
f 6499/3/5 6474/3/5 6473/3/5
f 6499/1/5 6473/1/5 6498/1/5
f 6500/1/5 6475/1/5 6474/1/5
f 6500/3/5 6474/3/5 6499/3/5
f 6500/1/5 6476/1/5 6475/1/5
f 6500/1/5 6477/1/5 6476/1/5
f 6501/1/5 6482/1/5 6481/1/5
f 6501/1/5 6481/1/5 6480/1/5
f 6501/1/5 6483/1/5 6482/1/5
f 6501/3/5 6484/3/5 6483/3/5
f 6502/1/5 6459/1/5 6484/1/5
f 6502/3/5 6484/3/5 6501/3/5
f 6503/1/5 6459/1/5 6502/1/5
f 6504/1/5 6459/1/5 6503/1/5
f 6505/1/5 6433/1/5 6459/1/5
f 6505/1/5 6459/1/5 6504/1/5
f 6506/3/5 6461/3/5 6460/3/5
f 6506/1/5 6433/1/5 6505/1/5
f 6506/3/5 6460/3/5 6433/3/5
f 6507/3/5 6461/3/5 6506/3/5
f 6508/1/5 6489/1/5 6488/1/5
f 6508/1/5 6488/1/5 6487/1/5
f 6508/3/5 6491/3/5 6490/3/5
f 6508/1/5 6490/1/5 6489/1/5
f 6509/1/5 6468/1/5 6491/1/5
f 6509/3/5 6491/3/5 6508/3/5
f 6510/1/5 6468/1/5 6509/1/5
f 6511/1/5 6468/1/5 6510/1/5
f 6512/1/5 6443/1/5 6468/1/5
f 6512/1/5 6468/1/5 6511/1/5
f 6513/3/5 6470/3/5 6469/3/5
f 6513/1/5 6443/1/5 6512/1/5
f 6513/3/5 6469/3/5 6443/3/5
f 6514/3/5 6470/3/5 6513/3/5
f 6515/1/5 6495/1/5 6494/1/5
f 6515/1/5 6496/1/5 6495/1/5
f 6516/3/5 6497/3/5 6496/3/5
f 6516/1/5 6496/1/5 6515/1/5
f 6517/1/5 6498/1/5 6497/1/5
f 6517/3/5 6497/3/5 6516/3/5
f 6518/3/5 6499/3/5 6498/3/5
f 6518/1/5 6498/1/5 6517/1/5
f 6519/1/5 6500/1/5 6499/1/5
f 6519/3/5 6499/3/5 6518/3/5
f 6520/1/5 6502/1/5 6501/1/5
f 6520/3/5 6503/3/5 6502/3/5
f 6521/1/5 6504/1/5 6503/1/5
f 6521/3/5 6503/3/5 6520/3/5
f 6522/3/5 6505/3/5 6504/3/5
f 6522/1/5 6504/1/5 6521/1/5
f 6523/1/5 6507/1/5 6506/1/5
f 6523/3/5 6505/3/5 6522/3/5
f 6523/1/5 6506/1/5 6505/1/5
f 6524/1/5 6507/1/5 6523/1/5
f 6525/3/5 6510/3/5 6509/3/5
f 6525/1/5 6509/1/5 6508/1/5
f 6526/1/5 6511/1/5 6510/1/5
f 6526/3/5 6510/3/5 6525/3/5
f 6527/3/5 6512/3/5 6511/3/5
f 6527/1/5 6511/1/5 6526/1/5
f 6528/1/5 6513/1/5 6512/1/5
f 6528/3/5 6512/3/5 6527/3/5
f 6528/1/5 6514/1/5 6513/1/5
f 6529/1/5 6514/1/5 6528/1/5
f 6530/1/5 6515/1/5 6494/1/5
f 6531/3/5 6516/3/5 6515/3/5
f 6531/1/5 6515/1/5 6530/1/5
f 6532/1/5 6518/1/5 6517/1/5
f 6532/3/5 6516/3/5 6531/3/5
f 6532/1/5 6517/1/5 6516/1/5
f 6532/1/5 6519/1/5 6518/1/5
f 6533/1/5 6522/1/5 6521/1/5
f 6533/1/5 6521/1/5 6520/1/5
f 6533/1/5 6523/1/5 6522/1/5
f 6533/3/5 6524/3/5 6523/3/5
f 6534/1/5 6507/1/5 6524/1/5
f 6534/3/5 6524/3/5 6533/3/5
f 6535/1/5 6507/1/5 6534/1/5
f 6536/3/5 6529/3/5 6528/3/5
f 6536/1/5 6527/1/5 6526/1/5
f 6536/1/5 6526/1/5 6525/1/5
f 6536/1/5 6528/1/5 6527/1/5
f 6537/1/5 6514/1/5 6529/1/5
f 6537/3/5 6529/3/5 6536/3/5
f 6538/1/5 6514/1/5 6537/1/5
f 6539/1/5 6530/1/5 6494/1/5
f 6540/3/5 6531/3/5 6530/3/5
f 6540/1/5 6530/1/5 6539/1/5
f 6541/1/5 6532/1/5 6531/1/5
f 6541/3/5 6531/3/5 6540/3/5
f 6542/1/5 6519/1/5 6532/1/5
f 6542/1/5 6532/1/5 6541/1/5
f 6543/1/5 6519/1/5 6542/1/5
f 6544/1/5 6534/1/5 6533/1/5
f 6544/1/5 6533/1/5 6520/1/5
f 6545/1/5 6534/1/5 6544/1/5
f 6546/3/5 6535/3/5 6534/3/5
f 6546/1/5 6534/1/5 6545/1/5
f 6547/1/5 6507/1/5 6535/1/5
f 6547/3/5 6535/3/5 6546/3/5
f 6548/1/5 6507/1/5 6547/1/5
f 6549/1/5 6536/1/5 6525/1/5
f 6549/1/5 6537/1/5 6536/1/5
f 6550/1/5 6537/1/5 6549/1/5
f 6551/3/5 6538/3/5 6537/3/5
f 6551/1/5 6537/1/5 6550/1/5
f 6552/1/5 6514/1/5 6538/1/5
f 6552/3/5 6538/3/5 6551/3/5
f 6553/1/5 6514/1/5 6552/1/5
f 6554/1/5 6539/1/5 6494/1/5
f 6555/3/5 6540/3/5 6539/3/5
f 6555/1/5 6539/1/5 6554/1/5
f 6556/1/5 6541/1/5 6540/1/5
f 6556/3/5 6540/3/5 6555/3/5
f 6556/1/5 6542/1/5 6541/1/5
f 6557/1/5 6542/1/5 6556/1/5
f 6558/1/5 6542/1/5 6557/1/5
f 6559/3/5 6543/3/5 6542/3/5
f 6559/1/5 6542/1/5 6558/1/5
f 6560/1/5 6519/1/5 6543/1/5
f 6560/3/5 6543/3/5 6559/3/5
f 6561/1/5 6500/1/5 6519/1/5
f 6561/1/5 6519/1/5 6560/1/5
f 6562/1/5 6520/1/5 6501/1/5
f 6562/1/5 6544/1/5 6520/1/5
f 6563/3/5 6545/3/5 6544/3/5
f 6563/1/5 6544/1/5 6562/1/5
f 6564/1/5 6546/1/5 6545/1/5
f 6564/3/5 6545/3/5 6563/3/5
f 6564/1/5 6547/1/5 6546/1/5
f 6565/1/5 6547/1/5 6564/1/5
f 6566/1/5 6547/1/5 6565/1/5
f 6567/3/5 6548/3/5 6547/3/5
f 6567/1/5 6547/1/5 6566/1/5
f 6568/1/5 6507/1/5 6548/1/5
f 6568/3/5 6548/3/5 6567/3/5
f 6569/1/5 6507/1/5 6568/1/5
f 6570/1/5 6525/1/5 6508/1/5
f 6570/1/5 6549/1/5 6525/1/5
f 6571/3/5 6550/3/5 6549/3/5
f 6571/1/5 6549/1/5 6570/1/5
f 6572/1/5 6551/1/5 6550/1/5
f 6572/3/5 6550/3/5 6571/3/5
f 6572/1/5 6552/1/5 6551/1/5
f 6573/1/5 6552/1/5 6572/1/5
f 6574/1/5 6552/1/5 6573/1/5
f 6575/3/5 6553/3/5 6552/3/5
f 6575/1/5 6552/1/5 6574/1/5
f 6576/1/5 6514/1/5 6553/1/5
f 6576/3/5 6553/3/5 6575/3/5
f 6577/1/5 6514/1/5 6576/1/5
f 6578/1/5 6554/1/5 6494/1/5
f 6579/3/5 6555/3/5 6554/3/5
f 6579/1/5 6554/1/5 6578/1/5
f 6580/1/5 6557/1/5 6556/1/5
f 6580/3/5 6555/3/5 6579/3/5
f 6580/1/5 6556/1/5 6555/1/5
f 6581/1/5 6557/1/5 6580/1/5
f 6582/3/5 6558/3/5 6557/3/5
f 6582/1/5 6557/1/5 6581/1/5
f 6583/1/5 6559/1/5 6558/1/5
f 6583/3/5 6558/3/5 6582/3/5
f 6583/1/5 6560/1/5 6559/1/5
f 6584/3/5 6561/3/5 6560/3/5
f 6584/1/5 6560/1/5 6583/1/5
f 6585/1/5 6500/1/5 6561/1/5
f 6585/3/5 6561/3/5 6584/3/5
f 6586/1/5 6500/1/5 6585/1/5
f 6587/1/5 6562/1/5 6501/1/5
f 6588/3/5 6563/3/5 6562/3/5
f 6588/1/5 6562/1/5 6587/1/5
f 6589/1/5 6564/1/5 6563/1/5
f 6589/3/5 6563/3/5 6588/3/5
f 6589/1/5 6565/1/5 6564/1/5
f 6590/3/5 6566/3/5 6565/3/5
f 6590/1/5 6565/1/5 6589/1/5
f 6591/1/5 6567/1/5 6566/1/5
f 6591/3/5 6566/3/5 6590/3/5
f 6591/1/5 6568/1/5 6567/1/5
f 6592/1/5 6568/1/5 6591/1/5
f 6593/3/5 6569/3/5 6568/3/5
f 6593/1/5 6568/1/5 6592/1/5
f 6594/1/5 6507/1/5 6569/1/5
f 6594/3/5 6569/3/5 6593/3/5
f 6595/1/5 6507/1/5 6594/1/5
f 6596/1/5 6570/1/5 6508/1/5
f 6597/3/5 6571/3/5 6570/3/5
f 6597/1/5 6570/1/5 6596/1/5
f 6598/1/5 6572/1/5 6571/1/5
f 6598/3/5 6571/3/5 6597/3/5
f 6598/1/5 6573/1/5 6572/1/5
f 6599/3/5 6574/3/5 6573/3/5
f 6599/1/5 6573/1/5 6598/1/5
f 6600/1/5 6575/1/5 6574/1/5
f 6600/3/5 6574/3/5 6599/3/5
f 6600/1/5 6576/1/5 6575/1/5
f 6601/1/5 6576/1/5 6600/1/5
f 6602/3/5 6577/3/5 6576/3/5
f 6602/1/5 6576/1/5 6601/1/5
f 6603/1/5 6514/1/5 6577/1/5
f 6603/3/5 6577/3/5 6602/3/5
f 6604/1/5 6514/1/5 6603/1/5
f 6605/3/5 6494/3/5 6444/3/5
f 6605/1/5 6578/1/5 6494/1/5
f 6606/3/5 6579/3/5 6578/3/5
f 6606/1/5 6578/1/5 6605/1/5
f 6607/1/5 6581/1/5 6580/1/5
f 6607/3/5 6579/3/5 6606/3/5
f 6607/1/5 6580/1/5 6579/1/5
f 6608/1/5 6584/1/5 6583/1/5
f 6608/1/5 6583/1/5 6582/1/5
f 6608/1/5 6585/1/5 6584/1/5
f 6608/3/5 6586/3/5 6585/3/5
f 6609/1/5 6500/1/5 6586/1/5
f 6609/3/5 6586/3/5 6608/3/5
f 6610/1/5 6477/1/5 6500/1/5
f 6610/1/5 6500/1/5 6609/1/5
f 6611/1/5 6587/1/5 6501/1/5
f 6611/1/5 6501/1/5 6480/1/5
f 6612/3/5 6588/3/5 6587/3/5
f 6612/1/5 6587/1/5 6611/1/5
f 6613/1/5 6590/1/5 6589/1/5
f 6613/3/5 6588/3/5 6612/3/5
f 6613/1/5 6589/1/5 6588/1/5
f 6613/1/5 6591/1/5 6590/1/5
f 6614/1/5 6593/1/5 6592/1/5
f 6614/1/5 6594/1/5 6593/1/5
f 6614/3/5 6595/3/5 6594/3/5
f 6615/1/5 6507/1/5 6595/1/5
f 6615/3/5 6595/3/5 6614/3/5
f 6616/3/5 6461/3/5 6507/3/5
f 6616/1/5 6507/1/5 6615/1/5
f 6617/1/5 6508/1/5 6487/1/5
f 6617/1/5 6596/1/5 6508/1/5
f 6618/3/5 6597/3/5 6596/3/5
f 6618/1/5 6596/1/5 6617/1/5
f 6619/1/5 6599/1/5 6598/1/5
f 6619/3/5 6597/3/5 6618/3/5
f 6619/1/5 6598/1/5 6597/1/5
f 6619/1/5 6600/1/5 6599/1/5
f 6620/3/5 6604/3/5 6603/3/5
f 6620/1/5 6602/1/5 6601/1/5
f 6620/1/5 6603/1/5 6602/1/5
f 6621/1/5 6514/1/5 6604/1/5
f 6621/3/5 6604/3/5 6620/3/5
f 6622/3/5 6470/3/5 6514/3/5
f 6622/1/5 6514/1/5 6621/1/5
f 6623/4/5 6472/4/5 6471/4/5
f 6624/4/5 6444/4/5 6472/4/5
f 6624/4/5 6472/4/5 6623/4/5
f 6625/3/5 6606/3/5 6605/3/5
f 6626/1/5 6607/1/5 6606/1/5
f 6626/3/5 6606/3/5 6625/3/5
f 6627/1/5 6581/1/5 6607/1/5
f 6627/1/5 6607/1/5 6626/1/5
f 6628/3/5 6582/3/5 6581/3/5
f 6628/1/5 6581/1/5 6627/1/5
f 6629/1/5 6609/1/5 6608/1/5
f 6629/3/5 6582/3/5 6628/3/5
f 6629/1/5 6608/1/5 6582/1/5
f 6630/4/5 6479/4/5 6478/4/5
f 6630/4/5 6478/4/5 6452/4/5
f 6631/4/5 6453/4/5 6479/4/5
f 6631/4/5 6479/4/5 6630/4/5
f 6632/1/5 6591/1/5 6613/1/5
f 6632/1/5 6613/1/5 6612/1/5
f 6632/3/5 6592/3/5 6591/3/5
f 6633/1/5 6615/1/5 6614/1/5
f 6633/3/5 6592/3/5 6632/3/5
f 6633/1/5 6614/1/5 6592/1/5
f 6634/1/5 6615/1/5 6633/1/5
f 6635/3/5 6616/3/5 6615/3/5
f 6635/1/5 6615/1/5 6634/1/5
f 6636/3/5 6616/3/5 6635/3/5
f 6637/4/5 6486/4/5 6485/4/5
f 6637/4/5 6485/4/5 6461/4/5
f 6638/4/5 6462/4/5 6486/4/5
f 6638/4/5 6486/4/5 6637/4/5
f 6639/1/5 6600/1/5 6619/1/5
f 6639/1/5 6619/1/5 6618/1/5
f 6639/3/5 6601/3/5 6600/3/5
f 6640/1/5 6620/1/5 6601/1/5
f 6640/3/5 6601/3/5 6639/3/5
f 6640/1/5 6621/1/5 6620/1/5
f 6641/1/5 6621/1/5 6640/1/5
f 6642/3/5 6622/3/5 6621/3/5
f 6642/1/5 6621/1/5 6641/1/5
f 6643/3/5 6622/3/5 6642/3/5
f 6644/4/5 6493/4/5 6492/4/5
f 6644/4/5 6492/4/5 6470/4/5
f 6645/4/5 6493/4/5 6644/4/5
f 6646/4/5 6444/4/5 6624/4/5
f 6646/3/5 6625/3/5 6605/3/5
f 6646/3/5 6605/3/5 6444/3/5
f 6647/3/5 6625/3/5 6646/3/5
f 6648/1/5 6609/1/5 6629/1/5
f 6648/1/5 6629/1/5 6628/1/5
f 6648/3/5 6610/3/5 6609/3/5
f 6649/1/5 6477/1/5 6610/1/5
f 6649/3/5 6610/3/5 6648/3/5
f 6650/1/5 6477/1/5 6649/1/5
f 6651/1/5 6477/1/5 6650/1/5
f 6652/3/5 6452/3/5 6477/3/5
f 6652/1/5 6477/1/5 6651/1/5
f 6653/4/5 6630/4/5 6452/4/5
f 6653/3/5 6452/3/5 6652/3/5
f 6654/4/5 6453/4/5 6631/4/5
f 6654/3/5 6480/3/5 6453/3/5
f 6655/1/5 6611/1/5 6480/1/5
f 6655/3/5 6480/3/5 6654/3/5
f 6656/1/5 6611/1/5 6655/1/5
f 6657/1/5 6611/1/5 6656/1/5
f 6658/3/5 6612/3/5 6611/3/5
f 6658/1/5 6611/1/5 6657/1/5
f 6659/1/5 6632/1/5 6612/1/5
f 6659/3/5 6612/3/5 6658/3/5
f 6659/1/5 6633/1/5 6632/1/5
f 6660/3/5 6461/3/5 6616/3/5
f 6660/3/5 6616/3/5 6636/3/5
f 6661/4/5 6637/4/5 6461/4/5
f 6661/3/5 6461/3/5 6660/3/5
f 6662/3/5 6487/3/5 6462/3/5
f 6662/4/5 6462/4/5 6638/4/5
f 6663/1/5 6617/1/5 6487/1/5
f 6663/3/5 6487/3/5 6662/3/5
f 6664/1/5 6617/1/5 6663/1/5
f 6665/1/5 6617/1/5 6664/1/5
f 6666/3/5 6618/3/5 6617/3/5
f 6666/1/5 6617/1/5 6665/1/5
f 6667/1/5 6639/1/5 6618/1/5
f 6667/3/5 6618/3/5 6666/3/5
f 6667/1/5 6640/1/5 6639/1/5
f 6668/3/5 6622/3/5 6643/3/5
f 6668/3/5 6470/3/5 6622/3/5
f 6669/4/5 6644/4/5 6470/4/5
f 6669/3/5 6470/3/5 6668/3/5
f 6670/3/5 6625/3/5 6647/3/5
f 6670/1/5 6626/1/5 6625/1/5
f 6670/1/5 6627/1/5 6626/1/5
f 6671/1/5 6627/1/5 6670/1/5
f 6672/1/5 6627/1/5 6671/1/5
f 6673/3/5 6628/3/5 6627/3/5
f 6673/1/5 6627/1/5 6672/1/5
f 6674/1/5 6648/1/5 6628/1/5
f 6674/3/5 6628/3/5 6673/3/5
f 6674/1/5 6649/1/5 6648/1/5
f 6675/3/5 6650/3/5 6649/3/5
f 6675/1/5 6649/1/5 6674/1/5
f 6676/1/5 6651/1/5 6650/1/5
f 6676/3/5 6650/3/5 6675/3/5
f 6677/1/5 6651/1/5 6676/1/5
f 6678/1/5 6657/1/5 6656/1/5
f 6679/3/5 6658/3/5 6657/3/5
f 6679/1/5 6657/1/5 6678/1/5
f 6680/1/5 6659/1/5 6658/1/5
f 6680/3/5 6658/3/5 6679/3/5
f 6681/1/5 6633/1/5 6659/1/5
f 6681/1/5 6659/1/5 6680/1/5
f 6681/3/5 6634/3/5 6633/3/5
f 6682/1/5 6636/1/5 6635/1/5
f 6682/3/5 6634/3/5 6681/3/5
f 6682/1/5 6635/1/5 6634/1/5
f 6683/1/5 6636/1/5 6682/1/5
f 6684/1/5 6636/1/5 6683/1/5
f 6685/3/5 6660/3/5 6636/3/5
f 6685/1/5 6636/1/5 6684/1/5
f 6686/1/5 6665/1/5 6664/1/5
f 6687/3/5 6666/3/5 6665/3/5
f 6687/1/5 6665/1/5 6686/1/5
f 6688/1/5 6667/1/5 6666/1/5
f 6688/3/5 6666/3/5 6687/3/5
f 6689/1/5 6640/1/5 6667/1/5
f 6689/1/5 6667/1/5 6688/1/5
f 6689/3/5 6641/3/5 6640/3/5
f 6690/1/5 6642/1/5 6641/1/5
f 6690/3/5 6641/3/5 6689/3/5
f 6690/1/5 6643/1/5 6642/1/5
f 6691/1/5 6643/1/5 6690/1/5
f 6692/1/5 6643/1/5 6691/1/5
f 6693/3/5 6668/3/5 6643/3/5
f 6693/1/5 6643/1/5 6692/1/5
f 6694/4/5 6647/4/5 6646/4/5
f 6694/3/5 6671/3/5 6670/3/5
f 6694/3/5 6670/3/5 6647/3/5
f 6695/3/5 6671/3/5 6694/3/5
f 6696/1/5 6676/1/5 6675/1/5
f 6696/3/5 6677/3/5 6676/3/5
f 6696/1/5 6675/1/5 6674/1/5
f 6696/1/5 6674/1/5 6673/1/5
f 6697/1/5 6651/1/5 6677/1/5
f 6697/3/5 6677/3/5 6696/3/5
f 6698/1/5 6651/1/5 6697/1/5
f 6699/3/5 6652/3/5 6651/3/5
f 6699/1/5 6651/1/5 6698/1/5
f 6700/4/5 6653/4/5 6652/4/5
f 6700/3/5 6652/3/5 6699/3/5
f 6701/3/5 6656/3/5 6655/3/5
f 6701/4/5 6655/4/5 6654/4/5
f 6702/1/5 6678/1/5 6656/1/5
f 6702/3/5 6656/3/5 6701/3/5
f 6703/1/5 6678/1/5 6702/1/5
f 6704/3/5 6679/3/5 6678/3/5
f 6704/1/5 6678/1/5 6703/1/5
f 6705/1/5 6680/1/5 6679/1/5
f 6705/3/5 6679/3/5 6704/3/5
f 6705/1/5 6681/1/5 6680/1/5
f 6705/1/5 6682/1/5 6681/1/5
f 6706/3/5 6660/3/5 6685/3/5
f 6706/3/5 6685/3/5 6684/3/5
f 6707/4/5 6661/4/5 6660/4/5
f 6707/3/5 6660/3/5 6706/3/5
f 6708/4/5 6663/4/5 6662/4/5
f 6708/3/5 6664/3/5 6663/3/5
f 6709/1/5 6686/1/5 6664/1/5
f 6709/3/5 6664/3/5 6708/3/5
f 6710/1/5 6686/1/5 6709/1/5
f 6711/3/5 6687/3/5 6686/3/5
f 6711/1/5 6686/1/5 6710/1/5
f 6712/1/5 6689/1/5 6688/1/5
f 6712/3/5 6687/3/5 6711/3/5
f 6712/1/5 6688/1/5 6687/1/5
f 6712/1/5 6690/1/5 6689/1/5
f 6713/3/5 6668/3/5 6693/3/5
f 6713/3/5 6693/3/5 6692/3/5
f 6714/4/5 6669/4/5 6668/4/5
f 6714/3/5 6668/3/5 6713/3/5
f 6715/4/5 6646/4/5 6624/4/5
f 6715/4/5 6695/4/5 6694/4/5
f 6715/4/5 6694/4/5 6646/4/5
f 6716/4/5 6695/4/5 6715/4/5
f 6717/1/5 6672/1/5 6671/1/5
f 6717/3/5 6671/3/5 6695/3/5
f 6718/1/5 6672/1/5 6717/1/5
f 6719/1/5 6672/1/5 6718/1/5
f 6720/3/5 6673/3/5 6672/3/5
f 6720/1/5 6672/1/5 6719/1/5
f 6721/1/5 6696/1/5 6673/1/5
f 6721/3/5 6673/3/5 6720/3/5
f 6721/1/5 6697/1/5 6696/1/5
f 6722/1/5 6699/1/5 6698/1/5
f 6723/4/5 6700/4/5 6699/4/5
f 6723/1/5 6699/1/5 6722/1/5
f 6724/4/5 6630/4/5 6653/4/5
f 6724/4/5 6700/4/5 6723/4/5
f 6724/4/5 6653/4/5 6700/4/5
f 6725/4/5 6630/4/5 6724/4/5
f 6726/4/5 6701/4/5 6654/4/5
f 6726/4/5 6702/4/5 6701/4/5
f 6726/4/5 6654/4/5 6631/4/5
f 6727/4/5 6702/4/5 6726/4/5
f 6728/1/5 6703/1/5 6702/1/5
f 6728/4/5 6702/4/5 6727/4/5
f 6729/1/5 6703/1/5 6728/1/5
f 6730/1/5 6682/1/5 6705/1/5
f 6730/3/5 6683/3/5 6682/3/5
f 6730/1/5 6705/1/5 6704/1/5
f 6731/1/5 6684/1/5 6683/1/5
f 6731/3/5 6683/3/5 6730/3/5
f 6732/1/5 6684/1/5 6731/1/5
f 6733/1/5 6684/1/5 6732/1/5
f 6734/3/5 6706/3/5 6684/3/5
f 6734/1/5 6684/1/5 6733/1/5
f 6735/4/5 6637/4/5 6661/4/5
f 6735/4/5 6661/4/5 6707/4/5
f 6735/4/5 6707/4/5 6706/4/5
f 6736/4/5 6637/4/5 6735/4/5
f 6737/4/5 6708/4/5 6662/4/5
f 6737/4/5 6709/4/5 6708/4/5
f 6737/4/5 6662/4/5 6638/4/5
f 6738/4/5 6709/4/5 6737/4/5
f 6739/1/5 6710/1/5 6709/1/5
f 6739/4/5 6709/4/5 6738/4/5
f 6740/1/5 6710/1/5 6739/1/5
f 6741/1/5 6690/1/5 6712/1/5
f 6741/3/5 6691/3/5 6690/3/5
f 6741/1/5 6712/1/5 6711/1/5
f 6742/1/5 6692/1/5 6691/1/5
f 6742/3/5 6691/3/5 6741/3/5
f 6743/1/5 6692/1/5 6742/1/5
f 6744/1/5 6692/1/5 6743/1/5
f 6745/3/5 6713/3/5 6692/3/5
f 6745/1/5 6692/1/5 6744/1/5
f 6746/4/5 6644/4/5 6669/4/5
f 6746/4/5 6669/4/5 6714/4/5
f 6746/4/5 6714/4/5 6713/4/5
f 6747/4/5 6644/4/5 6746/4/5
f 6748/4/5 6695/4/5 6716/4/5
f 6748/3/5 6717/3/5 6695/3/5
f 6748/3/5 6718/3/5 6717/3/5
f 6749/3/5 6718/3/5 6748/3/5
f 6750/1/5 6719/1/5 6718/1/5
f 6750/3/5 6718/3/5 6749/3/5
f 6751/1/5 6719/1/5 6750/1/5
f 6752/1/5 6697/1/5 6721/1/5
f 6752/1/5 6721/1/5 6720/1/5
f 6752/3/5 6698/3/5 6697/3/5
f 6753/1/5 6722/1/5 6698/1/5
f 6753/3/5 6698/3/5 6752/3/5
f 6754/1/5 6722/1/5 6753/1/5
f 6755/3/5 6723/3/5 6722/3/5
f 6755/1/5 6722/1/5 6754/1/5
f 6756/4/5 6724/4/5 6723/4/5
f 6756/3/5 6723/3/5 6755/3/5
f 6757/3/5 6729/3/5 6728/3/5
f 6757/4/5 6728/4/5 6727/4/5
f 6758/1/5 6703/1/5 6729/1/5
f 6758/3/5 6729/3/5 6757/3/5
f 6759/1/5 6703/1/5 6758/1/5
f 6760/3/5 6704/3/5 6703/3/5
f 6760/1/5 6703/1/5 6759/1/5
f 6761/1/5 6730/1/5 6704/1/5
f 6761/3/5 6704/3/5 6760/3/5
f 6761/1/5 6731/1/5 6730/1/5
f 6762/1/5 6733/1/5 6732/1/5
f 6763/3/5 6734/3/5 6733/3/5
f 6763/1/5 6733/1/5 6762/1/5
f 6764/3/5 6706/3/5 6734/3/5
f 6764/3/5 6734/3/5 6763/3/5
f 6765/4/5 6735/4/5 6706/4/5
f 6765/3/5 6706/3/5 6764/3/5
f 6766/3/5 6740/3/5 6739/3/5
f 6766/4/5 6739/4/5 6738/4/5
f 6767/1/5 6710/1/5 6740/1/5
f 6767/3/5 6740/3/5 6766/3/5
f 6768/1/5 6710/1/5 6767/1/5
f 6769/3/5 6711/3/5 6710/3/5
f 6769/1/5 6710/1/5 6768/1/5
f 6770/1/5 6742/1/5 6741/1/5
f 6770/3/5 6711/3/5 6769/3/5
f 6770/1/5 6741/1/5 6711/1/5
f 6771/1/5 6744/1/5 6743/1/5
f 6772/3/5 6745/3/5 6744/3/5
f 6772/1/5 6744/1/5 6771/1/5
f 6773/3/5 6713/3/5 6745/3/5
f 6773/3/5 6745/3/5 6772/3/5
f 6774/4/5 6746/4/5 6713/4/5
f 6774/3/5 6713/3/5 6773/3/5
f 6775/4/5 6749/4/5 6748/4/5
f 6775/4/5 6748/4/5 6716/4/5
f 6776/4/5 6749/4/5 6775/4/5
f 6777/1/5 6719/1/5 6751/1/5
f 6777/3/5 6751/3/5 6750/3/5
f 6777/3/5 6750/3/5 6749/3/5
f 6778/1/5 6719/1/5 6777/1/5
f 6779/1/5 6719/1/5 6778/1/5
f 6780/3/5 6720/3/5 6719/3/5
f 6780/1/5 6719/1/5 6779/1/5
f 6781/1/5 6752/1/5 6720/1/5
f 6781/3/5 6720/3/5 6780/3/5
f 6781/1/5 6753/1/5 6752/1/5
f 6782/3/5 6754/3/5 6753/3/5
f 6782/1/5 6753/1/5 6781/1/5
f 6783/1/5 6755/1/5 6754/1/5
f 6783/3/5 6754/3/5 6782/3/5
f 6784/4/5 6756/4/5 6755/4/5
f 6784/1/5 6755/1/5 6783/1/5
f 6785/4/5 6724/4/5 6756/4/5
f 6785/4/5 6756/4/5 6784/4/5
f 6786/4/5 6724/4/5 6785/4/5
f 6787/4/5 6757/4/5 6727/4/5
f 6787/4/5 6758/4/5 6757/4/5
f 6788/4/5 6758/4/5 6787/4/5
f 6789/1/5 6759/1/5 6758/1/5
f 6789/4/5 6758/4/5 6788/4/5
f 6790/3/5 6760/3/5 6759/3/5
f 6790/1/5 6759/1/5 6789/1/5
f 6791/1/5 6761/1/5 6760/1/5
f 6791/3/5 6760/3/5 6790/3/5
f 6792/1/5 6731/1/5 6761/1/5
f 6792/1/5 6761/1/5 6791/1/5
f 6792/3/5 6732/3/5 6731/3/5
f 6793/1/5 6762/1/5 6732/1/5
f 6793/3/5 6732/3/5 6792/3/5
f 6794/1/5 6762/1/5 6793/1/5
f 6795/1/5 6762/1/5 6794/1/5
f 6796/3/5 6763/3/5 6762/3/5
f 6796/1/5 6762/1/5 6795/1/5
f 6796/3/5 6764/3/5 6763/3/5
f 6797/4/5 6735/4/5 6765/4/5
f 6797/4/5 6765/4/5 6764/4/5
f 6798/4/5 6735/4/5 6797/4/5
f 6799/4/5 6766/4/5 6738/4/5
f 6799/4/5 6767/4/5 6766/4/5
f 6800/4/5 6767/4/5 6799/4/5
f 6801/1/5 6768/1/5 6767/1/5
f 6801/4/5 6767/4/5 6800/4/5
f 6802/3/5 6769/3/5 6768/3/5
f 6802/1/5 6768/1/5 6801/1/5
f 6803/1/5 6770/1/5 6769/1/5
f 6803/3/5 6769/3/5 6802/3/5
f 6804/1/5 6742/1/5 6770/1/5
f 6804/1/5 6770/1/5 6803/1/5
f 6804/3/5 6743/3/5 6742/3/5
f 6805/1/5 6771/1/5 6743/1/5
f 6805/3/5 6743/3/5 6804/3/5
f 6806/1/5 6771/1/5 6805/1/5
f 6807/1/5 6771/1/5 6806/1/5
f 6808/3/5 6773/3/5 6772/3/5
f 6808/1/5 6771/1/5 6807/1/5
f 6808/3/5 6772/3/5 6771/3/5
f 6809/4/5 6746/4/5 6774/4/5
f 6809/4/5 6774/4/5 6773/4/5
f 6810/4/5 6746/4/5 6809/4/5
f 6811/4/5 6749/4/5 6776/4/5
f 6812/4/5 6749/4/5 6811/4/5
f 6813/3/5 6777/3/5 6749/3/5
f 6813/4/5 6749/4/5 6812/4/5
f 6813/3/5 6778/3/5 6777/3/5
f 6814/3/5 6778/3/5 6813/3/5
f 6815/1/5 6779/1/5 6778/1/5
f 6815/3/5 6778/3/5 6814/3/5
f 6816/1/5 6779/1/5 6815/1/5
f 6817/1/5 6781/1/5 6780/1/5
f 6817/1/5 6782/1/5 6781/1/5
f 6817/1/5 6783/1/5 6782/1/5
f 6818/3/5 6784/3/5 6783/3/5
f 6818/1/5 6783/1/5 6817/1/5
f 6819/3/5 6784/3/5 6818/3/5
f 6820/4/5 6785/4/5 6784/4/5
f 6820/3/5 6784/3/5 6819/3/5
f 6821/4/5 6785/4/5 6820/4/5
f 6822/4/5 6785/4/5 6821/4/5
f 6823/4/5 6789/4/5 6788/4/5
f 6824/4/5 6789/4/5 6823/4/5
f 6825/3/5 6790/3/5 6789/3/5
f 6825/4/5 6789/4/5 6824/4/5
f 6826/3/5 6790/3/5 6825/3/5
f 6827/1/5 6791/1/5 6790/1/5
f 6827/3/5 6790/3/5 6826/3/5
f 6827/1/5 6793/1/5 6792/1/5
f 6827/1/5 6792/1/5 6791/1/5
f 6828/1/5 6793/1/5 6827/1/5
f 6829/1/5 6795/1/5 6794/1/5
f 6830/3/5 6796/3/5 6795/3/5
f 6830/1/5 6795/1/5 6829/1/5
f 6831/3/5 6764/3/5 6796/3/5
f 6831/3/5 6796/3/5 6830/3/5
f 6832/4/5 6797/4/5 6764/4/5
f 6832/3/5 6764/3/5 6831/3/5
f 6833/4/5 6797/4/5 6832/4/5
f 6834/4/5 6797/4/5 6833/4/5
f 6835/4/5 6801/4/5 6800/4/5
f 6836/4/5 6801/4/5 6835/4/5
f 6837/3/5 6802/3/5 6801/3/5
f 6837/4/5 6801/4/5 6836/4/5
f 6838/3/5 6802/3/5 6837/3/5
f 6839/1/5 6805/1/5 6804/1/5
f 6839/3/5 6802/3/5 6838/3/5
f 6839/1/5 6803/1/5 6802/1/5
f 6839/1/5 6804/1/5 6803/1/5
f 6840/1/5 6805/1/5 6839/1/5
f 6841/1/5 6807/1/5 6806/1/5
f 6842/3/5 6808/3/5 6807/3/5
f 6842/1/5 6807/1/5 6841/1/5
f 6843/3/5 6773/3/5 6808/3/5
f 6843/3/5 6808/3/5 6842/3/5
f 6844/4/5 6809/4/5 6773/4/5
f 6844/3/5 6773/3/5 6843/3/5
f 6845/4/5 6809/4/5 6844/4/5
f 6846/4/5 6809/4/5 6845/4/5
f 6847/4/5 6814/4/5 6813/4/5
f 6847/3/5 6816/3/5 6815/3/5
f 6847/3/5 6815/3/5 6814/3/5
f 6847/4/5 6813/4/5 6812/4/5
f 6848/3/5 6816/3/5 6847/3/5
f 6849/3/5 6819/3/5 6818/3/5
f 6849/3/5 6818/3/5 6817/3/5
f 6850/4/5 6820/4/5 6819/4/5
f 6850/3/5 6819/3/5 6849/3/5
f 6850/4/5 6821/4/5 6820/4/5
f 6851/4/5 6826/4/5 6825/4/5
f 6851/4/5 6825/4/5 6824/4/5
f 6851/3/5 6828/3/5 6827/3/5
f 6851/3/5 6827/3/5 6826/3/5
f 6852/3/5 6828/3/5 6851/3/5
f 6853/3/5 6831/3/5 6830/3/5
f 6853/3/5 6830/3/5 6829/3/5
f 6854/4/5 6833/4/5 6832/4/5
f 6854/3/5 6831/3/5 6853/3/5
f 6854/4/5 6832/4/5 6831/4/5
f 6855/4/5 6838/4/5 6837/4/5
f 6855/4/5 6837/4/5 6836/4/5
f 6855/3/5 6840/3/5 6839/3/5
f 6855/3/5 6839/3/5 6838/3/5
f 6856/3/5 6840/3/5 6855/3/5
f 6857/3/5 6843/3/5 6842/3/5
f 6857/3/5 6842/3/5 6841/3/5
f 6858/4/5 6845/4/5 6844/4/5
f 6858/3/5 6843/3/5 6857/3/5
f 6858/4/5 6844/4/5 6843/4/5
f 6859/4/5 6848/4/5 6847/4/5
f 6859/4/5 6847/4/5 6812/4/5
f 6860/4/5 6848/4/5 6859/4/5
f 6861/3/5 6816/3/5 6848/3/5
f 6861/4/5 6848/4/5 6860/4/5
f 6862/3/5 6816/3/5 6861/3/5
f 6863/1/5 6779/1/5 6816/1/5
f 6863/3/5 6816/3/5 6862/3/5
f 6864/3/5 6780/3/5 6779/3/5
f 6864/1/5 6779/1/5 6863/1/5
f 6865/1/5 6817/1/5 6780/1/5
f 6865/3/5 6780/3/5 6864/3/5
f 6866/1/5 6817/1/5 6865/1/5
f 6867/1/5 6817/1/5 6866/1/5
f 6868/3/5 6849/3/5 6817/3/5
f 6868/1/5 6817/1/5 6867/1/5
f 6869/4/5 6850/4/5 6849/4/5
f 6869/3/5 6849/3/5 6868/3/5
f 6870/4/5 6821/4/5 6850/4/5
f 6870/4/5 6850/4/5 6869/4/5
f 6871/4/5 6821/4/5 6870/4/5
f 6872/4/5 6852/4/5 6851/4/5
f 6872/4/5 6851/4/5 6824/4/5
f 6873/4/5 6852/4/5 6872/4/5
f 6874/3/5 6828/3/5 6852/3/5
f 6874/4/5 6852/4/5 6873/4/5
f 6875/1/5 6793/1/5 6828/1/5
f 6875/3/5 6828/3/5 6874/3/5
f 6876/1/5 6793/1/5 6875/1/5
f 6877/1/5 6793/1/5 6876/1/5
f 6878/3/5 6794/3/5 6793/3/5
f 6878/1/5 6793/1/5 6877/1/5
f 6879/1/5 6829/1/5 6794/1/5
f 6879/3/5 6794/3/5 6878/3/5
f 6880/3/5 6853/3/5 6829/3/5
f 6880/1/5 6829/1/5 6879/1/5
f 6881/3/5 6853/3/5 6880/3/5
f 6882/4/5 6854/4/5 6853/4/5
f 6882/3/5 6853/3/5 6881/3/5
f 6883/4/5 6833/4/5 6854/4/5
f 6883/4/5 6854/4/5 6882/4/5
f 6884/4/5 6833/4/5 6883/4/5
f 6885/4/5 6856/4/5 6855/4/5
f 6885/4/5 6855/4/5 6836/4/5
f 6886/4/5 6856/4/5 6885/4/5
f 6887/3/5 6840/3/5 6856/3/5
f 6887/4/5 6856/4/5 6886/4/5
f 6888/1/5 6805/1/5 6840/1/5
f 6888/3/5 6840/3/5 6887/3/5
f 6889/1/5 6805/1/5 6888/1/5
f 6890/1/5 6805/1/5 6889/1/5
f 6891/3/5 6806/3/5 6805/3/5
f 6891/1/5 6805/1/5 6890/1/5
f 6892/1/5 6841/1/5 6806/1/5
f 6892/3/5 6806/3/5 6891/3/5
f 6893/3/5 6857/3/5 6841/3/5
f 6893/1/5 6841/1/5 6892/1/5
f 6894/3/5 6857/3/5 6893/3/5
f 6895/4/5 6858/4/5 6857/4/5
f 6895/3/5 6857/3/5 6894/3/5
f 6896/4/5 6845/4/5 6858/4/5
f 6896/4/5 6858/4/5 6895/4/5
f 6897/4/5 6845/4/5 6896/4/5
f 6898/4/5 6862/4/5 6861/4/5
f 6898/4/5 6861/4/5 6860/4/5
f 6899/4/5 6862/4/5 6898/4/5
f 6900/3/5 6864/3/5 6863/3/5
f 6900/4/5 6862/4/5 6899/4/5
f 6900/3/5 6863/3/5 6862/3/5
f 6900/3/5 6865/3/5 6864/3/5
f 6900/3/5 6866/3/5 6865/3/5
f 6901/3/5 6866/3/5 6900/3/5
f 6902/1/5 6867/1/5 6866/1/5
f 6902/3/5 6866/3/5 6901/3/5
f 6903/1/5 6867/1/5 6902/1/5
f 6904/1/5 6867/1/5 6903/1/5
f 6905/3/5 6868/3/5 6867/3/5
f 6905/1/5 6867/1/5 6904/1/5
f 6906/4/5 6869/4/5 6868/4/5
f 6906/3/5 6868/3/5 6905/3/5
f 6906/4/5 6870/4/5 6869/4/5
f 6907/4/5 6870/4/5 6906/4/5
f 6908/4/5 6870/4/5 6907/4/5
f 6909/4/5 6874/4/5 6873/4/5
f 6909/4/5 6875/4/5 6874/4/5
f 6910/4/5 6875/4/5 6909/4/5
f 6911/3/5 6876/3/5 6875/3/5
f 6911/4/5 6875/4/5 6910/4/5
f 6912/1/5 6877/1/5 6876/1/5
f 6912/3/5 6876/3/5 6911/3/5
f 6913/1/5 6877/1/5 6912/1/5
f 6914/1/5 6877/1/5 6913/1/5
f 6915/3/5 6881/3/5 6880/3/5
f 6915/1/5 6877/1/5 6914/1/5
f 6915/3/5 6879/3/5 6878/3/5
f 6915/3/5 6878/3/5 6877/3/5
f 6915/3/5 6880/3/5 6879/3/5
f 6916/3/5 6881/3/5 6915/3/5
f 6917/4/5 6882/4/5 6881/4/5
f 6917/3/5 6881/3/5 6916/3/5
f 6917/4/5 6883/4/5 6882/4/5
f 6918/4/5 6883/4/5 6917/4/5
f 6919/4/5 6883/4/5 6918/4/5
f 6920/4/5 6887/4/5 6886/4/5
f 6920/4/5 6888/4/5 6887/4/5
f 6921/4/5 6888/4/5 6920/4/5
f 6922/3/5 6889/3/5 6888/3/5
f 6922/4/5 6888/4/5 6921/4/5
f 6923/1/5 6890/1/5 6889/1/5
f 6923/3/5 6889/3/5 6922/3/5
f 6924/1/5 6890/1/5 6923/1/5
f 6925/1/5 6890/1/5 6924/1/5
f 6926/3/5 6893/3/5 6892/3/5
f 6926/1/5 6890/1/5 6925/1/5
f 6926/3/5 6892/3/5 6891/3/5
f 6926/3/5 6891/3/5 6890/3/5
f 6926/3/5 6894/3/5 6893/3/5
f 6927/3/5 6894/3/5 6926/3/5
f 6928/4/5 6896/4/5 6895/4/5
f 6928/3/5 6894/3/5 6927/3/5
f 6928/4/5 6895/4/5 6894/4/5
f 6929/4/5 6896/4/5 6928/4/5
f 6930/4/5 6896/4/5 6929/4/5
f 6931/4/5 6901/4/5 6900/4/5
f 6931/4/5 6900/4/5 6899/4/5
f 6932/4/5 6901/4/5 6931/4/5
f 6933/3/5 6903/3/5 6902/3/5
f 6933/4/5 6901/4/5 6932/4/5
f 6933/3/5 6902/3/5 6901/3/5
f 6934/3/5 6903/3/5 6933/3/5
f 6935/1/5 6904/1/5 6903/1/5
f 6935/3/5 6903/3/5 6934/3/5
f 6936/1/5 6904/1/5 6935/1/5
f 6937/1/5 6904/1/5 6936/1/5
f 6938/3/5 6905/3/5 6904/3/5
f 6938/1/5 6904/1/5 6937/1/5
f 6939/3/5 6905/3/5 6938/3/5
f 6940/4/5 6906/4/5 6905/4/5
f 6940/3/5 6905/3/5 6939/3/5
f 6940/4/5 6907/4/5 6906/4/5
f 6941/4/5 6907/4/5 6940/4/5
f 6942/4/5 6907/4/5 6941/4/5
f 6943/4/5 6911/4/5 6910/4/5
f 6943/4/5 6912/4/5 6911/4/5
f 6944/4/5 6912/4/5 6943/4/5
f 6945/3/5 6913/3/5 6912/3/5
f 6945/4/5 6912/4/5 6944/4/5
f 6946/3/5 6913/3/5 6945/3/5
f 6947/1/5 6914/1/5 6913/1/5
f 6947/3/5 6913/3/5 6946/3/5
f 6948/1/5 6914/1/5 6947/1/5
f 6949/1/5 6914/1/5 6948/1/5
f 6950/3/5 6916/3/5 6915/3/5
f 6950/1/5 6914/1/5 6949/1/5
f 6950/3/5 6915/3/5 6914/3/5
f 6951/3/5 6916/3/5 6950/3/5
f 6952/4/5 6917/4/5 6916/4/5
f 6952/3/5 6916/3/5 6951/3/5
f 6952/4/5 6918/4/5 6917/4/5
f 6953/4/5 6918/4/5 6952/4/5
f 6954/4/5 6918/4/5 6953/4/5
f 6955/4/5 6922/4/5 6921/4/5
f 6955/4/5 6923/4/5 6922/4/5
f 6956/4/5 6923/4/5 6955/4/5
f 6957/3/5 6924/3/5 6923/3/5
f 6957/4/5 6923/4/5 6956/4/5
f 6958/3/5 6924/3/5 6957/3/5
f 6959/1/5 6925/1/5 6924/1/5
f 6959/3/5 6924/3/5 6958/3/5
f 6960/1/5 6925/1/5 6959/1/5
f 6961/1/5 6925/1/5 6960/1/5
f 6962/3/5 6927/3/5 6926/3/5
f 6962/1/5 6925/1/5 6961/1/5
f 6962/3/5 6926/3/5 6925/3/5
f 6963/3/5 6927/3/5 6962/3/5
f 6964/4/5 6929/4/5 6928/4/5
f 6964/3/5 6927/3/5 6963/3/5
f 6964/4/5 6928/4/5 6927/4/5
f 6965/4/5 6929/4/5 6964/4/5
f 6966/4/5 6929/4/5 6965/4/5
f 6967/4/5 6934/4/5 6933/4/5
f 6967/4/5 6933/4/5 6932/4/5
f 6968/4/5 6934/4/5 6967/4/5
f 6969/3/5 6935/3/5 6934/3/5
f 6969/4/5 6934/4/5 6968/4/5
f 6969/3/5 6936/3/5 6935/3/5
f 6970/3/5 6936/3/5 6969/3/5
f 6971/1/5 6937/1/5 6936/1/5
f 6971/3/5 6936/3/5 6970/3/5
f 6972/3/5 6939/3/5 6938/3/5
f 6972/1/5 6937/1/5 6971/1/5
f 6972/3/5 6938/3/5 6937/3/5
f 6973/3/5 6939/3/5 6972/3/5
f 6974/4/5 6941/4/5 6940/4/5
f 6974/3/5 6939/3/5 6973/3/5
f 6974/4/5 6940/4/5 6939/4/5
f 6975/4/5 6941/4/5 6974/4/5
f 6976/4/5 6941/4/5 6975/4/5
f 6977/4/5 6946/4/5 6945/4/5
f 6977/4/5 6945/4/5 6944/4/5
f 6978/4/5 6946/4/5 6977/4/5
f 6979/3/5 6948/3/5 6947/3/5
f 6979/4/5 6946/4/5 6978/4/5
f 6979/3/5 6947/3/5 6946/3/5
f 6980/3/5 6948/3/5 6979/3/5
f 6981/1/5 6949/1/5 6948/1/5
f 6981/3/5 6948/3/5 6980/3/5
f 6982/3/5 6951/3/5 6950/3/5
f 6982/1/5 6949/1/5 6981/1/5
f 6982/3/5 6950/3/5 6949/3/5
f 6983/3/5 6951/3/5 6982/3/5
f 6984/4/5 6953/4/5 6952/4/5
f 6984/3/5 6951/3/5 6983/3/5
f 6984/4/5 6952/4/5 6951/4/5
f 6985/4/5 6953/4/5 6984/4/5
f 6986/4/5 6953/4/5 6985/4/5
f 6987/4/5 6958/4/5 6957/4/5
f 6987/4/5 6957/4/5 6956/4/5
f 6988/4/5 6958/4/5 6987/4/5
f 6989/3/5 6960/3/5 6959/3/5
f 6989/4/5 6958/4/5 6988/4/5
f 6989/3/5 6959/3/5 6958/3/5
f 6990/3/5 6960/3/5 6989/3/5
f 6991/1/5 6961/1/5 6960/1/5
f 6991/3/5 6960/3/5 6990/3/5
f 6992/3/5 6963/3/5 6962/3/5
f 6992/1/5 6961/1/5 6991/1/5
f 6992/3/5 6962/3/5 6961/3/5
f 6993/3/5 6963/3/5 6992/3/5
f 6994/4/5 6965/4/5 6964/4/5
f 6994/3/5 6963/3/5 6993/3/5
f 6994/4/5 6964/4/5 6963/4/5
f 6995/4/5 6965/4/5 6994/4/5
f 6996/4/5 6965/4/5 6995/4/5
f 6997/4/5 6970/4/5 6969/4/5
f 6997/4/5 6969/4/5 6968/4/5
f 6998/4/5 6970/4/5 6997/4/5
f 6999/3/5 6971/3/5 6970/3/5
f 6999/4/5 6970/4/5 6998/4/5
f 6999/3/5 6973/3/5 6972/3/5
f 6999/3/5 6972/3/5 6971/3/5
f 7000/4/5 6974/4/5 6973/4/5
f 7000/3/5 6973/3/5 6999/3/5
f 7000/4/5 6975/4/5 6974/4/5
f 7001/4/5 6975/4/5 7000/4/5
f 7002/4/5 6975/4/5 7001/4/5
f 7003/4/5 6980/4/5 6979/4/5
f 7003/4/5 6979/4/5 6978/4/5
f 7004/4/5 6980/4/5 7003/4/5
f 7005/3/5 6981/3/5 6980/3/5
f 7005/4/5 6980/4/5 7004/4/5
f 7005/3/5 6983/3/5 6982/3/5
f 7005/3/5 6982/3/5 6981/3/5
f 7006/4/5 6984/4/5 6983/4/5
f 7006/3/5 6983/3/5 7005/3/5
f 7006/4/5 6985/4/5 6984/4/5
f 7007/4/5 6985/4/5 7006/4/5
f 7008/4/5 6985/4/5 7007/4/5
f 7009/4/5 6990/4/5 6989/4/5
f 7009/4/5 6989/4/5 6988/4/5
f 7010/4/5 6990/4/5 7009/4/5
f 7011/3/5 6991/3/5 6990/3/5
f 7011/4/5 6990/4/5 7010/4/5
f 7011/3/5 6993/3/5 6992/3/5
f 7011/3/5 6992/3/5 6991/3/5
f 7012/4/5 6995/4/5 6994/4/5
f 7012/3/5 6993/3/5 7011/3/5
f 7012/4/5 6994/4/5 6993/4/5
f 7013/4/5 6995/4/5 7012/4/5
f 7014/4/5 6995/4/5 7013/4/5
f 7015/4/5 6999/4/5 6998/4/5
f 7015/4/5 7000/4/5 6999/4/5
f 7015/4/5 7001/4/5 7000/4/5
f 7016/4/5 7001/4/5 7015/4/5
f 7017/4/5 7001/4/5 7016/4/5
f 7018/4/5 7001/4/5 7017/4/5
f 7019/4/5 7006/4/5 7005/4/5
f 7019/4/5 7005/4/5 7004/4/5
f 7019/4/5 7007/4/5 7006/4/5
f 7020/4/5 7007/4/5 7019/4/5
f 7021/4/5 7007/4/5 7020/4/5
f 7022/4/5 7007/4/5 7021/4/5
f 7023/4/5 7013/4/5 7012/4/5
f 7023/4/5 7011/4/5 7010/4/5
f 7023/4/5 7012/4/5 7011/4/5
f 7024/4/5 7013/4/5 7023/4/5
f 7025/4/5 7013/4/5 7024/4/5
f 7026/4/5 7013/4/5 7025/4/5
f 7027/4/5 7017/4/5 7016/4/5
f 7028/4/5 7017/4/5 7027/4/5
f 7029/4/5 7017/4/5 7028/4/5
f 7030/4/5 7017/4/5 7029/4/5
f 7031/4/5 7021/4/5 7020/4/5
f 7032/4/5 7021/4/5 7031/4/5
f 7033/4/5 7021/4/5 7032/4/5
f 7034/4/5 7021/4/5 7033/4/5
f 7035/4/5 7025/4/5 7024/4/5
f 7036/4/5 7025/4/5 7035/4/5
f 7037/4/5 7025/4/5 7036/4/5
f 7038/4/5 7025/4/5 7037/4/5
f 7040/4/5 7029/4/5 7028/4/5
f 7041/4/5 7029/4/5 7040/4/5
f 7044/4/5 7033/4/5 7032/4/5
f 7045/4/5 7033/4/5 7044/4/5
f 7048/4/5 7037/4/5 7036/4/5
f 7049/4/5 7037/4/5 7048/4/5
f 7052/4/5 7042/4/5 7041/4/5
f 7052/4/5 7040/4/5 7039/4/5
f 7052/4/5 7041/4/5 7040/4/5
f 7053/4/5 7042/4/5 7052/4/5
f 7056/4/5 7046/4/5 7045/4/5
f 7056/4/5 7044/4/5 7043/4/5
f 7056/4/5 7045/4/5 7044/4/5
f 7057/4/5 7046/4/5 7056/4/5
f 7060/4/5 7050/4/5 7049/4/5
f 7060/4/5 7049/4/5 7048/4/5
f 7060/4/5 7048/4/5 7047/4/5
f 7061/4/5 7050/4/5 7060/4/5
f 7064/4/5 7054/4/5 7053/4/5
f 7064/4/5 7053/4/5 7052/4/5
f 7064/4/5 7052/4/5 7051/4/5
f 7065/4/5 7054/4/5 7064/4/5
f 7066/4/5 7054/4/5 7065/4/5
f 7067/4/5 7054/4/5 7066/4/5
f 7070/4/5 7058/4/5 7057/4/5
f 7070/4/5 7057/4/5 7056/4/5
f 7070/4/5 7056/4/5 7055/4/5
f 7071/4/5 7058/4/5 7070/4/5
f 7072/4/5 7058/4/5 7071/4/5
f 7073/4/5 7058/4/5 7072/4/5
f 7076/4/5 7061/4/5 7060/4/5
f 7076/4/5 7062/4/5 7061/4/5
f 7076/4/5 7060/4/5 7059/4/5
f 7077/4/5 7062/4/5 7076/4/5
f 7078/4/5 7062/4/5 7077/4/5
f 7079/4/5 7062/4/5 7078/4/5
f 7082/4/5 7064/4/5 7063/4/5
f 7082/4/5 7065/4/5 7064/4/5
f 7083/4/5 7065/4/5 7082/4/5
f 7084/3/5 7066/3/5 7065/3/5
f 7084/4/5 7065/4/5 7083/4/5
f 7085/3/5 7066/3/5 7084/3/5
f 7086/3/5 7066/3/5 7085/3/5
f 7087/3/5 7066/3/5 7086/3/5
f 7088/3/5 7066/3/5 7087/3/5
f 7089/4/5 7068/4/5 7067/4/5
f 7089/3/5 7066/3/5 7088/3/5
f 7089/4/5 7067/4/5 7066/4/5
f 7090/4/5 7068/4/5 7089/4/5
f 7091/4/5 7068/4/5 7090/4/5
f 7094/4/5 7070/4/5 7069/4/5
f 7094/4/5 7071/4/5 7070/4/5
f 7095/4/5 7071/4/5 7094/4/5
f 7096/3/5 7072/3/5 7071/3/5
f 7096/4/5 7071/4/5 7095/4/5
f 7097/3/5 7072/3/5 7096/3/5
f 7098/3/5 7072/3/5 7097/3/5
f 7099/3/5 7072/3/5 7098/3/5
f 7100/3/5 7072/3/5 7099/3/5
f 7101/4/5 7074/4/5 7073/4/5
f 7101/3/5 7072/3/5 7100/3/5
f 7101/4/5 7073/4/5 7072/4/5
f 7102/4/5 7074/4/5 7101/4/5
f 7103/4/5 7074/4/5 7102/4/5
f 7106/4/5 7076/4/5 7075/4/5
f 7106/4/5 7077/4/5 7076/4/5
f 7107/4/5 7077/4/5 7106/4/5
f 7108/3/5 7078/3/5 7077/3/5
f 7108/4/5 7077/4/5 7107/4/5
f 7109/3/5 7078/3/5 7108/3/5
f 7110/3/5 7078/3/5 7109/3/5
f 7111/3/5 7078/3/5 7110/3/5
f 7112/3/5 7078/3/5 7111/3/5
f 7113/4/5 7079/4/5 7078/4/5
f 7113/3/5 7078/3/5 7112/3/5
f 7113/4/5 7080/4/5 7079/4/5
f 7114/4/5 7080/4/5 7113/4/5
f 7115/4/5 7080/4/5 7114/4/5
f 7118/4/5 7083/4/5 7082/4/5
f 7118/4/5 7082/4/5 7081/4/5
f 7119/4/5 7083/4/5 7118/4/5
f 7120/3/5 7084/3/5 7083/3/5
f 7120/4/5 7083/4/5 7119/4/5
f 7120/3/5 7085/3/5 7084/3/5
f 7121/3/5 7085/3/5 7120/3/5
f 7122/1/5 7086/1/5 7085/1/5
f 7122/3/5 7085/3/5 7121/3/5
f 7123/1/5 7088/1/5 7087/1/5
f 7123/3/5 7089/3/5 7088/3/5
f 7123/3/5 7090/3/5 7089/3/5
f 7124/3/5 7090/3/5 7123/3/5
f 7125/4/5 7092/4/5 7091/4/5
f 7125/3/5 7090/3/5 7124/3/5
f 7125/4/5 7091/4/5 7090/4/5
f 7126/4/5 7092/4/5 7125/4/5
f 7127/4/5 7092/4/5 7126/4/5
f 7130/4/5 7095/4/5 7094/4/5
f 7130/4/5 7094/4/5 7093/4/5
f 7131/4/5 7095/4/5 7130/4/5
f 7132/3/5 7096/3/5 7095/3/5
f 7132/4/5 7095/4/5 7131/4/5
f 7132/3/5 7097/3/5 7096/3/5
f 7133/3/5 7097/3/5 7132/3/5
f 7134/1/5 7098/1/5 7097/1/5
f 7134/3/5 7097/3/5 7133/3/5
f 7135/1/5 7100/1/5 7099/1/5
f 7135/3/5 7101/3/5 7100/3/5
f 7135/3/5 7102/3/5 7101/3/5
f 7136/3/5 7102/3/5 7135/3/5
f 7137/4/5 7104/4/5 7103/4/5
f 7137/3/5 7102/3/5 7136/3/5
f 7137/4/5 7103/4/5 7102/4/5
f 7138/4/5 7104/4/5 7137/4/5
f 7139/4/5 7104/4/5 7138/4/5
f 7142/4/5 7107/4/5 7106/4/5
f 7142/4/5 7106/4/5 7105/4/5
f 7143/4/5 7107/4/5 7142/4/5
f 7144/3/5 7108/3/5 7107/3/5
f 7144/4/5 7107/4/5 7143/4/5
f 7144/3/5 7109/3/5 7108/3/5
f 7145/3/5 7109/3/5 7144/3/5
f 7146/1/5 7110/1/5 7109/1/5
f 7146/3/5 7109/3/5 7145/3/5
f 7147/1/5 7112/1/5 7111/1/5
f 7147/3/5 7114/3/5 7113/3/5
f 7147/3/5 7113/3/5 7112/3/5
f 7148/3/5 7114/3/5 7147/3/5
f 7149/4/5 7115/4/5 7114/4/5
f 7149/3/5 7114/3/5 7148/3/5
f 7149/4/5 7116/4/5 7115/4/5
f 7150/4/5 7116/4/5 7149/4/5
f 7151/4/5 7116/4/5 7150/4/5
f 7154/4/5 7119/4/5 7118/4/5
f 7154/4/5 7118/4/5 7117/4/5
f 7155/4/5 7119/4/5 7154/4/5
f 7156/3/5 7121/3/5 7120/3/5
f 7156/4/5 7119/4/5 7155/4/5
f 7156/3/5 7120/3/5 7119/3/5
f 7157/3/5 7121/3/5 7156/3/5
f 7158/1/5 7122/1/5 7121/1/5
f 7158/3/5 7121/3/5 7157/3/5
f 7159/1/5 7124/1/5 7123/1/5
f 7159/3/5 7125/3/5 7124/3/5
f 7159/3/5 7126/3/5 7125/3/5
f 7160/3/5 7126/3/5 7159/3/5
f 7161/4/5 7128/4/5 7127/4/5
f 7161/3/5 7126/3/5 7160/3/5
f 7161/4/5 7127/4/5 7126/4/5
f 7162/4/5 7128/4/5 7161/4/5
f 7163/4/5 7128/4/5 7162/4/5
f 7166/4/5 7131/4/5 7130/4/5
f 7166/4/5 7130/4/5 7129/4/5
f 7167/4/5 7131/4/5 7166/4/5
f 7168/3/5 7133/3/5 7132/3/5
f 7168/4/5 7131/4/5 7167/4/5
f 7168/3/5 7132/3/5 7131/3/5
f 7169/3/5 7133/3/5 7168/3/5
f 7170/1/5 7134/1/5 7133/1/5
f 7170/3/5 7133/3/5 7169/3/5
f 7171/1/5 7136/1/5 7135/1/5
f 7171/3/5 7137/3/5 7136/3/5
f 7171/3/5 7138/3/5 7137/3/5
f 7172/3/5 7138/3/5 7171/3/5
f 7173/4/5 7140/4/5 7139/4/5
f 7173/3/5 7138/3/5 7172/3/5
f 7173/4/5 7139/4/5 7138/4/5
f 7174/4/5 7140/4/5 7173/4/5
f 7175/4/5 7140/4/5 7174/4/5
f 7178/4/5 7143/4/5 7142/4/5
f 7178/4/5 7142/4/5 7141/4/5
f 7179/4/5 7143/4/5 7178/4/5
f 7180/3/5 7145/3/5 7144/3/5
f 7180/4/5 7143/4/5 7179/4/5
f 7180/3/5 7144/3/5 7143/3/5
f 7181/3/5 7145/3/5 7180/3/5
f 7182/1/5 7146/1/5 7145/1/5
f 7182/3/5 7145/3/5 7181/3/5
f 7183/1/5 7148/1/5 7147/1/5
f 7183/3/5 7150/3/5 7149/3/5
f 7183/3/5 7149/3/5 7148/3/5
f 7184/3/5 7150/3/5 7183/3/5
f 7185/4/5 7151/4/5 7150/4/5
f 7185/3/5 7150/3/5 7184/3/5
f 7185/4/5 7152/4/5 7151/4/5
f 7186/4/5 7152/4/5 7185/4/5
f 7187/4/5 7152/4/5 7186/4/5
f 7190/4/5 7155/4/5 7154/4/5
f 7190/4/5 7154/4/5 7153/4/5
f 7191/4/5 7155/4/5 7190/4/5
f 7192/3/5 7157/3/5 7156/3/5
f 7192/4/5 7155/4/5 7191/4/5
f 7192/3/5 7156/3/5 7155/3/5
f 7193/3/5 7157/3/5 7192/3/5
f 7194/1/5 7158/1/5 7157/1/5
f 7194/3/5 7157/3/5 7193/3/5
f 7195/1/5 7160/1/5 7159/1/5
f 7195/3/5 7161/3/5 7160/3/5
f 7195/3/5 7162/3/5 7161/3/5
f 7196/3/5 7162/3/5 7195/3/5
f 7197/4/5 7164/4/5 7163/4/5
f 7197/3/5 7162/3/5 7196/3/5
f 7197/4/5 7163/4/5 7162/4/5
f 7198/4/5 7164/4/5 7197/4/5
f 7199/4/5 7164/4/5 7198/4/5
f 7202/4/5 7167/4/5 7166/4/5
f 7202/4/5 7166/4/5 7165/4/5
f 7203/4/5 7167/4/5 7202/4/5
f 7204/3/5 7169/3/5 7168/3/5
f 7204/4/5 7167/4/5 7203/4/5
f 7204/3/5 7168/3/5 7167/3/5
f 7205/3/5 7169/3/5 7204/3/5
f 7206/1/5 7170/1/5 7169/1/5
f 7206/3/5 7169/3/5 7205/3/5
f 7207/1/5 7172/1/5 7171/1/5
f 7207/3/5 7173/3/5 7172/3/5
f 7207/3/5 7174/3/5 7173/3/5
f 7208/3/5 7174/3/5 7207/3/5
f 7209/4/5 7176/4/5 7175/4/5
f 7209/3/5 7174/3/5 7208/3/5
f 7209/4/5 7175/4/5 7174/4/5
f 7210/4/5 7176/4/5 7209/4/5
f 7211/4/5 7176/4/5 7210/4/5
f 7214/4/5 7179/4/5 7178/4/5
f 7214/4/5 7178/4/5 7177/4/5
f 7215/4/5 7179/4/5 7214/4/5
f 7216/3/5 7181/3/5 7180/3/5
f 7216/4/5 7179/4/5 7215/4/5
f 7216/3/5 7180/3/5 7179/3/5
f 7217/3/5 7181/3/5 7216/3/5
f 7218/1/5 7182/1/5 7181/1/5
f 7218/3/5 7181/3/5 7217/3/5
f 7219/1/5 7184/1/5 7183/1/5
f 7219/3/5 7186/3/5 7185/3/5
f 7219/3/5 7185/3/5 7184/3/5
f 7220/3/5 7186/3/5 7219/3/5
f 7221/4/5 7187/4/5 7186/4/5
f 7221/3/5 7186/3/5 7220/3/5
f 7221/4/5 7188/4/5 7187/4/5
f 7222/4/5 7188/4/5 7221/4/5
f 7223/4/5 7188/4/5 7222/4/5
f 7225/4/5 7191/4/5 7190/4/5
f 7225/4/5 7190/4/5 7189/4/5
f 7226/3/5 7193/3/5 7192/3/5
f 7226/4/5 7191/4/5 7225/4/5
f 7226/3/5 7192/3/5 7191/3/5
f 7227/3/5 7193/3/5 7226/3/5
f 7228/1/5 7194/1/5 7193/1/5
f 7228/3/5 7193/3/5 7227/3/5
f 7229/1/5 7194/1/5 7228/1/5
f 7230/1/5 7196/1/5 7195/1/5
f 7230/3/5 7197/3/5 7196/3/5
f 7230/3/5 7198/3/5 7197/3/5
f 7231/3/5 7198/3/5 7230/3/5
f 7232/4/5 7200/4/5 7199/4/5
f 7232/3/5 7198/3/5 7231/3/5
f 7232/4/5 7199/4/5 7198/4/5
f 7233/4/5 7200/4/5 7232/4/5
f 7234/4/5 7203/4/5 7202/4/5
f 7234/4/5 7202/4/5 7201/4/5
f 7235/3/5 7205/3/5 7204/3/5
f 7235/4/5 7203/4/5 7234/4/5
f 7235/3/5 7204/3/5 7203/3/5
f 7236/3/5 7205/3/5 7235/3/5
f 7237/1/5 7206/1/5 7205/1/5
f 7237/3/5 7205/3/5 7236/3/5
f 7238/1/5 7208/1/5 7207/1/5
f 7239/3/5 7209/3/5 7208/3/5
f 7239/1/5 7208/1/5 7238/1/5
f 7239/3/5 7210/3/5 7209/3/5
f 7240/3/5 7210/3/5 7239/3/5
f 7241/4/5 7212/4/5 7211/4/5
f 7241/3/5 7210/3/5 7240/3/5
f 7241/4/5 7211/4/5 7210/4/5
f 7242/4/5 7212/4/5 7241/4/5
f 7243/4/5 7215/4/5 7214/4/5
f 7243/4/5 7214/4/5 7213/4/5
f 7244/3/5 7217/3/5 7216/3/5
f 7244/4/5 7215/4/5 7243/4/5
f 7244/3/5 7216/3/5 7215/3/5
f 7245/3/5 7217/3/5 7244/3/5
f 7246/1/5 7218/1/5 7217/1/5
f 7246/3/5 7217/3/5 7245/3/5
f 7247/1/5 7220/1/5 7219/1/5
f 7248/3/5 7222/3/5 7221/3/5
f 7248/1/5 7220/1/5 7247/1/5
f 7248/3/5 7221/3/5 7220/3/5
f 7249/3/5 7222/3/5 7248/3/5
f 7250/4/5 7223/4/5 7222/4/5
f 7250/3/5 7222/3/5 7249/3/5
f 7250/4/5 7224/4/5 7223/4/5
f 7251/4/5 7224/4/5 7250/4/5
f 7253/4/5 7225/4/5 7189/4/5
f 7254/4/5 7225/4/5 7253/4/5
f 7255/3/5 7227/3/5 7226/3/5
f 7255/4/5 7225/4/5 7254/4/5
f 7255/3/5 7226/3/5 7225/3/5
f 7256/3/5 7227/3/5 7255/3/5
f 7257/1/5 7228/1/5 7227/1/5
f 7257/3/5 7227/3/5 7256/3/5
f 7258/3/5 7229/3/5 7228/3/5
f 7258/1/5 7228/1/5 7257/1/5
f 7259/1/5 7194/1/5 7229/1/5
f 7259/3/5 7229/3/5 7258/3/5
f 7260/1/5 7158/1/5 7194/1/5
f 7260/1/5 7194/1/5 7259/1/5
f 7261/1/5 7086/1/5 7122/1/5
f 7261/1/5 7158/1/5 7260/1/5
f 7261/3/5 7087/3/5 7086/3/5
f 7261/1/5 7122/1/5 7158/1/5
f 7262/1/5 7123/1/5 7087/1/5
f 7262/3/5 7087/3/5 7261/3/5
f 7262/1/5 7159/1/5 7123/1/5
f 7262/1/5 7195/1/5 7159/1/5
f 7262/1/5 7231/1/5 7230/1/5
f 7262/1/5 7230/1/5 7195/1/5
f 7263/1/5 7231/1/5 7262/1/5
f 7264/3/5 7233/3/5 7232/3/5
f 7264/1/5 7231/1/5 7263/1/5
f 7264/3/5 7232/3/5 7231/3/5
f 7265/3/5 7233/3/5 7264/3/5
f 7266/4/5 7200/4/5 7233/4/5
f 7266/3/5 7233/3/5 7265/3/5
f 7267/4/5 7200/4/5 7266/4/5
f 7268/4/5 7200/4/5 7267/4/5
f 7271/4/5 7234/4/5 7201/4/5
f 7272/4/5 7234/4/5 7271/4/5
f 7273/3/5 7235/3/5 7234/3/5
f 7273/4/5 7234/4/5 7272/4/5
f 7273/3/5 7236/3/5 7235/3/5
f 7274/3/5 7236/3/5 7273/3/5
f 7275/1/5 7237/1/5 7236/1/5
f 7275/3/5 7236/3/5 7274/3/5
f 7276/1/5 7098/1/5 7134/1/5
f 7276/1/5 7237/1/5 7275/1/5
f 7276/1/5 7170/1/5 7206/1/5
f 7276/1/5 7134/1/5 7170/1/5
f 7276/1/5 7206/1/5 7237/1/5
f 7277/3/5 7099/3/5 7098/3/5
f 7277/1/5 7098/1/5 7276/1/5
f 7278/1/5 7135/1/5 7099/1/5
f 7278/3/5 7099/3/5 7277/3/5
f 7278/1/5 7171/1/5 7135/1/5
f 7278/1/5 7207/1/5 7171/1/5
f 7278/1/5 7238/1/5 7207/1/5
f 7279/1/5 7238/1/5 7278/1/5
f 7280/3/5 7239/3/5 7238/3/5
f 7280/1/5 7238/1/5 7279/1/5
f 7281/1/5 7240/1/5 7239/1/5
f 7281/3/5 7239/3/5 7280/3/5
f 7282/3/5 7242/3/5 7241/3/5
f 7282/1/5 7240/1/5 7281/1/5
f 7282/3/5 7241/3/5 7240/3/5
f 7283/3/5 7242/3/5 7282/3/5
f 7284/4/5 7212/4/5 7242/4/5
f 7284/3/5 7242/3/5 7283/3/5
f 7285/4/5 7212/4/5 7284/4/5
f 7286/4/5 7212/4/5 7285/4/5
f 7289/4/5 7243/4/5 7213/4/5
f 7290/4/5 7243/4/5 7289/4/5
f 7291/3/5 7245/3/5 7244/3/5
f 7291/4/5 7243/4/5 7290/4/5
f 7291/3/5 7244/3/5 7243/3/5
f 7292/3/5 7245/3/5 7291/3/5
f 7293/1/5 7246/1/5 7245/1/5
f 7293/3/5 7245/3/5 7292/3/5
f 7294/1/5 7146/1/5 7182/1/5
f 7294/1/5 7246/1/5 7293/1/5
f 7294/1/5 7182/1/5 7218/1/5
f 7294/1/5 7110/1/5 7146/1/5
f 7294/1/5 7218/1/5 7246/1/5
f 7295/3/5 7111/3/5 7110/3/5
f 7295/1/5 7110/1/5 7294/1/5
f 7296/1/5 7147/1/5 7111/1/5
f 7296/3/5 7111/3/5 7295/3/5
f 7296/1/5 7183/1/5 7147/1/5
f 7296/1/5 7219/1/5 7183/1/5
f 7296/1/5 7247/1/5 7219/1/5
f 7297/1/5 7247/1/5 7296/1/5
f 7298/3/5 7248/3/5 7247/3/5
f 7298/1/5 7247/1/5 7297/1/5
f 7299/1/5 7249/1/5 7248/1/5
f 7299/3/5 7248/3/5 7298/3/5
f 7300/3/5 7251/3/5 7250/3/5
f 7300/1/5 7249/1/5 7299/1/5
f 7300/3/5 7250/3/5 7249/3/5
f 7301/3/5 7251/3/5 7300/3/5
f 7302/4/5 7224/4/5 7251/4/5
f 7302/3/5 7251/3/5 7301/3/5
f 7303/4/5 7224/4/5 7302/4/5
f 7304/4/5 7224/4/5 7303/4/5
f 7307/4/5 7254/4/5 7253/4/5
f 7307/4/5 7253/4/5 7252/4/5
f 7308/3/5 7255/3/5 7254/3/5
f 7308/3/5 7256/3/5 7255/3/5
f 7309/1/5 7259/1/5 7258/1/5
f 7309/3/5 7256/3/5 7308/3/5
f 7309/1/5 7258/1/5 7257/1/5
f 7309/1/5 7257/1/5 7256/1/5
f 7310/1/5 7265/1/5 7264/1/5
f 7310/3/5 7267/3/5 7266/3/5
f 7310/3/5 7266/3/5 7265/3/5
f 7310/1/5 7264/1/5 7263/1/5
f 7311/3/5 7267/3/5 7310/3/5
f 7312/4/5 7268/4/5 7267/4/5
f 7312/4/5 7269/4/5 7268/4/5
f 7315/4/5 7272/4/5 7271/4/5
f 7315/4/5 7271/4/5 7270/4/5
f 7316/3/5 7273/3/5 7272/3/5
f 7316/3/5 7274/3/5 7273/3/5
f 7317/1/5 7275/1/5 7274/1/5
f 7317/3/5 7274/3/5 7316/3/5
f 7317/1/5 7276/1/5 7275/1/5
f 7318/1/5 7283/1/5 7282/1/5
f 7318/3/5 7285/3/5 7284/3/5
f 7318/3/5 7284/3/5 7283/3/5
f 7318/1/5 7282/1/5 7281/1/5
f 7318/1/5 7281/1/5 7280/1/5
f 7319/3/5 7285/3/5 7318/3/5
f 7320/4/5 7286/4/5 7285/4/5
f 7320/4/5 7287/4/5 7286/4/5
f 7323/4/5 7290/4/5 7289/4/5
f 7323/4/5 7289/4/5 7288/4/5
f 7324/3/5 7291/3/5 7290/3/5
f 7324/3/5 7292/3/5 7291/3/5
f 7325/1/5 7293/1/5 7292/1/5
f 7325/3/5 7292/3/5 7324/3/5
f 7325/1/5 7294/1/5 7293/1/5
f 7326/1/5 7299/1/5 7298/1/5
f 7326/1/5 7300/1/5 7299/1/5
f 7326/1/5 7301/1/5 7300/1/5
f 7326/3/5 7302/3/5 7301/3/5
f 7326/3/5 7303/3/5 7302/3/5
f 7327/3/5 7303/3/5 7326/3/5
f 7328/4/5 7304/4/5 7303/4/5
f 7328/4/5 7305/4/5 7304/4/5
f 7330/4/5 7307/4/5 7306/4/5
f 7330/4/5 7254/4/5 7307/4/5
f 7331/3/5 7308/3/5 7254/3/5
f 7331/4/5 7254/4/5 7330/4/5
f 7332/3/5 7260/3/5 7259/3/5
f 7332/1/5 7259/1/5 7309/1/5
f 7332/1/5 7309/1/5 7308/1/5
f 7333/1/5 7261/1/5 7260/1/5
f 7333/3/5 7260/3/5 7332/3/5
f 7333/1/5 7262/1/5 7261/1/5
f 7334/1/5 7262/1/5 7333/1/5
f 7335/4/5 7313/4/5 7312/4/5
f 7335/3/5 7267/3/5 7311/3/5
f 7335/4/5 7312/4/5 7267/4/5
f 7336/4/5 7313/4/5 7335/4/5
f 7337/4/5 7315/4/5 7314/4/5
f 7337/4/5 7272/4/5 7315/4/5
f 7338/3/5 7316/3/5 7272/3/5
f 7338/4/5 7272/4/5 7337/4/5
f 7339/1/5 7279/1/5 7278/1/5
f 7339/1/5 7278/1/5 7277/1/5
f 7340/3/5 7280/3/5 7279/3/5
f 7340/1/5 7279/1/5 7339/1/5
f 7341/1/5 7319/1/5 7318/1/5
f 7341/3/5 7280/3/5 7340/3/5
f 7341/1/5 7318/1/5 7280/1/5
f 7342/3/5 7285/3/5 7319/3/5
f 7342/4/5 7321/4/5 7320/4/5
f 7342/4/5 7320/4/5 7285/4/5
f 7343/4/5 7321/4/5 7342/4/5
f 7344/4/5 7323/4/5 7322/4/5
f 7344/4/5 7290/4/5 7323/4/5
f 7345/3/5 7324/3/5 7290/3/5
f 7345/4/5 7290/4/5 7344/4/5
f 7346/1/5 7297/1/5 7296/1/5
f 7346/1/5 7296/1/5 7295/1/5
f 7347/3/5 7298/3/5 7297/3/5
f 7347/1/5 7297/1/5 7346/1/5
f 7348/1/5 7326/1/5 7298/1/5
f 7348/3/5 7298/3/5 7347/3/5
f 7348/1/5 7327/1/5 7326/1/5
f 7349/4/5 7328/4/5 7303/4/5
f 7349/3/5 7303/3/5 7327/3/5
f 7349/4/5 7329/4/5 7328/4/5
f 7350/4/5 7329/4/5 7349/4/5
f 7352/4/5 7330/4/5 7306/4/5
f 7353/3/5 7308/3/5 7331/3/5
f 7353/3/5 7331/3/5 7330/3/5
f 7354/1/5 7332/1/5 7308/1/5
f 7354/3/5 7308/3/5 7353/3/5
f 7354/1/5 7333/1/5 7332/1/5
f 7355/3/5 7334/3/5 7333/3/5
f 7355/1/5 7333/1/5 7354/1/5
f 7356/1/5 7262/1/5 7334/1/5
f 7356/3/5 7334/3/5 7355/3/5
f 7357/1/5 7262/1/5 7356/1/5
f 7358/4/5 7313/4/5 7336/4/5
f 7361/4/5 7337/4/5 7314/4/5
f 7362/1/5 7339/1/5 7277/1/5
f 7363/3/5 7340/3/5 7339/3/5
f 7363/1/5 7339/1/5 7362/1/5
f 7364/1/5 7341/1/5 7340/1/5
f 7364/3/5 7340/3/5 7363/3/5
f 7365/1/5 7319/1/5 7341/1/5
f 7365/1/5 7341/1/5 7364/1/5
f 7365/3/5 7342/3/5 7319/3/5
f 7365/3/5 7343/3/5 7342/3/5
f 7366/3/5 7343/3/5 7365/3/5
f 7367/4/5 7321/4/5 7343/4/5
f 7370/4/5 7344/4/5 7322/4/5
f 7371/1/5 7346/1/5 7295/1/5
f 7372/3/5 7347/3/5 7346/3/5
f 7372/1/5 7346/1/5 7371/1/5
f 7373/1/5 7348/1/5 7347/1/5
f 7373/3/5 7347/3/5 7372/3/5
f 7374/1/5 7327/1/5 7348/1/5
f 7374/1/5 7348/1/5 7373/1/5
f 7374/3/5 7349/3/5 7327/3/5
f 7374/3/5 7350/3/5 7349/3/5
f 7375/3/5 7350/3/5 7374/3/5
f 7376/4/5 7329/4/5 7350/4/5
f 7378/4/5 7352/4/5 7351/4/5
f 7378/4/5 7330/4/5 7352/4/5
f 7379/3/5 7353/3/5 7330/3/5
f 7379/4/5 7330/4/5 7378/4/5
f 7380/1/5 7355/1/5 7354/1/5
f 7380/1/5 7354/1/5 7353/1/5
f 7380/1/5 7356/1/5 7355/1/5
f 7380/3/5 7357/3/5 7356/3/5
f 7381/1/5 7262/1/5 7357/1/5
f 7381/3/5 7357/3/5 7380/3/5
f 7382/1/5 7262/1/5 7381/1/5
f 7383/1/5 7310/1/5 7263/1/5
f 7383/1/5 7311/1/5 7310/1/5
f 7384/3/5 7335/3/5 7311/3/5
f 7384/1/5 7311/1/5 7383/1/5
f 7384/3/5 7336/3/5 7335/3/5
f 7385/4/5 7359/4/5 7358/4/5
f 7385/3/5 7336/3/5 7384/3/5
f 7385/4/5 7358/4/5 7336/4/5
f 7386/4/5 7359/4/5 7385/4/5
f 7387/4/5 7361/4/5 7360/4/5
f 7387/4/5 7337/4/5 7361/4/5
f 7388/3/5 7338/3/5 7337/3/5
f 7388/4/5 7337/4/5 7387/4/5
f 7389/1/5 7317/1/5 7316/1/5
f 7389/3/5 7338/3/5 7388/3/5
f 7389/3/5 7316/3/5 7338/3/5
f 7390/1/5 7276/1/5 7317/1/5
f 7390/1/5 7317/1/5 7389/1/5
f 7391/1/5 7362/1/5 7277/1/5
f 7392/3/5 7363/3/5 7362/3/5
f 7392/1/5 7362/1/5 7391/1/5
f 7393/1/5 7364/1/5 7363/1/5
f 7393/3/5 7363/3/5 7392/3/5
f 7393/1/5 7366/1/5 7365/1/5
f 7393/1/5 7365/1/5 7364/1/5
f 7394/4/5 7368/4/5 7367/4/5
f 7394/3/5 7343/3/5 7366/3/5
f 7394/4/5 7367/4/5 7343/4/5
f 7395/4/5 7368/4/5 7394/4/5
f 7396/4/5 7370/4/5 7369/4/5
f 7396/4/5 7344/4/5 7370/4/5
f 7397/3/5 7345/3/5 7344/3/5
f 7397/4/5 7344/4/5 7396/4/5
f 7398/3/5 7324/3/5 7345/3/5
f 7398/3/5 7345/3/5 7397/3/5
f 7398/1/5 7325/1/5 7324/1/5
f 7399/1/5 7294/1/5 7325/1/5
f 7399/1/5 7325/1/5 7398/1/5
f 7400/1/5 7371/1/5 7295/1/5
f 7401/3/5 7372/3/5 7371/3/5
f 7401/1/5 7371/1/5 7400/1/5
f 7402/1/5 7373/1/5 7372/1/5
f 7402/3/5 7372/3/5 7401/3/5
f 7402/1/5 7375/1/5 7374/1/5
f 7402/1/5 7374/1/5 7373/1/5
f 7403/4/5 7376/4/5 7350/4/5
f 7403/4/5 7377/4/5 7376/4/5
f 7403/3/5 7350/3/5 7375/3/5
f 7404/4/5 7377/4/5 7403/4/5
f 7405/3/5 7353/3/5 7379/3/5
f 7405/3/5 7379/3/5 7378/3/5
f 7406/1/5 7380/1/5 7353/1/5
f 7406/3/5 7353/3/5 7405/3/5
f 7406/1/5 7381/1/5 7380/1/5
f 7407/3/5 7382/3/5 7381/3/5
f 7407/1/5 7381/1/5 7406/1/5
f 7408/1/5 7262/1/5 7382/1/5
f 7408/3/5 7382/3/5 7407/3/5
f 7409/1/5 7262/1/5 7408/1/5
f 7410/3/5 7263/3/5 7262/3/5
f 7410/1/5 7262/1/5 7409/1/5
f 7411/1/5 7383/1/5 7263/1/5
f 7411/3/5 7263/3/5 7410/3/5
f 7412/1/5 7383/1/5 7411/1/5
f 7413/3/5 7384/3/5 7383/3/5
f 7413/1/5 7383/1/5 7412/1/5
f 7414/1/5 7385/1/5 7384/1/5
f 7414/3/5 7384/3/5 7413/3/5
f 7415/3/5 7390/3/5 7389/3/5
f 7415/1/5 7389/1/5 7388/1/5
f 7416/1/5 7276/1/5 7390/1/5
f 7416/3/5 7390/3/5 7415/3/5
f 7417/1/5 7276/1/5 7416/1/5
f 7418/3/5 7277/3/5 7276/3/5
f 7418/1/5 7276/1/5 7417/1/5
f 7419/1/5 7391/1/5 7277/1/5
f 7419/3/5 7277/3/5 7418/3/5
f 7420/1/5 7391/1/5 7419/1/5
f 7421/3/5 7392/3/5 7391/3/5
f 7421/1/5 7391/1/5 7420/1/5
f 7422/1/5 7393/1/5 7392/1/5
f 7422/3/5 7392/3/5 7421/3/5
f 7423/1/5 7366/1/5 7393/1/5
f 7423/1/5 7393/1/5 7422/1/5
f 7423/3/5 7394/3/5 7366/3/5
f 7423/3/5 7395/3/5 7394/3/5
f 7424/3/5 7395/3/5 7423/3/5
f 7425/1/5 7398/1/5 7397/1/5
f 7425/3/5 7399/3/5 7398/3/5
f 7426/1/5 7294/1/5 7399/1/5
f 7426/3/5 7399/3/5 7425/3/5
f 7427/1/5 7294/1/5 7426/1/5
f 7428/3/5 7295/3/5 7294/3/5
f 7428/1/5 7294/1/5 7427/1/5
f 7429/1/5 7400/1/5 7295/1/5
f 7429/3/5 7295/3/5 7428/3/5
f 7430/1/5 7400/1/5 7429/1/5
f 7431/3/5 7401/3/5 7400/3/5
f 7431/1/5 7400/1/5 7430/1/5
f 7432/1/5 7402/1/5 7401/1/5
f 7432/3/5 7401/3/5 7431/3/5
f 7433/1/5 7375/1/5 7402/1/5
f 7433/1/5 7402/1/5 7432/1/5
f 7433/3/5 7404/3/5 7403/3/5
f 7433/3/5 7403/3/5 7375/3/5
f 7434/3/5 7404/3/5 7433/3/5
f 7435/4/5 7378/4/5 7351/4/5
f 7436/3/5 7405/3/5 7378/3/5
f 7436/4/5 7378/4/5 7435/4/5
f 7437/1/5 7407/1/5 7406/1/5
f 7437/1/5 7406/1/5 7405/1/5
f 7437/3/5 7409/3/5 7408/3/5
f 7437/1/5 7408/1/5 7407/1/5
f 7438/1/5 7412/1/5 7411/1/5
f 7438/3/5 7409/3/5 7437/3/5
f 7438/1/5 7410/1/5 7409/1/5
f 7438/1/5 7411/1/5 7410/1/5
f 7439/1/5 7412/1/5 7438/1/5
f 7440/3/5 7413/3/5 7412/3/5
f 7440/1/5 7412/1/5 7439/1/5
f 7441/1/5 7414/1/5 7413/1/5
f 7441/3/5 7413/3/5 7440/3/5
f 7442/4/5 7359/4/5 7386/4/5
f 7442/3/5 7386/3/5 7385/3/5
f 7443/4/5 7359/4/5 7442/4/5
f 7444/4/5 7387/4/5 7360/4/5
f 7445/3/5 7388/3/5 7387/3/5
f 7445/4/5 7387/4/5 7444/4/5
f 7446/3/5 7417/3/5 7416/3/5
f 7446/1/5 7416/1/5 7415/1/5
f 7447/1/5 7420/1/5 7419/1/5
f 7447/3/5 7417/3/5 7446/3/5
f 7447/1/5 7418/1/5 7417/1/5
f 7447/1/5 7419/1/5 7418/1/5
f 7448/1/5 7420/1/5 7447/1/5
f 7449/3/5 7421/3/5 7420/3/5
f 7449/1/5 7420/1/5 7448/1/5
f 7450/1/5 7422/1/5 7421/1/5
f 7450/3/5 7421/3/5 7449/3/5
f 7450/1/5 7424/1/5 7423/1/5
f 7450/1/5 7423/1/5 7422/1/5
f 7451/4/5 7368/4/5 7395/4/5
f 7451/3/5 7395/3/5 7424/3/5
f 7452/4/5 7368/4/5 7451/4/5
f 7453/4/5 7396/4/5 7369/4/5
f 7454/3/5 7397/3/5 7396/3/5
f 7454/4/5 7396/4/5 7453/4/5
f 7455/3/5 7427/3/5 7426/3/5
f 7455/1/5 7426/1/5 7425/1/5
f 7456/1/5 7430/1/5 7429/1/5
f 7456/3/5 7427/3/5 7455/3/5
f 7456/1/5 7428/1/5 7427/1/5
f 7456/1/5 7429/1/5 7428/1/5
f 7457/1/5 7430/1/5 7456/1/5
f 7458/3/5 7431/3/5 7430/3/5
f 7458/1/5 7430/1/5 7457/1/5
f 7459/1/5 7432/1/5 7431/1/5
f 7459/3/5 7431/3/5 7458/3/5
f 7459/1/5 7434/1/5 7433/1/5
f 7459/1/5 7433/1/5 7432/1/5
f 7460/3/5 7404/3/5 7434/3/5
f 7460/4/5 7377/4/5 7404/4/5
f 7461/4/5 7377/4/5 7460/4/5
f 7463/4/5 7435/4/5 7351/4/5
f 7464/1/5 7439/1/5 7438/1/5
f 7464/1/5 7438/1/5 7437/1/5
f 7465/3/5 7440/3/5 7439/3/5
f 7465/1/5 7439/1/5 7464/1/5
f 7466/1/5 7441/1/5 7440/1/5
f 7466/3/5 7440/3/5 7465/3/5
f 7467/1/5 7385/1/5 7414/1/5
f 7467/1/5 7441/1/5 7466/1/5
f 7467/3/5 7443/3/5 7442/3/5
f 7467/3/5 7442/3/5 7385/3/5
f 7467/1/5 7414/1/5 7441/1/5
f 7468/3/5 7443/3/5 7467/3/5
f 7469/4/5 7359/4/5 7443/4/5
f 7470/4/5 7444/4/5 7360/4/5
f 7471/3/5 7388/3/5 7445/3/5
f 7471/3/5 7445/3/5 7444/3/5
f 7472/1/5 7446/1/5 7415/1/5
f 7472/3/5 7388/3/5 7471/3/5
f 7472/1/5 7415/1/5 7388/1/5
f 7472/1/5 7447/1/5 7446/1/5
f 7473/3/5 7448/3/5 7447/3/5
f 7473/1/5 7447/1/5 7472/1/5
f 7474/1/5 7449/1/5 7448/1/5
f 7474/3/5 7448/3/5 7473/3/5
f 7474/1/5 7450/1/5 7449/1/5
f 7475/1/5 7450/1/5 7474/1/5
f 7476/4/5 7368/4/5 7452/4/5
f 7477/4/5 7453/4/5 7369/4/5
f 7478/3/5 7397/3/5 7454/3/5
f 7478/3/5 7454/3/5 7453/3/5
f 7479/1/5 7455/1/5 7425/1/5
f 7479/3/5 7397/3/5 7478/3/5
f 7479/1/5 7425/1/5 7397/1/5
f 7479/1/5 7456/1/5 7455/1/5
f 7480/3/5 7457/3/5 7456/3/5
f 7480/1/5 7456/1/5 7479/1/5
f 7481/1/5 7458/1/5 7457/1/5
f 7481/3/5 7457/3/5 7480/3/5
f 7481/1/5 7459/1/5 7458/1/5
f 7482/1/5 7459/1/5 7481/1/5
f 7483/4/5 7377/4/5 7461/4/5
f 7485/3/5 7405/3/5 7436/3/5
f 7485/3/5 7436/3/5 7435/3/5
f 7486/1/5 7437/1/5 7405/1/5
f 7486/3/5 7405/3/5 7485/3/5
f 7486/1/5 7464/1/5 7437/1/5
f 7487/1/5 7464/1/5 7486/1/5
f 7488/1/5 7464/1/5 7487/1/5
f 7489/1/5 7464/1/5 7488/1/5
f 7490/3/5 7465/3/5 7464/3/5
f 7490/1/5 7464/1/5 7489/1/5
f 7491/1/5 7466/1/5 7465/1/5
f 7491/3/5 7465/3/5 7490/3/5
f 7491/1/5 7467/1/5 7466/1/5
f 7491/1/5 7468/1/5 7467/1/5
f 7492/1/5 7473/1/5 7472/1/5
f 7492/1/5 7472/1/5 7471/1/5
f 7492/1/5 7474/1/5 7473/1/5
f 7492/3/5 7475/3/5 7474/3/5
f 7493/1/5 7450/1/5 7475/1/5
f 7493/3/5 7475/3/5 7492/3/5
f 7494/1/5 7450/1/5 7493/1/5
f 7495/1/5 7450/1/5 7494/1/5
f 7496/1/5 7424/1/5 7450/1/5
f 7496/1/5 7450/1/5 7495/1/5
f 7497/3/5 7452/3/5 7451/3/5
f 7497/1/5 7424/1/5 7496/1/5
f 7497/3/5 7451/3/5 7424/3/5
f 7498/3/5 7452/3/5 7497/3/5
f 7499/1/5 7480/1/5 7479/1/5
f 7499/1/5 7479/1/5 7478/1/5
f 7499/1/5 7481/1/5 7480/1/5
f 7499/3/5 7482/3/5 7481/3/5
f 7500/1/5 7459/1/5 7482/1/5
f 7500/3/5 7482/3/5 7499/3/5
f 7501/1/5 7459/1/5 7500/1/5
f 7502/1/5 7459/1/5 7501/1/5
f 7503/1/5 7434/1/5 7459/1/5
f 7503/1/5 7459/1/5 7502/1/5
f 7504/3/5 7461/3/5 7460/3/5
f 7504/1/5 7434/1/5 7503/1/5
f 7504/3/5 7460/3/5 7434/3/5
f 7505/3/5 7461/3/5 7504/3/5
f 7506/1/5 7487/1/5 7486/1/5
f 7506/1/5 7486/1/5 7485/1/5
f 7507/3/5 7488/3/5 7487/3/5
f 7507/1/5 7487/1/5 7506/1/5
f 7508/1/5 7489/1/5 7488/1/5
f 7508/3/5 7488/3/5 7507/3/5
f 7509/3/5 7490/3/5 7489/3/5
f 7509/1/5 7489/1/5 7508/1/5
f 7510/1/5 7491/1/5 7490/1/5
f 7510/3/5 7490/3/5 7509/3/5
f 7511/3/5 7494/3/5 7493/3/5
f 7511/1/5 7493/1/5 7492/1/5
f 7512/1/5 7495/1/5 7494/1/5
f 7512/3/5 7494/3/5 7511/3/5
f 7513/3/5 7496/3/5 7495/3/5
f 7513/1/5 7495/1/5 7512/1/5
f 7514/1/5 7498/1/5 7497/1/5
f 7514/3/5 7496/3/5 7513/3/5
f 7514/1/5 7497/1/5 7496/1/5
f 7515/1/5 7498/1/5 7514/1/5
f 7516/3/5 7501/3/5 7500/3/5
f 7516/1/5 7500/1/5 7499/1/5
f 7517/1/5 7502/1/5 7501/1/5
f 7517/3/5 7501/3/5 7516/3/5
f 7518/3/5 7503/3/5 7502/3/5
f 7518/1/5 7502/1/5 7517/1/5
f 7519/1/5 7504/1/5 7503/1/5
f 7519/3/5 7503/3/5 7518/3/5
f 7519/1/5 7505/1/5 7504/1/5
f 7520/1/5 7505/1/5 7519/1/5
f 7521/1/5 7506/1/5 7485/1/5
f 7522/3/5 7507/3/5 7506/3/5
f 7522/1/5 7506/1/5 7521/1/5
f 7523/1/5 7509/1/5 7508/1/5
f 7523/3/5 7507/3/5 7522/3/5
f 7523/1/5 7508/1/5 7507/1/5
f 7523/1/5 7510/1/5 7509/1/5
f 7524/1/5 7512/1/5 7511/1/5
f 7524/1/5 7513/1/5 7512/1/5
f 7524/1/5 7514/1/5 7513/1/5
f 7524/3/5 7515/3/5 7514/3/5
f 7525/1/5 7498/1/5 7515/1/5
f 7525/3/5 7515/3/5 7524/3/5
f 7526/1/5 7498/1/5 7525/1/5
f 7527/3/5 7520/3/5 7519/3/5
f 7527/1/5 7518/1/5 7517/1/5
f 7527/1/5 7517/1/5 7516/1/5
f 7527/1/5 7519/1/5 7518/1/5
f 7528/1/5 7505/1/5 7520/1/5
f 7528/3/5 7520/3/5 7527/3/5
f 7529/1/5 7505/1/5 7528/1/5
f 7530/1/5 7521/1/5 7485/1/5
f 7531/3/5 7522/3/5 7521/3/5
f 7531/1/5 7521/1/5 7530/1/5
f 7532/1/5 7523/1/5 7522/1/5
f 7532/3/5 7522/3/5 7531/3/5
f 7533/1/5 7510/1/5 7523/1/5
f 7533/1/5 7523/1/5 7532/1/5
f 7534/1/5 7510/1/5 7533/1/5
f 7535/1/5 7525/1/5 7524/1/5
f 7535/1/5 7524/1/5 7511/1/5
f 7536/1/5 7525/1/5 7535/1/5
f 7537/3/5 7526/3/5 7525/3/5
f 7537/1/5 7525/1/5 7536/1/5
f 7538/1/5 7498/1/5 7526/1/5
f 7538/3/5 7526/3/5 7537/3/5
f 7539/1/5 7498/1/5 7538/1/5
f 7540/1/5 7527/1/5 7516/1/5
f 7540/1/5 7528/1/5 7527/1/5
f 7541/1/5 7528/1/5 7540/1/5
f 7542/3/5 7529/3/5 7528/3/5
f 7542/1/5 7528/1/5 7541/1/5
f 7543/1/5 7505/1/5 7529/1/5
f 7543/3/5 7529/3/5 7542/3/5
f 7544/1/5 7505/1/5 7543/1/5
f 7545/1/5 7530/1/5 7485/1/5
f 7546/3/5 7531/3/5 7530/3/5
f 7546/1/5 7530/1/5 7545/1/5
f 7547/1/5 7532/1/5 7531/1/5
f 7547/3/5 7531/3/5 7546/3/5
f 7547/1/5 7533/1/5 7532/1/5
f 7548/1/5 7533/1/5 7547/1/5
f 7549/1/5 7533/1/5 7548/1/5
f 7550/3/5 7534/3/5 7533/3/5
f 7550/1/5 7533/1/5 7549/1/5
f 7551/1/5 7510/1/5 7534/1/5
f 7551/3/5 7534/3/5 7550/3/5
f 7552/1/5 7491/1/5 7510/1/5
f 7552/1/5 7510/1/5 7551/1/5
f 7553/1/5 7511/1/5 7492/1/5
f 7553/1/5 7535/1/5 7511/1/5
f 7554/3/5 7536/3/5 7535/3/5
f 7554/1/5 7535/1/5 7553/1/5
f 7555/1/5 7537/1/5 7536/1/5
f 7555/3/5 7536/3/5 7554/3/5
f 7555/1/5 7538/1/5 7537/1/5
f 7556/1/5 7538/1/5 7555/1/5
f 7557/1/5 7538/1/5 7556/1/5
f 7558/3/5 7539/3/5 7538/3/5
f 7558/1/5 7538/1/5 7557/1/5
f 7559/1/5 7498/1/5 7539/1/5
f 7559/3/5 7539/3/5 7558/3/5
f 7560/1/5 7498/1/5 7559/1/5
f 7561/1/5 7516/1/5 7499/1/5
f 7561/1/5 7540/1/5 7516/1/5
f 7562/3/5 7541/3/5 7540/3/5
f 7562/1/5 7540/1/5 7561/1/5
f 7563/1/5 7542/1/5 7541/1/5
f 7563/3/5 7541/3/5 7562/3/5
f 7563/1/5 7543/1/5 7542/1/5
f 7564/1/5 7543/1/5 7563/1/5
f 7565/1/5 7543/1/5 7564/1/5
f 7566/3/5 7544/3/5 7543/3/5
f 7566/1/5 7543/1/5 7565/1/5
f 7567/1/5 7505/1/5 7544/1/5
f 7567/3/5 7544/3/5 7566/3/5
f 7568/1/5 7505/1/5 7567/1/5
f 7569/1/5 7545/1/5 7485/1/5
f 7570/3/5 7546/3/5 7545/3/5
f 7570/1/5 7545/1/5 7569/1/5
f 7571/1/5 7548/1/5 7547/1/5
f 7571/3/5 7546/3/5 7570/3/5
f 7571/1/5 7547/1/5 7546/1/5
f 7572/1/5 7548/1/5 7571/1/5
f 7573/3/5 7549/3/5 7548/3/5
f 7573/1/5 7548/1/5 7572/1/5
f 7574/1/5 7551/1/5 7550/1/5
f 7574/3/5 7549/3/5 7573/3/5
f 7574/1/5 7550/1/5 7549/1/5
f 7575/3/5 7552/3/5 7551/3/5
f 7575/1/5 7551/1/5 7574/1/5
f 7576/1/5 7491/1/5 7552/1/5
f 7576/3/5 7552/3/5 7575/3/5
f 7577/1/5 7491/1/5 7576/1/5
f 7578/1/5 7553/1/5 7492/1/5
f 7579/3/5 7554/3/5 7553/3/5
f 7579/1/5 7553/1/5 7578/1/5
f 7580/1/5 7555/1/5 7554/1/5
f 7580/3/5 7554/3/5 7579/3/5
f 7580/1/5 7556/1/5 7555/1/5
f 7581/3/5 7557/3/5 7556/3/5
f 7581/1/5 7556/1/5 7580/1/5
f 7582/1/5 7558/1/5 7557/1/5
f 7582/3/5 7557/3/5 7581/3/5
f 7582/1/5 7559/1/5 7558/1/5
f 7583/1/5 7559/1/5 7582/1/5
f 7584/3/5 7560/3/5 7559/3/5
f 7584/1/5 7559/1/5 7583/1/5
f 7585/1/5 7498/1/5 7560/1/5
f 7585/3/5 7560/3/5 7584/3/5
f 7586/1/5 7498/1/5 7585/1/5
f 7587/1/5 7561/1/5 7499/1/5
f 7588/3/5 7562/3/5 7561/3/5
f 7588/1/5 7561/1/5 7587/1/5
f 7589/1/5 7563/1/5 7562/1/5
f 7589/3/5 7562/3/5 7588/3/5
f 7589/1/5 7564/1/5 7563/1/5
f 7590/3/5 7565/3/5 7564/3/5
f 7590/1/5 7564/1/5 7589/1/5
f 7591/1/5 7566/1/5 7565/1/5
f 7591/3/5 7565/3/5 7590/3/5
f 7591/1/5 7567/1/5 7566/1/5
f 7592/1/5 7567/1/5 7591/1/5
f 7593/3/5 7568/3/5 7567/3/5
f 7593/1/5 7567/1/5 7592/1/5
f 7594/1/5 7505/1/5 7568/1/5
f 7594/3/5 7568/3/5 7593/3/5
f 7595/1/5 7505/1/5 7594/1/5
f 7596/1/5 7569/1/5 7485/1/5
f 7596/3/5 7485/3/5 7435/3/5
f 7597/3/5 7570/3/5 7569/3/5
f 7597/1/5 7569/1/5 7596/1/5
f 7598/1/5 7571/1/5 7570/1/5
f 7598/3/5 7570/3/5 7597/3/5
f 7598/1/5 7572/1/5 7571/1/5
f 7599/1/5 7575/1/5 7574/1/5
f 7599/1/5 7574/1/5 7573/1/5
f 7599/1/5 7576/1/5 7575/1/5
f 7599/3/5 7577/3/5 7576/3/5
f 7600/1/5 7491/1/5 7577/1/5
f 7600/3/5 7577/3/5 7599/3/5
f 7601/1/5 7468/1/5 7491/1/5
f 7601/1/5 7491/1/5 7600/1/5
f 7602/1/5 7578/1/5 7492/1/5
f 7602/1/5 7492/1/5 7471/1/5
f 7603/3/5 7579/3/5 7578/3/5
f 7603/1/5 7578/1/5 7602/1/5
f 7604/1/5 7581/1/5 7580/1/5
f 7604/3/5 7579/3/5 7603/3/5
f 7604/1/5 7580/1/5 7579/1/5
f 7604/1/5 7582/1/5 7581/1/5
f 7605/1/5 7584/1/5 7583/1/5
f 7605/1/5 7585/1/5 7584/1/5
f 7605/3/5 7586/3/5 7585/3/5
f 7606/1/5 7498/1/5 7586/1/5
f 7606/3/5 7586/3/5 7605/3/5
f 7607/3/5 7452/3/5 7498/3/5
f 7607/1/5 7498/1/5 7606/1/5
f 7608/1/5 7499/1/5 7478/1/5
f 7608/1/5 7587/1/5 7499/1/5
f 7609/3/5 7588/3/5 7587/3/5
f 7609/1/5 7587/1/5 7608/1/5
f 7610/1/5 7590/1/5 7589/1/5
f 7610/3/5 7588/3/5 7609/3/5
f 7610/1/5 7589/1/5 7588/1/5
f 7610/1/5 7591/1/5 7590/1/5
f 7611/3/5 7595/3/5 7594/3/5
f 7611/1/5 7593/1/5 7592/1/5
f 7611/1/5 7594/1/5 7593/1/5
f 7612/1/5 7505/1/5 7595/1/5
f 7612/3/5 7595/3/5 7611/3/5
f 7613/3/5 7461/3/5 7505/3/5
f 7613/1/5 7505/1/5 7612/1/5
f 7614/4/5 7463/4/5 7462/4/5
f 7615/4/5 7435/4/5 7463/4/5
f 7615/4/5 7463/4/5 7614/4/5
f 7616/3/5 7597/3/5 7596/3/5
f 7617/1/5 7598/1/5 7597/1/5
f 7617/3/5 7597/3/5 7616/3/5
f 7618/1/5 7572/1/5 7598/1/5
f 7618/1/5 7598/1/5 7617/1/5
f 7619/3/5 7573/3/5 7572/3/5
f 7619/1/5 7572/1/5 7618/1/5
f 7620/1/5 7600/1/5 7599/1/5
f 7620/3/5 7573/3/5 7619/3/5
f 7620/1/5 7599/1/5 7573/1/5
f 7621/4/5 7470/4/5 7469/4/5
f 7621/4/5 7469/4/5 7443/4/5
f 7622/4/5 7444/4/5 7470/4/5
f 7622/4/5 7470/4/5 7621/4/5
f 7623/1/5 7582/1/5 7604/1/5
f 7623/1/5 7604/1/5 7603/1/5
f 7623/3/5 7583/3/5 7582/3/5
f 7624/1/5 7606/1/5 7605/1/5
f 7624/3/5 7583/3/5 7623/3/5
f 7624/1/5 7605/1/5 7583/1/5
f 7625/1/5 7606/1/5 7624/1/5
f 7626/3/5 7607/3/5 7606/3/5
f 7626/1/5 7606/1/5 7625/1/5
f 7627/3/5 7607/3/5 7626/3/5
f 7628/4/5 7477/4/5 7476/4/5
f 7628/4/5 7476/4/5 7452/4/5
f 7629/4/5 7453/4/5 7477/4/5
f 7629/4/5 7477/4/5 7628/4/5
f 7630/1/5 7591/1/5 7610/1/5
f 7630/1/5 7610/1/5 7609/1/5
f 7630/3/5 7592/3/5 7591/3/5
f 7631/1/5 7611/1/5 7592/1/5
f 7631/3/5 7592/3/5 7630/3/5
f 7631/1/5 7612/1/5 7611/1/5
f 7632/1/5 7612/1/5 7631/1/5
f 7633/3/5 7613/3/5 7612/3/5
f 7633/1/5 7612/1/5 7632/1/5
f 7634/3/5 7613/3/5 7633/3/5
f 7635/4/5 7483/4/5 7461/4/5
f 7635/4/5 7484/4/5 7483/4/5
f 7636/4/5 7484/4/5 7635/4/5
f 7637/4/5 7435/4/5 7615/4/5
f 7637/3/5 7616/3/5 7596/3/5
f 7637/3/5 7596/3/5 7435/3/5
f 7638/3/5 7616/3/5 7637/3/5
f 7639/1/5 7600/1/5 7620/1/5
f 7639/1/5 7620/1/5 7619/1/5
f 7639/3/5 7601/3/5 7600/3/5
f 7640/1/5 7468/1/5 7601/1/5
f 7640/3/5 7601/3/5 7639/3/5
f 7641/1/5 7468/1/5 7640/1/5
f 7642/1/5 7468/1/5 7641/1/5
f 7643/3/5 7443/3/5 7468/3/5
f 7643/1/5 7468/1/5 7642/1/5
f 7644/4/5 7621/4/5 7443/4/5
f 7644/3/5 7443/3/5 7643/3/5
f 7645/3/5 7471/3/5 7444/3/5
f 7645/4/5 7444/4/5 7622/4/5
f 7646/1/5 7602/1/5 7471/1/5
f 7646/3/5 7471/3/5 7645/3/5
f 7647/1/5 7602/1/5 7646/1/5
f 7648/1/5 7602/1/5 7647/1/5
f 7649/3/5 7603/3/5 7602/3/5
f 7649/1/5 7602/1/5 7648/1/5
f 7650/1/5 7623/1/5 7603/1/5
f 7650/3/5 7603/3/5 7649/3/5
f 7650/1/5 7624/1/5 7623/1/5
f 7651/3/5 7607/3/5 7627/3/5
f 7651/3/5 7452/3/5 7607/3/5
f 7652/4/5 7628/4/5 7452/4/5
f 7652/3/5 7452/3/5 7651/3/5
f 7653/3/5 7478/3/5 7453/3/5
f 7653/4/5 7453/4/5 7629/4/5
f 7654/1/5 7608/1/5 7478/1/5
f 7654/3/5 7478/3/5 7653/3/5
f 7655/1/5 7608/1/5 7654/1/5
f 7656/1/5 7608/1/5 7655/1/5
f 7657/3/5 7609/3/5 7608/3/5
f 7657/1/5 7608/1/5 7656/1/5
f 7658/1/5 7630/1/5 7609/1/5
f 7658/3/5 7609/3/5 7657/3/5
f 7658/1/5 7631/1/5 7630/1/5
f 7659/3/5 7613/3/5 7634/3/5
f 7659/3/5 7461/3/5 7613/3/5
f 7660/4/5 7635/4/5 7461/4/5
f 7660/3/5 7461/3/5 7659/3/5
f 7661/1/5 7617/1/5 7616/1/5
f 7661/3/5 7616/3/5 7638/3/5
f 7661/1/5 7618/1/5 7617/1/5
f 7662/1/5 7618/1/5 7661/1/5
f 7663/1/5 7618/1/5 7662/1/5
f 7664/3/5 7619/3/5 7618/3/5
f 7664/1/5 7618/1/5 7663/1/5
f 7665/1/5 7639/1/5 7619/1/5
f 7665/3/5 7619/3/5 7664/3/5
f 7665/1/5 7640/1/5 7639/1/5
f 7666/3/5 7641/3/5 7640/3/5
f 7666/1/5 7640/1/5 7665/1/5
f 7667/1/5 7642/1/5 7641/1/5
f 7667/3/5 7641/3/5 7666/3/5
f 7668/1/5 7642/1/5 7667/1/5
f 7669/1/5 7648/1/5 7647/1/5
f 7670/3/5 7649/3/5 7648/3/5
f 7670/1/5 7648/1/5 7669/1/5
f 7671/1/5 7650/1/5 7649/1/5
f 7671/3/5 7649/3/5 7670/3/5
f 7672/1/5 7624/1/5 7650/1/5
f 7672/1/5 7650/1/5 7671/1/5
f 7672/3/5 7625/3/5 7624/3/5
f 7673/1/5 7627/1/5 7626/1/5
f 7673/3/5 7625/3/5 7672/3/5
f 7673/1/5 7626/1/5 7625/1/5
f 7674/1/5 7627/1/5 7673/1/5
f 7675/1/5 7627/1/5 7674/1/5
f 7676/3/5 7651/3/5 7627/3/5
f 7676/1/5 7627/1/5 7675/1/5
f 7677/1/5 7656/1/5 7655/1/5
f 7678/3/5 7657/3/5 7656/3/5
f 7678/1/5 7656/1/5 7677/1/5
f 7679/1/5 7658/1/5 7657/1/5
f 7679/3/5 7657/3/5 7678/3/5
f 7680/1/5 7631/1/5 7658/1/5
f 7680/1/5 7658/1/5 7679/1/5
f 7680/3/5 7632/3/5 7631/3/5
f 7681/1/5 7634/1/5 7633/1/5
f 7681/3/5 7632/3/5 7680/3/5
f 7681/1/5 7633/1/5 7632/1/5
f 7682/1/5 7634/1/5 7681/1/5
f 7683/1/5 7634/1/5 7682/1/5
f 7684/3/5 7659/3/5 7634/3/5
f 7684/1/5 7634/1/5 7683/1/5
f 7685/4/5 7638/4/5 7637/4/5
f 7685/3/5 7662/3/5 7661/3/5
f 7685/3/5 7661/3/5 7638/3/5
f 7686/3/5 7662/3/5 7685/3/5
f 7687/1/5 7666/1/5 7665/1/5
f 7687/1/5 7667/1/5 7666/1/5
f 7687/3/5 7668/3/5 7667/3/5
f 7687/1/5 7665/1/5 7664/1/5
f 7688/1/5 7642/1/5 7668/1/5
f 7688/3/5 7668/3/5 7687/3/5
f 7689/1/5 7642/1/5 7688/1/5
f 7690/3/5 7643/3/5 7642/3/5
f 7690/1/5 7642/1/5 7689/1/5
f 7691/4/5 7644/4/5 7643/4/5
f 7691/3/5 7643/3/5 7690/3/5
f 7692/3/5 7647/3/5 7646/3/5
f 7692/4/5 7646/4/5 7645/4/5
f 7693/1/5 7669/1/5 7647/1/5
f 7693/3/5 7647/3/5 7692/3/5
f 7694/1/5 7669/1/5 7693/1/5
f 7695/3/5 7670/3/5 7669/3/5
f 7695/1/5 7669/1/5 7694/1/5
f 7696/1/5 7671/1/5 7670/1/5
f 7696/3/5 7670/3/5 7695/3/5
f 7696/1/5 7672/1/5 7671/1/5
f 7696/1/5 7673/1/5 7672/1/5
f 7697/3/5 7651/3/5 7676/3/5
f 7697/3/5 7676/3/5 7675/3/5
f 7698/4/5 7652/4/5 7651/4/5
f 7698/3/5 7651/3/5 7697/3/5
f 7699/4/5 7654/4/5 7653/4/5
f 7699/3/5 7655/3/5 7654/3/5
f 7700/1/5 7677/1/5 7655/1/5
f 7700/3/5 7655/3/5 7699/3/5
f 7701/1/5 7677/1/5 7700/1/5
f 7702/3/5 7678/3/5 7677/3/5
f 7702/1/5 7677/1/5 7701/1/5
f 7703/1/5 7679/1/5 7678/1/5
f 7703/3/5 7678/3/5 7702/3/5
f 7703/1/5 7680/1/5 7679/1/5
f 7703/1/5 7681/1/5 7680/1/5
f 7704/3/5 7659/3/5 7684/3/5
f 7704/3/5 7684/3/5 7683/3/5
f 7705/4/5 7660/4/5 7659/4/5
f 7705/3/5 7659/3/5 7704/3/5
f 7706/4/5 7637/4/5 7615/4/5
f 7706/4/5 7686/4/5 7685/4/5
f 7706/4/5 7685/4/5 7637/4/5
f 7707/4/5 7686/4/5 7706/4/5
f 7708/1/5 7663/1/5 7662/1/5
f 7708/3/5 7662/3/5 7686/3/5
f 7709/1/5 7663/1/5 7708/1/5
f 7710/1/5 7663/1/5 7709/1/5
f 7711/3/5 7664/3/5 7663/3/5
f 7711/1/5 7663/1/5 7710/1/5
f 7712/1/5 7687/1/5 7664/1/5
f 7712/3/5 7664/3/5 7711/3/5
f 7712/1/5 7688/1/5 7687/1/5
f 7713/1/5 7690/1/5 7689/1/5
f 7714/4/5 7691/4/5 7690/4/5
f 7714/1/5 7690/1/5 7713/1/5
f 7715/4/5 7621/4/5 7644/4/5
f 7715/4/5 7691/4/5 7714/4/5
f 7715/4/5 7644/4/5 7691/4/5
f 7716/4/5 7621/4/5 7715/4/5
f 7717/4/5 7692/4/5 7645/4/5
f 7717/4/5 7693/4/5 7692/4/5
f 7717/4/5 7645/4/5 7622/4/5
f 7718/4/5 7693/4/5 7717/4/5
f 7719/1/5 7694/1/5 7693/1/5
f 7719/4/5 7693/4/5 7718/4/5
f 7720/1/5 7694/1/5 7719/1/5
f 7721/1/5 7673/1/5 7696/1/5
f 7721/3/5 7674/3/5 7673/3/5
f 7721/1/5 7696/1/5 7695/1/5
f 7722/1/5 7675/1/5 7674/1/5
f 7722/3/5 7674/3/5 7721/3/5
f 7723/1/5 7675/1/5 7722/1/5
f 7724/1/5 7675/1/5 7723/1/5
f 7725/3/5 7697/3/5 7675/3/5
f 7725/1/5 7675/1/5 7724/1/5
f 7726/4/5 7628/4/5 7652/4/5
f 7726/4/5 7652/4/5 7698/4/5
f 7726/4/5 7698/4/5 7697/4/5
f 7727/4/5 7628/4/5 7726/4/5
f 7728/4/5 7699/4/5 7653/4/5
f 7728/4/5 7700/4/5 7699/4/5
f 7728/4/5 7653/4/5 7629/4/5
f 7729/4/5 7700/4/5 7728/4/5
f 7730/1/5 7701/1/5 7700/1/5
f 7730/4/5 7700/4/5 7729/4/5
f 7731/1/5 7701/1/5 7730/1/5
f 7732/1/5 7681/1/5 7703/1/5
f 7732/3/5 7682/3/5 7681/3/5
f 7732/1/5 7703/1/5 7702/1/5
f 7733/1/5 7683/1/5 7682/1/5
f 7733/3/5 7682/3/5 7732/3/5
f 7734/1/5 7683/1/5 7733/1/5
f 7735/1/5 7683/1/5 7734/1/5
f 7736/3/5 7704/3/5 7683/3/5
f 7736/1/5 7683/1/5 7735/1/5
f 7737/4/5 7635/4/5 7660/4/5
f 7737/4/5 7660/4/5 7705/4/5
f 7737/4/5 7705/4/5 7704/4/5
f 7738/4/5 7635/4/5 7737/4/5
f 7739/4/5 7686/4/5 7707/4/5
f 7739/3/5 7708/3/5 7686/3/5
f 7739/3/5 7709/3/5 7708/3/5
f 7740/3/5 7709/3/5 7739/3/5
f 7741/1/5 7710/1/5 7709/1/5
f 7741/3/5 7709/3/5 7740/3/5
f 7742/1/5 7710/1/5 7741/1/5
f 7743/1/5 7688/1/5 7712/1/5
f 7743/1/5 7712/1/5 7711/1/5
f 7743/3/5 7689/3/5 7688/3/5
f 7744/1/5 7713/1/5 7689/1/5
f 7744/3/5 7689/3/5 7743/3/5
f 7745/1/5 7713/1/5 7744/1/5
f 7746/3/5 7714/3/5 7713/3/5
f 7746/1/5 7713/1/5 7745/1/5
f 7747/4/5 7715/4/5 7714/4/5
f 7747/3/5 7714/3/5 7746/3/5
f 7748/3/5 7720/3/5 7719/3/5
f 7748/4/5 7719/4/5 7718/4/5
f 7749/1/5 7694/1/5 7720/1/5
f 7749/3/5 7720/3/5 7748/3/5
f 7750/1/5 7694/1/5 7749/1/5
f 7751/3/5 7695/3/5 7694/3/5
f 7751/1/5 7694/1/5 7750/1/5
f 7752/1/5 7721/1/5 7695/1/5
f 7752/3/5 7695/3/5 7751/3/5
f 7752/1/5 7722/1/5 7721/1/5
f 7753/1/5 7724/1/5 7723/1/5
f 7754/3/5 7725/3/5 7724/3/5
f 7754/1/5 7724/1/5 7753/1/5
f 7755/3/5 7697/3/5 7725/3/5
f 7755/3/5 7725/3/5 7754/3/5
f 7756/4/5 7726/4/5 7697/4/5
f 7756/3/5 7697/3/5 7755/3/5
f 7757/3/5 7731/3/5 7730/3/5
f 7757/4/5 7730/4/5 7729/4/5
f 7758/1/5 7701/1/5 7731/1/5
f 7758/3/5 7731/3/5 7757/3/5
f 7759/1/5 7701/1/5 7758/1/5
f 7760/3/5 7702/3/5 7701/3/5
f 7760/1/5 7701/1/5 7759/1/5
f 7761/1/5 7733/1/5 7732/1/5
f 7761/3/5 7702/3/5 7760/3/5
f 7761/1/5 7732/1/5 7702/1/5
f 7762/1/5 7735/1/5 7734/1/5
f 7763/3/5 7736/3/5 7735/3/5
f 7763/1/5 7735/1/5 7762/1/5
f 7764/3/5 7704/3/5 7736/3/5
f 7764/3/5 7736/3/5 7763/3/5
f 7765/4/5 7737/4/5 7704/4/5
f 7765/3/5 7704/3/5 7764/3/5
f 7766/4/5 7740/4/5 7739/4/5
f 7766/4/5 7739/4/5 7707/4/5
f 7767/4/5 7740/4/5 7766/4/5
f 7768/1/5 7710/1/5 7742/1/5
f 7768/3/5 7742/3/5 7741/3/5
f 7768/3/5 7741/3/5 7740/3/5
f 7769/1/5 7710/1/5 7768/1/5
f 7770/1/5 7710/1/5 7769/1/5
f 7771/3/5 7711/3/5 7710/3/5
f 7771/1/5 7710/1/5 7770/1/5
f 7772/1/5 7743/1/5 7711/1/5
f 7772/3/5 7711/3/5 7771/3/5
f 7772/1/5 7744/1/5 7743/1/5
f 7773/3/5 7745/3/5 7744/3/5
f 7773/1/5 7744/1/5 7772/1/5
f 7774/1/5 7746/1/5 7745/1/5
f 7774/3/5 7745/3/5 7773/3/5
f 7775/4/5 7747/4/5 7746/4/5
f 7775/1/5 7746/1/5 7774/1/5
f 7776/4/5 7715/4/5 7747/4/5
f 7776/4/5 7747/4/5 7775/4/5
f 7777/4/5 7715/4/5 7776/4/5
f 7778/4/5 7748/4/5 7718/4/5
f 7778/4/5 7749/4/5 7748/4/5
f 7779/4/5 7749/4/5 7778/4/5
f 7780/1/5 7750/1/5 7749/1/5
f 7780/4/5 7749/4/5 7779/4/5
f 7781/3/5 7751/3/5 7750/3/5
f 7781/1/5 7750/1/5 7780/1/5
f 7782/1/5 7752/1/5 7751/1/5
f 7782/3/5 7751/3/5 7781/3/5
f 7783/1/5 7722/1/5 7752/1/5
f 7783/1/5 7752/1/5 7782/1/5
f 7783/3/5 7723/3/5 7722/3/5
f 7784/1/5 7753/1/5 7723/1/5
f 7784/3/5 7723/3/5 7783/3/5
f 7785/1/5 7753/1/5 7784/1/5
f 7786/1/5 7753/1/5 7785/1/5
f 7787/3/5 7754/3/5 7753/3/5
f 7787/1/5 7753/1/5 7786/1/5
f 7787/3/5 7755/3/5 7754/3/5
f 7788/4/5 7726/4/5 7756/4/5
f 7788/4/5 7756/4/5 7755/4/5
f 7789/4/5 7726/4/5 7788/4/5
f 7790/4/5 7758/4/5 7757/4/5
f 7790/4/5 7757/4/5 7729/4/5
f 7791/4/5 7758/4/5 7790/4/5
f 7792/1/5 7759/1/5 7758/1/5
f 7792/4/5 7758/4/5 7791/4/5
f 7793/3/5 7760/3/5 7759/3/5
f 7793/1/5 7759/1/5 7792/1/5
f 7794/1/5 7761/1/5 7760/1/5
f 7794/3/5 7760/3/5 7793/3/5
f 7795/1/5 7733/1/5 7761/1/5
f 7795/1/5 7761/1/5 7794/1/5
f 7795/3/5 7734/3/5 7733/3/5
f 7796/1/5 7762/1/5 7734/1/5
f 7796/3/5 7734/3/5 7795/3/5
f 7797/1/5 7762/1/5 7796/1/5
f 7798/1/5 7762/1/5 7797/1/5
f 7799/3/5 7763/3/5 7762/3/5
f 7799/1/5 7762/1/5 7798/1/5
f 7799/3/5 7764/3/5 7763/3/5
f 7800/4/5 7737/4/5 7765/4/5
f 7800/4/5 7765/4/5 7764/4/5
f 7801/4/5 7737/4/5 7800/4/5
f 7802/4/5 7740/4/5 7767/4/5
f 7803/4/5 7740/4/5 7802/4/5
f 7804/3/5 7768/3/5 7740/3/5
f 7804/4/5 7740/4/5 7803/4/5
f 7804/3/5 7769/3/5 7768/3/5
f 7805/3/5 7769/3/5 7804/3/5
f 7806/1/5 7770/1/5 7769/1/5
f 7806/3/5 7769/3/5 7805/3/5
f 7807/1/5 7770/1/5 7806/1/5
f 7808/1/5 7772/1/5 7771/1/5
f 7808/1/5 7773/1/5 7772/1/5
f 7808/1/5 7774/1/5 7773/1/5
f 7809/3/5 7775/3/5 7774/3/5
f 7809/1/5 7774/1/5 7808/1/5
f 7810/3/5 7775/3/5 7809/3/5
f 7811/4/5 7776/4/5 7775/4/5
f 7811/3/5 7775/3/5 7810/3/5
f 7812/4/5 7776/4/5 7811/4/5
f 7813/4/5 7776/4/5 7812/4/5
f 7814/4/5 7780/4/5 7779/4/5
f 7815/4/5 7780/4/5 7814/4/5
f 7816/3/5 7781/3/5 7780/3/5
f 7816/4/5 7780/4/5 7815/4/5
f 7817/3/5 7781/3/5 7816/3/5
f 7818/1/5 7782/1/5 7781/1/5
f 7818/3/5 7781/3/5 7817/3/5
f 7818/1/5 7784/1/5 7783/1/5
f 7818/1/5 7783/1/5 7782/1/5
f 7819/1/5 7784/1/5 7818/1/5
f 7820/1/5 7786/1/5 7785/1/5
f 7821/3/5 7787/3/5 7786/3/5
f 7821/1/5 7786/1/5 7820/1/5
f 7822/3/5 7755/3/5 7787/3/5
f 7822/3/5 7787/3/5 7821/3/5
f 7823/4/5 7788/4/5 7755/4/5
f 7823/3/5 7755/3/5 7822/3/5
f 7824/4/5 7788/4/5 7823/4/5
f 7825/4/5 7788/4/5 7824/4/5
f 7826/4/5 7792/4/5 7791/4/5
f 7827/4/5 7792/4/5 7826/4/5
f 7828/3/5 7793/3/5 7792/3/5
f 7828/4/5 7792/4/5 7827/4/5
f 7829/3/5 7793/3/5 7828/3/5
f 7830/1/5 7796/1/5 7795/1/5
f 7830/3/5 7793/3/5 7829/3/5
f 7830/1/5 7794/1/5 7793/1/5
f 7830/1/5 7795/1/5 7794/1/5
f 7831/1/5 7796/1/5 7830/1/5
f 7832/1/5 7798/1/5 7797/1/5
f 7833/3/5 7799/3/5 7798/3/5
f 7833/1/5 7798/1/5 7832/1/5
f 7834/3/5 7764/3/5 7799/3/5
f 7834/3/5 7799/3/5 7833/3/5
f 7835/4/5 7800/4/5 7764/4/5
f 7835/3/5 7764/3/5 7834/3/5
f 7836/4/5 7800/4/5 7835/4/5
f 7837/4/5 7800/4/5 7836/4/5
f 7838/3/5 7807/3/5 7806/3/5
f 7838/4/5 7805/4/5 7804/4/5
f 7838/3/5 7806/3/5 7805/3/5
f 7838/4/5 7804/4/5 7803/4/5
f 7839/3/5 7807/3/5 7838/3/5
f 7840/3/5 7810/3/5 7809/3/5
f 7840/3/5 7809/3/5 7808/3/5
f 7841/4/5 7811/4/5 7810/4/5
f 7841/3/5 7810/3/5 7840/3/5
f 7841/4/5 7812/4/5 7811/4/5
f 7842/4/5 7817/4/5 7816/4/5
f 7842/4/5 7816/4/5 7815/4/5
f 7842/3/5 7819/3/5 7818/3/5
f 7842/3/5 7818/3/5 7817/3/5
f 7843/3/5 7819/3/5 7842/3/5
f 7844/3/5 7822/3/5 7821/3/5
f 7844/3/5 7821/3/5 7820/3/5
f 7845/4/5 7824/4/5 7823/4/5
f 7845/3/5 7822/3/5 7844/3/5
f 7845/4/5 7823/4/5 7822/4/5
f 7846/4/5 7829/4/5 7828/4/5
f 7846/4/5 7828/4/5 7827/4/5
f 7846/3/5 7831/3/5 7830/3/5
f 7846/3/5 7830/3/5 7829/3/5
f 7847/3/5 7831/3/5 7846/3/5
f 7848/3/5 7834/3/5 7833/3/5
f 7848/3/5 7833/3/5 7832/3/5
f 7849/4/5 7836/4/5 7835/4/5
f 7849/3/5 7834/3/5 7848/3/5
f 7849/4/5 7835/4/5 7834/4/5
f 7850/4/5 7839/4/5 7838/4/5
f 7850/4/5 7838/4/5 7803/4/5
f 7851/4/5 7839/4/5 7850/4/5
f 7852/3/5 7807/3/5 7839/3/5
f 7852/4/5 7839/4/5 7851/4/5
f 7853/3/5 7807/3/5 7852/3/5
f 7854/1/5 7770/1/5 7807/1/5
f 7854/3/5 7807/3/5 7853/3/5
f 7855/3/5 7771/3/5 7770/3/5
f 7855/1/5 7770/1/5 7854/1/5
f 7856/1/5 7808/1/5 7771/1/5
f 7856/3/5 7771/3/5 7855/3/5
f 7857/1/5 7808/1/5 7856/1/5
f 7858/1/5 7808/1/5 7857/1/5
f 7859/3/5 7840/3/5 7808/3/5
f 7859/1/5 7808/1/5 7858/1/5
f 7860/4/5 7841/4/5 7840/4/5
f 7860/3/5 7840/3/5 7859/3/5
f 7861/4/5 7812/4/5 7841/4/5
f 7861/4/5 7841/4/5 7860/4/5
f 7862/4/5 7812/4/5 7861/4/5
f 7863/4/5 7843/4/5 7842/4/5
f 7863/4/5 7842/4/5 7815/4/5
f 7864/4/5 7843/4/5 7863/4/5
f 7865/3/5 7819/3/5 7843/3/5
f 7865/4/5 7843/4/5 7864/4/5
f 7866/1/5 7784/1/5 7819/1/5
f 7866/3/5 7819/3/5 7865/3/5
f 7867/1/5 7784/1/5 7866/1/5
f 7868/1/5 7784/1/5 7867/1/5
f 7869/3/5 7785/3/5 7784/3/5
f 7869/1/5 7784/1/5 7868/1/5
f 7870/1/5 7820/1/5 7785/1/5
f 7870/3/5 7785/3/5 7869/3/5
f 7871/3/5 7844/3/5 7820/3/5
f 7871/1/5 7820/1/5 7870/1/5
f 7872/3/5 7844/3/5 7871/3/5
f 7873/4/5 7845/4/5 7844/4/5
f 7873/3/5 7844/3/5 7872/3/5
f 7874/4/5 7824/4/5 7845/4/5
f 7874/4/5 7845/4/5 7873/4/5
f 7875/4/5 7824/4/5 7874/4/5
f 7876/4/5 7847/4/5 7846/4/5
f 7876/4/5 7846/4/5 7827/4/5
f 7877/4/5 7847/4/5 7876/4/5
f 7878/3/5 7831/3/5 7847/3/5
f 7878/4/5 7847/4/5 7877/4/5
f 7879/1/5 7796/1/5 7831/1/5
f 7879/3/5 7831/3/5 7878/3/5
f 7880/1/5 7796/1/5 7879/1/5
f 7881/1/5 7796/1/5 7880/1/5
f 7882/3/5 7797/3/5 7796/3/5
f 7882/1/5 7796/1/5 7881/1/5
f 7883/1/5 7832/1/5 7797/1/5
f 7883/3/5 7797/3/5 7882/3/5
f 7884/3/5 7848/3/5 7832/3/5
f 7884/1/5 7832/1/5 7883/1/5
f 7885/3/5 7848/3/5 7884/3/5
f 7886/4/5 7849/4/5 7848/4/5
f 7886/3/5 7848/3/5 7885/3/5
f 7887/4/5 7836/4/5 7849/4/5
f 7887/4/5 7849/4/5 7886/4/5
f 7888/4/5 7836/4/5 7887/4/5
f 7889/4/5 7853/4/5 7852/4/5
f 7889/4/5 7852/4/5 7851/4/5
f 7890/4/5 7853/4/5 7889/4/5
f 7891/3/5 7855/3/5 7854/3/5
f 7891/4/5 7853/4/5 7890/4/5
f 7891/3/5 7854/3/5 7853/3/5
f 7891/3/5 7856/3/5 7855/3/5
f 7891/3/5 7857/3/5 7856/3/5
f 7892/3/5 7857/3/5 7891/3/5
f 7893/1/5 7858/1/5 7857/1/5
f 7893/3/5 7857/3/5 7892/3/5
f 7894/1/5 7858/1/5 7893/1/5
f 7895/1/5 7858/1/5 7894/1/5
f 7896/3/5 7859/3/5 7858/3/5
f 7896/1/5 7858/1/5 7895/1/5
f 7897/4/5 7860/4/5 7859/4/5
f 7897/3/5 7859/3/5 7896/3/5
f 7897/4/5 7861/4/5 7860/4/5
f 7898/4/5 7861/4/5 7897/4/5
f 7899/4/5 7861/4/5 7898/4/5
f 7900/4/5 7865/4/5 7864/4/5
f 7900/4/5 7866/4/5 7865/4/5
f 7901/4/5 7866/4/5 7900/4/5
f 7902/3/5 7867/3/5 7866/3/5
f 7902/4/5 7866/4/5 7901/4/5
f 7903/1/5 7868/1/5 7867/1/5
f 7903/3/5 7867/3/5 7902/3/5
f 7904/1/5 7868/1/5 7903/1/5
f 7905/1/5 7868/1/5 7904/1/5
f 7906/3/5 7872/3/5 7871/3/5
f 7906/1/5 7868/1/5 7905/1/5
f 7906/3/5 7870/3/5 7869/3/5
f 7906/3/5 7869/3/5 7868/3/5
f 7906/3/5 7871/3/5 7870/3/5
f 7907/3/5 7872/3/5 7906/3/5
f 7908/4/5 7873/4/5 7872/4/5
f 7908/3/5 7872/3/5 7907/3/5
f 7908/4/5 7874/4/5 7873/4/5
f 7909/4/5 7874/4/5 7908/4/5
f 7910/4/5 7874/4/5 7909/4/5
f 7911/4/5 7878/4/5 7877/4/5
f 7911/4/5 7879/4/5 7878/4/5
f 7912/4/5 7879/4/5 7911/4/5
f 7913/3/5 7880/3/5 7879/3/5
f 7913/4/5 7879/4/5 7912/4/5
f 7914/1/5 7881/1/5 7880/1/5
f 7914/3/5 7880/3/5 7913/3/5
f 7915/1/5 7881/1/5 7914/1/5
f 7916/1/5 7881/1/5 7915/1/5
f 7917/3/5 7884/3/5 7883/3/5
f 7917/1/5 7881/1/5 7916/1/5
f 7917/3/5 7883/3/5 7882/3/5
f 7917/3/5 7882/3/5 7881/3/5
f 7917/3/5 7885/3/5 7884/3/5
f 7918/3/5 7885/3/5 7917/3/5
f 7919/4/5 7887/4/5 7886/4/5
f 7919/3/5 7885/3/5 7918/3/5
f 7919/4/5 7886/4/5 7885/4/5
f 7920/4/5 7887/4/5 7919/4/5
f 7921/4/5 7887/4/5 7920/4/5
f 7922/4/5 7892/4/5 7891/4/5
f 7922/4/5 7891/4/5 7890/4/5
f 7923/4/5 7892/4/5 7922/4/5
f 7924/3/5 7894/3/5 7893/3/5
f 7924/4/5 7892/4/5 7923/4/5
f 7924/3/5 7893/3/5 7892/3/5
f 7925/3/5 7894/3/5 7924/3/5
f 7926/1/5 7895/1/5 7894/1/5
f 7926/3/5 7894/3/5 7925/3/5
f 7927/1/5 7895/1/5 7926/1/5
f 7928/1/5 7895/1/5 7927/1/5
f 7929/3/5 7896/3/5 7895/3/5
f 7929/1/5 7895/1/5 7928/1/5
f 7930/3/5 7896/3/5 7929/3/5
f 7931/4/5 7897/4/5 7896/4/5
f 7931/3/5 7896/3/5 7930/3/5
f 7931/4/5 7898/4/5 7897/4/5
f 7932/4/5 7898/4/5 7931/4/5
f 7933/4/5 7898/4/5 7932/4/5
f 7934/4/5 7902/4/5 7901/4/5
f 7934/4/5 7903/4/5 7902/4/5
f 7935/4/5 7903/4/5 7934/4/5
f 7936/3/5 7904/3/5 7903/3/5
f 7936/4/5 7903/4/5 7935/4/5
f 7937/3/5 7904/3/5 7936/3/5
f 7938/1/5 7905/1/5 7904/1/5
f 7938/3/5 7904/3/5 7937/3/5
f 7939/1/5 7905/1/5 7938/1/5
f 7940/1/5 7905/1/5 7939/1/5
f 7941/3/5 7907/3/5 7906/3/5
f 7941/1/5 7905/1/5 7940/1/5
f 7941/3/5 7906/3/5 7905/3/5
f 7942/3/5 7907/3/5 7941/3/5
f 7943/4/5 7908/4/5 7907/4/5
f 7943/3/5 7907/3/5 7942/3/5
f 7943/4/5 7909/4/5 7908/4/5
f 7944/4/5 7909/4/5 7943/4/5
f 7945/4/5 7909/4/5 7944/4/5
f 7946/4/5 7913/4/5 7912/4/5
f 7946/4/5 7914/4/5 7913/4/5
f 7947/4/5 7914/4/5 7946/4/5
f 7948/3/5 7915/3/5 7914/3/5
f 7948/4/5 7914/4/5 7947/4/5
f 7949/3/5 7915/3/5 7948/3/5
f 7950/1/5 7916/1/5 7915/1/5
f 7950/3/5 7915/3/5 7949/3/5
f 7951/1/5 7916/1/5 7950/1/5
f 7952/1/5 7916/1/5 7951/1/5
f 7953/3/5 7918/3/5 7917/3/5
f 7953/1/5 7916/1/5 7952/1/5
f 7953/3/5 7917/3/5 7916/3/5
f 7954/3/5 7918/3/5 7953/3/5
f 7955/4/5 7920/4/5 7919/4/5
f 7955/3/5 7918/3/5 7954/3/5
f 7955/4/5 7919/4/5 7918/4/5
f 7956/4/5 7920/4/5 7955/4/5
f 7957/4/5 7920/4/5 7956/4/5
f 7958/4/5 7925/4/5 7924/4/5
f 7958/4/5 7924/4/5 7923/4/5
f 7959/4/5 7925/4/5 7958/4/5
f 7960/3/5 7926/3/5 7925/3/5
f 7960/4/5 7925/4/5 7959/4/5
f 7960/3/5 7927/3/5 7926/3/5
f 7961/3/5 7927/3/5 7960/3/5
f 7962/1/5 7928/1/5 7927/1/5
f 7962/3/5 7927/3/5 7961/3/5
f 7963/3/5 7930/3/5 7929/3/5
f 7963/1/5 7928/1/5 7962/1/5
f 7963/3/5 7929/3/5 7928/3/5
f 7964/3/5 7930/3/5 7963/3/5
f 7965/4/5 7932/4/5 7931/4/5
f 7965/3/5 7930/3/5 7964/3/5
f 7965/4/5 7931/4/5 7930/4/5
f 7966/4/5 7932/4/5 7965/4/5
f 7967/4/5 7932/4/5 7966/4/5
f 7968/4/5 7937/4/5 7936/4/5
f 7968/4/5 7936/4/5 7935/4/5
f 7969/4/5 7937/4/5 7968/4/5
f 7970/3/5 7939/3/5 7938/3/5
f 7970/4/5 7937/4/5 7969/4/5
f 7970/3/5 7938/3/5 7937/3/5
f 7971/3/5 7939/3/5 7970/3/5
f 7972/1/5 7940/1/5 7939/1/5
f 7972/3/5 7939/3/5 7971/3/5
f 7973/3/5 7942/3/5 7941/3/5
f 7973/1/5 7940/1/5 7972/1/5
f 7973/3/5 7941/3/5 7940/3/5
f 7974/3/5 7942/3/5 7973/3/5
f 7975/4/5 7944/4/5 7943/4/5
f 7975/3/5 7942/3/5 7974/3/5
f 7975/4/5 7943/4/5 7942/4/5
f 7976/4/5 7944/4/5 7975/4/5
f 7977/4/5 7944/4/5 7976/4/5
f 7978/4/5 7949/4/5 7948/4/5
f 7978/4/5 7948/4/5 7947/4/5
f 7979/4/5 7949/4/5 7978/4/5
f 7980/3/5 7950/3/5 7949/3/5
f 7980/4/5 7949/4/5 7979/4/5
f 7980/3/5 7951/3/5 7950/3/5
f 7981/3/5 7951/3/5 7980/3/5
f 7982/1/5 7952/1/5 7951/1/5
f 7982/3/5 7951/3/5 7981/3/5
f 7983/3/5 7954/3/5 7953/3/5
f 7983/1/5 7952/1/5 7982/1/5
f 7983/3/5 7953/3/5 7952/3/5
f 7984/3/5 7954/3/5 7983/3/5
f 7985/4/5 7956/4/5 7955/4/5
f 7985/3/5 7954/3/5 7984/3/5
f 7985/4/5 7955/4/5 7954/4/5
f 7986/4/5 7956/4/5 7985/4/5
f 7987/4/5 7956/4/5 7986/4/5
f 7988/4/5 7961/4/5 7960/4/5
f 7988/4/5 7960/4/5 7959/4/5
f 7989/4/5 7961/4/5 7988/4/5
f 7990/3/5 7962/3/5 7961/3/5
f 7990/4/5 7961/4/5 7989/4/5
f 7990/3/5 7964/3/5 7963/3/5
f 7990/3/5 7963/3/5 7962/3/5
f 7991/4/5 7965/4/5 7964/4/5
f 7991/3/5 7964/3/5 7990/3/5
f 7991/4/5 7966/4/5 7965/4/5
f 7992/4/5 7966/4/5 7991/4/5
f 7993/4/5 7966/4/5 7992/4/5
f 7994/4/5 7971/4/5 7970/4/5
f 7994/4/5 7970/4/5 7969/4/5
f 7995/4/5 7971/4/5 7994/4/5
f 7996/3/5 7972/3/5 7971/3/5
f 7996/4/5 7971/4/5 7995/4/5
f 7996/3/5 7974/3/5 7973/3/5
f 7996/3/5 7973/3/5 7972/3/5
f 7997/4/5 7975/4/5 7974/4/5
f 7997/3/5 7974/3/5 7996/3/5
f 7997/4/5 7976/4/5 7975/4/5
f 7998/4/5 7976/4/5 7997/4/5
f 7999/4/5 7976/4/5 7998/4/5
f 8000/4/5 7981/4/5 7980/4/5
f 8000/4/5 7980/4/5 7979/4/5
f 8001/4/5 7981/4/5 8000/4/5
f 8002/3/5 7982/3/5 7981/3/5
f 8002/4/5 7981/4/5 8001/4/5
f 8002/3/5 7984/3/5 7983/3/5
f 8002/3/5 7983/3/5 7982/3/5
f 8003/4/5 7986/4/5 7985/4/5
f 8003/3/5 7984/3/5 8002/3/5
f 8003/4/5 7985/4/5 7984/4/5
f 8004/4/5 7986/4/5 8003/4/5
f 8005/4/5 7986/4/5 8004/4/5
f 8006/4/5 7990/4/5 7989/4/5
f 8006/4/5 7991/4/5 7990/4/5
f 8006/4/5 7992/4/5 7991/4/5
f 8007/4/5 7992/4/5 8006/4/5
f 8008/4/5 7992/4/5 8007/4/5
f 8009/4/5 7992/4/5 8008/4/5
f 8010/4/5 7997/4/5 7996/4/5
f 8010/4/5 7998/4/5 7997/4/5
f 8010/4/5 7996/4/5 7995/4/5
f 8011/4/5 7998/4/5 8010/4/5
f 8012/4/5 7998/4/5 8011/4/5
f 8013/4/5 7998/4/5 8012/4/5
f 8014/4/5 8004/4/5 8003/4/5
f 8014/4/5 8003/4/5 8002/4/5
f 8014/4/5 8002/4/5 8001/4/5
f 8015/4/5 8004/4/5 8014/4/5
f 8016/4/5 8004/4/5 8015/4/5
f 8017/4/5 8004/4/5 8016/4/5
f 8018/4/5 8008/4/5 8007/4/5
f 8019/4/5 8008/4/5 8018/4/5
f 8020/4/5 8008/4/5 8019/4/5
f 8021/4/5 8008/4/5 8020/4/5
f 8022/4/5 8012/4/5 8011/4/5
f 8023/4/5 8012/4/5 8022/4/5
f 8024/4/5 8012/4/5 8023/4/5
f 8025/4/5 8012/4/5 8024/4/5
f 8026/4/5 8016/4/5 8015/4/5
f 8027/4/5 8016/4/5 8026/4/5
f 8028/4/5 8016/4/5 8027/4/5
f 8029/4/5 8016/4/5 8028/4/5
f 8031/4/5 8020/4/5 8019/4/5
f 8032/4/5 8020/4/5 8031/4/5
f 8035/4/5 8024/4/5 8023/4/5
f 8036/4/5 8024/4/5 8035/4/5
f 8039/4/5 8028/4/5 8027/4/5
f 8040/4/5 8028/4/5 8039/4/5
f 8043/4/5 8033/4/5 8032/4/5
f 8043/4/5 8031/4/5 8030/4/5
f 8043/4/5 8032/4/5 8031/4/5
f 8044/4/5 8033/4/5 8043/4/5
f 8047/4/5 8037/4/5 8036/4/5
f 8047/4/5 8035/4/5 8034/4/5
f 8047/4/5 8036/4/5 8035/4/5
f 8048/4/5 8037/4/5 8047/4/5
f 8051/4/5 8041/4/5 8040/4/5
f 8051/4/5 8040/4/5 8039/4/5
f 8051/4/5 8039/4/5 8038/4/5
f 8052/4/5 8041/4/5 8051/4/5
f 8055/4/5 8045/4/5 8044/4/5
f 8055/4/5 8044/4/5 8043/4/5
f 8055/4/5 8043/4/5 8042/4/5
f 8056/4/5 8045/4/5 8055/4/5
f 8057/4/5 8045/4/5 8056/4/5
f 8058/4/5 8045/4/5 8057/4/5
f 8061/4/5 8049/4/5 8048/4/5
f 8061/4/5 8048/4/5 8047/4/5
f 8061/4/5 8047/4/5 8046/4/5
f 8062/4/5 8049/4/5 8061/4/5
f 8063/4/5 8049/4/5 8062/4/5
f 8064/4/5 8049/4/5 8063/4/5
f 8067/4/5 8052/4/5 8051/4/5
f 8067/4/5 8053/4/5 8052/4/5
f 8067/4/5 8051/4/5 8050/4/5
f 8068/4/5 8053/4/5 8067/4/5
f 8069/4/5 8053/4/5 8068/4/5
f 8070/4/5 8053/4/5 8069/4/5
f 8073/4/5 8055/4/5 8054/4/5
f 8073/4/5 8056/4/5 8055/4/5
f 8074/4/5 8056/4/5 8073/4/5
f 8075/3/5 8057/3/5 8056/3/5
f 8075/4/5 8056/4/5 8074/4/5
f 8076/3/5 8057/3/5 8075/3/5
f 8077/3/5 8057/3/5 8076/3/5
f 8078/4/5 8059/4/5 8058/4/5
f 8078/3/5 8057/3/5 8077/3/5
f 8078/4/5 8058/4/5 8057/4/5
f 8079/4/5 8059/4/5 8078/4/5
f 8080/4/5 8059/4/5 8079/4/5
f 8083/4/5 8061/4/5 8060/4/5
f 8083/4/5 8062/4/5 8061/4/5
f 8084/4/5 8062/4/5 8083/4/5
f 8085/3/5 8063/3/5 8062/3/5
f 8085/4/5 8062/4/5 8084/4/5
f 8086/3/5 8063/3/5 8085/3/5
f 8087/3/5 8063/3/5 8086/3/5
f 8088/4/5 8065/4/5 8064/4/5
f 8088/3/5 8063/3/5 8087/3/5
f 8088/4/5 8064/4/5 8063/4/5
f 8089/4/5 8065/4/5 8088/4/5
f 8090/4/5 8065/4/5 8089/4/5
f 8093/4/5 8067/4/5 8066/4/5
f 8093/4/5 8068/4/5 8067/4/5
f 8094/4/5 8068/4/5 8093/4/5
f 8095/3/5 8069/3/5 8068/3/5
f 8095/4/5 8068/4/5 8094/4/5
f 8096/3/5 8069/3/5 8095/3/5
f 8097/3/5 8069/3/5 8096/3/5
f 8098/4/5 8070/4/5 8069/4/5
f 8098/3/5 8069/3/5 8097/3/5
f 8098/4/5 8071/4/5 8070/4/5
f 8099/4/5 8071/4/5 8098/4/5
f 8100/4/5 8071/4/5 8099/4/5
f 8103/4/5 8074/4/5 8073/4/5
f 8103/4/5 8073/4/5 8072/4/5
f 8104/4/5 8074/4/5 8103/4/5
f 8105/3/5 8076/3/5 8075/3/5
f 8105/4/5 8074/4/5 8104/4/5
f 8105/3/5 8075/3/5 8074/3/5
f 8106/3/5 8076/3/5 8105/3/5
f 8107/1/5 8077/1/5 8076/1/5
f 8107/3/5 8076/3/5 8106/3/5
f 8108/3/5 8078/3/5 8077/3/5
f 8108/1/5 8077/1/5 8107/1/5
f 8108/3/5 8079/3/5 8078/3/5
f 8109/3/5 8079/3/5 8108/3/5
f 8110/4/5 8081/4/5 8080/4/5
f 8110/3/5 8079/3/5 8109/3/5
f 8110/4/5 8080/4/5 8079/4/5
f 8111/4/5 8081/4/5 8110/4/5
f 8112/4/5 8081/4/5 8111/4/5
f 8115/4/5 8084/4/5 8083/4/5
f 8115/4/5 8083/4/5 8082/4/5
f 8116/4/5 8084/4/5 8115/4/5
f 8117/3/5 8086/3/5 8085/3/5
f 8117/4/5 8084/4/5 8116/4/5
f 8117/3/5 8085/3/5 8084/3/5
f 8118/3/5 8086/3/5 8117/3/5
f 8119/1/5 8087/1/5 8086/1/5
f 8119/3/5 8086/3/5 8118/3/5
f 8120/3/5 8088/3/5 8087/3/5
f 8120/1/5 8087/1/5 8119/1/5
f 8120/3/5 8089/3/5 8088/3/5
f 8121/3/5 8089/3/5 8120/3/5
f 8122/4/5 8091/4/5 8090/4/5
f 8122/3/5 8089/3/5 8121/3/5
f 8122/4/5 8090/4/5 8089/4/5
f 8123/4/5 8091/4/5 8122/4/5
f 8124/4/5 8091/4/5 8123/4/5
f 8127/4/5 8094/4/5 8093/4/5
f 8127/4/5 8093/4/5 8092/4/5
f 8128/4/5 8094/4/5 8127/4/5
f 8129/3/5 8096/3/5 8095/3/5
f 8129/4/5 8094/4/5 8128/4/5
f 8129/3/5 8095/3/5 8094/3/5
f 8130/3/5 8096/3/5 8129/3/5
f 8131/1/5 8097/1/5 8096/1/5
f 8131/3/5 8096/3/5 8130/3/5
f 8132/3/5 8099/3/5 8098/3/5
f 8132/1/5 8097/1/5 8131/1/5
f 8132/3/5 8098/3/5 8097/3/5
f 8133/3/5 8099/3/5 8132/3/5
f 8134/4/5 8100/4/5 8099/4/5
f 8134/3/5 8099/3/5 8133/3/5
f 8134/4/5 8101/4/5 8100/4/5
f 8135/4/5 8101/4/5 8134/4/5
f 8136/4/5 8101/4/5 8135/4/5
f 8139/4/5 8104/4/5 8103/4/5
f 8139/4/5 8103/4/5 8102/4/5
f 8140/4/5 8104/4/5 8139/4/5
f 8141/3/5 8106/3/5 8105/3/5
f 8141/4/5 8104/4/5 8140/4/5
f 8141/3/5 8105/3/5 8104/3/5
f 8142/3/5 8106/3/5 8141/3/5
f 8143/1/5 8109/1/5 8108/1/5
f 8143/3/5 8106/3/5 8142/3/5
f 8143/1/5 8108/1/5 8107/1/5
f 8143/1/5 8107/1/5 8106/1/5
f 8144/3/5 8110/3/5 8109/3/5
f 8144/1/5 8109/1/5 8143/1/5
f 8144/3/5 8111/3/5 8110/3/5
f 8145/4/5 8113/4/5 8112/4/5
f 8145/3/5 8111/3/5 8144/3/5
f 8145/4/5 8112/4/5 8111/4/5
f 8146/4/5 8113/4/5 8145/4/5
f 8147/4/5 8113/4/5 8146/4/5
f 8150/4/5 8116/4/5 8115/4/5
f 8150/4/5 8115/4/5 8114/4/5
f 8151/4/5 8116/4/5 8150/4/5
f 8152/3/5 8118/3/5 8117/3/5
f 8152/4/5 8116/4/5 8151/4/5
f 8152/3/5 8117/3/5 8116/3/5
f 8153/1/5 8121/1/5 8120/1/5
f 8153/3/5 8118/3/5 8152/3/5
f 8153/1/5 8120/1/5 8119/1/5
f 8153/1/5 8119/1/5 8118/1/5
f 8154/3/5 8122/3/5 8121/3/5
f 8154/1/5 8121/1/5 8153/1/5
f 8154/3/5 8123/3/5 8122/3/5
f 8155/3/5 8123/3/5 8154/3/5
f 8156/4/5 8125/4/5 8124/4/5
f 8156/3/5 8123/3/5 8155/3/5
f 8156/4/5 8124/4/5 8123/4/5
f 8157/4/5 8125/4/5 8156/4/5
f 8158/4/5 8125/4/5 8157/4/5
f 8161/4/5 8128/4/5 8127/4/5
f 8161/4/5 8127/4/5 8126/4/5
f 8162/4/5 8128/4/5 8161/4/5
f 8163/3/5 8130/3/5 8129/3/5
f 8163/4/5 8128/4/5 8162/4/5
f 8163/3/5 8129/3/5 8128/3/5
f 8164/1/5 8133/1/5 8132/1/5
f 8164/3/5 8130/3/5 8163/3/5
f 8164/1/5 8132/1/5 8131/1/5
f 8164/1/5 8131/1/5 8130/1/5
f 8165/3/5 8135/3/5 8134/3/5
f 8165/1/5 8133/1/5 8164/1/5
f 8165/3/5 8134/3/5 8133/3/5
f 8166/3/5 8135/3/5 8165/3/5
f 8167/4/5 8136/4/5 8135/4/5
f 8167/3/5 8135/3/5 8166/3/5
f 8167/4/5 8137/4/5 8136/4/5
f 8168/4/5 8137/4/5 8167/4/5
f 8169/4/5 8137/4/5 8168/4/5
f 8172/4/5 8140/4/5 8139/4/5
f 8172/4/5 8139/4/5 8138/4/5
f 8173/4/5 8140/4/5 8172/4/5
f 8174/3/5 8142/3/5 8141/3/5
f 8174/4/5 8140/4/5 8173/4/5
f 8174/3/5 8141/3/5 8140/3/5
f 8175/3/5 8142/3/5 8174/3/5
f 8176/3/5 8142/3/5 8175/3/5
f 8177/3/5 8142/3/5 8176/3/5
f 8178/1/5 8144/1/5 8143/1/5
f 8178/3/5 8142/3/5 8177/3/5
f 8178/1/5 8143/1/5 8142/1/5
f 8178/1/5 8145/1/5 8144/1/5
f 8179/3/5 8146/3/5 8145/3/5
f 8179/1/5 8145/1/5 8178/1/5
f 8180/4/5 8148/4/5 8147/4/5
f 8180/3/5 8146/3/5 8179/3/5
f 8180/4/5 8147/4/5 8146/4/5
f 8181/4/5 8148/4/5 8180/4/5
f 8182/4/5 8148/4/5 8181/4/5
f 8185/4/5 8151/4/5 8150/4/5
f 8185/4/5 8150/4/5 8149/4/5
f 8186/4/5 8151/4/5 8185/4/5
f 8187/3/5 8152/3/5 8151/3/5
f 8187/4/5 8151/4/5 8186/4/5
f 8188/1/5 8155/1/5 8154/1/5
f 8188/3/5 8152/3/5 8187/3/5
f 8188/1/5 8154/1/5 8153/1/5
f 8188/1/5 8153/1/5 8152/1/5
f 8189/3/5 8157/3/5 8156/3/5
f 8189/1/5 8155/1/5 8188/1/5
f 8189/3/5 8156/3/5 8155/3/5
f 8190/3/5 8157/3/5 8189/3/5
f 8191/3/5 8157/3/5 8190/3/5
f 8192/3/5 8157/3/5 8191/3/5
f 8193/4/5 8159/4/5 8158/4/5
f 8193/3/5 8157/3/5 8192/3/5
f 8193/4/5 8158/4/5 8157/4/5
f 8194/4/5 8159/4/5 8193/4/5
f 8195/4/5 8159/4/5 8194/4/5
f 8198/4/5 8162/4/5 8161/4/5
f 8198/4/5 8161/4/5 8160/4/5
f 8199/4/5 8162/4/5 8198/4/5
f 8200/3/5 8163/3/5 8162/3/5
f 8200/4/5 8162/4/5 8199/4/5
f 8201/1/5 8166/1/5 8165/1/5
f 8201/3/5 8163/3/5 8200/3/5
f 8201/1/5 8165/1/5 8164/1/5
f 8201/1/5 8164/1/5 8163/1/5
f 8202/3/5 8168/3/5 8167/3/5
f 8202/1/5 8166/1/5 8201/1/5
f 8202/3/5 8167/3/5 8166/3/5
f 8203/3/5 8168/3/5 8202/3/5
f 8204/3/5 8168/3/5 8203/3/5
f 8205/3/5 8168/3/5 8204/3/5
f 8206/4/5 8169/4/5 8168/4/5
f 8206/3/5 8168/3/5 8205/3/5
f 8206/4/5 8170/4/5 8169/4/5
f 8207/4/5 8170/4/5 8206/4/5
f 8208/4/5 8170/4/5 8207/4/5
f 8210/4/5 8173/4/5 8172/4/5
f 8210/4/5 8172/4/5 8171/4/5
f 8211/3/5 8174/3/5 8173/3/5
f 8211/4/5 8173/4/5 8210/4/5
f 8211/3/5 8175/3/5 8174/3/5
f 8212/4/5 8183/4/5 8182/4/5
f 8212/4/5 8182/4/5 8181/4/5
f 8212/3/5 8181/3/5 8180/3/5
f 8213/4/5 8183/4/5 8212/4/5
f 8214/4/5 8186/4/5 8185/4/5
f 8214/4/5 8185/4/5 8184/4/5
f 8215/3/5 8187/3/5 8186/3/5
f 8215/4/5 8186/4/5 8214/4/5
f 8216/4/5 8196/4/5 8195/4/5
f 8216/4/5 8195/4/5 8194/4/5
f 8216/3/5 8194/3/5 8193/3/5
f 8216/3/5 8193/3/5 8192/3/5
f 8217/4/5 8196/4/5 8216/4/5
f 8218/4/5 8199/4/5 8198/4/5
f 8218/4/5 8198/4/5 8197/4/5
f 8219/3/5 8200/3/5 8199/3/5
f 8219/4/5 8199/4/5 8218/4/5
f 8220/4/5 8208/4/5 8207/4/5
f 8220/4/5 8209/4/5 8208/4/5
f 8220/3/5 8207/3/5 8206/3/5
f 8220/3/5 8206/3/5 8205/3/5
f 8221/4/5 8209/4/5 8220/4/5
f 8223/4/5 8210/4/5 8171/4/5
f 8224/4/5 8210/4/5 8223/4/5
f 8225/3/5 8211/3/5 8210/3/5
f 8225/4/5 8210/4/5 8224/4/5
f 8226/3/5 8175/3/5 8211/3/5
f 8226/3/5 8211/3/5 8225/3/5
f 8227/1/5 8176/1/5 8175/1/5
f 8227/3/5 8175/3/5 8226/3/5
f 8228/1/5 8179/1/5 8178/1/5
f 8228/1/5 8178/1/5 8177/1/5
f 8228/3/5 8213/3/5 8212/3/5
f 8228/3/5 8212/3/5 8180/3/5
f 8228/1/5 8180/1/5 8179/1/5
f 8229/3/5 8213/3/5 8228/3/5
f 8230/4/5 8183/4/5 8213/4/5
f 8230/3/5 8213/3/5 8229/3/5
f 8231/4/5 8183/4/5 8230/4/5
f 8232/4/5 8183/4/5 8231/4/5
f 8235/4/5 8214/4/5 8184/4/5
f 8236/4/5 8214/4/5 8235/4/5
f 8237/3/5 8215/3/5 8214/3/5
f 8237/4/5 8214/4/5 8236/4/5
f 8238/3/5 8187/3/5 8215/3/5
f 8238/3/5 8215/3/5 8237/3/5
f 8239/1/5 8188/1/5 8187/1/5
f 8239/3/5 8187/3/5 8238/3/5
f 8239/1/5 8189/1/5 8188/1/5
f 8239/1/5 8190/1/5 8189/1/5
f 8240/3/5 8217/3/5 8216/3/5
f 8240/1/5 8192/1/5 8191/1/5
f 8240/3/5 8216/3/5 8192/3/5
f 8241/3/5 8217/3/5 8240/3/5
f 8242/4/5 8196/4/5 8217/4/5
f 8242/3/5 8217/3/5 8241/3/5
f 8243/4/5 8196/4/5 8242/4/5
f 8244/4/5 8196/4/5 8243/4/5
f 8247/4/5 8218/4/5 8197/4/5
f 8248/4/5 8218/4/5 8247/4/5
f 8249/3/5 8219/3/5 8218/3/5
f 8249/4/5 8218/4/5 8248/4/5
f 8250/3/5 8200/3/5 8219/3/5
f 8250/3/5 8219/3/5 8249/3/5
f 8251/1/5 8201/1/5 8200/1/5
f 8251/3/5 8200/3/5 8250/3/5
f 8251/1/5 8203/1/5 8202/1/5
f 8251/1/5 8202/1/5 8201/1/5
f 8252/1/5 8205/1/5 8204/1/5
f 8252/3/5 8221/3/5 8220/3/5
f 8252/3/5 8220/3/5 8205/3/5
f 8253/3/5 8221/3/5 8252/3/5
f 8254/4/5 8209/4/5 8221/4/5
f 8254/3/5 8221/3/5 8253/3/5
f 8255/4/5 8209/4/5 8254/4/5
f 8256/4/5 8209/4/5 8255/4/5
f 8259/4/5 8224/4/5 8223/4/5
f 8259/4/5 8223/4/5 8222/4/5
f 8260/3/5 8225/3/5 8224/3/5
f 8260/3/5 8226/3/5 8225/3/5
f 8261/1/5 8227/1/5 8226/1/5
f 8261/3/5 8226/3/5 8260/3/5
f 8262/1/5 8176/1/5 8227/1/5
f 8262/1/5 8227/1/5 8261/1/5
f 8262/3/5 8177/3/5 8176/3/5
f 8263/1/5 8229/1/5 8228/1/5
f 8263/3/5 8177/3/5 8262/3/5
f 8263/1/5 8228/1/5 8177/1/5
f 8264/1/5 8229/1/5 8263/1/5
f 8265/1/5 8229/1/5 8264/1/5
f 8266/3/5 8230/3/5 8229/3/5
f 8266/1/5 8229/1/5 8265/1/5
f 8266/3/5 8231/3/5 8230/3/5
f 8267/4/5 8233/4/5 8232/4/5
f 8267/3/5 8231/3/5 8266/3/5
f 8267/4/5 8232/4/5 8231/4/5
f 8268/4/5 8233/4/5 8267/4/5
f 8271/4/5 8236/4/5 8235/4/5
f 8271/4/5 8235/4/5 8234/4/5
f 8272/3/5 8237/3/5 8236/3/5
f 8272/3/5 8238/3/5 8237/3/5
f 8272/4/5 8236/4/5 8271/4/5
f 8273/1/5 8239/1/5 8238/1/5
f 8273/3/5 8238/3/5 8272/3/5
f 8274/1/5 8190/1/5 8239/1/5
f 8274/1/5 8239/1/5 8273/1/5
f 8275/1/5 8190/1/5 8274/1/5
f 8276/3/5 8191/3/5 8190/3/5
f 8276/1/5 8190/1/5 8275/1/5
f 8277/1/5 8241/1/5 8240/1/5
f 8277/3/5 8191/3/5 8276/3/5
f 8277/1/5 8240/1/5 8191/1/5
f 8278/3/5 8242/3/5 8241/3/5
f 8278/1/5 8241/1/5 8277/1/5
f 8278/3/5 8243/3/5 8242/3/5
f 8279/3/5 8243/3/5 8278/3/5
f 8280/4/5 8245/4/5 8244/4/5
f 8280/4/5 8244/4/5 8243/4/5
f 8283/4/5 8248/4/5 8247/4/5
f 8283/4/5 8247/4/5 8246/4/5
f 8284/3/5 8249/3/5 8248/3/5
f 8284/3/5 8250/3/5 8249/3/5
f 8284/4/5 8248/4/5 8283/4/5
f 8285/1/5 8251/1/5 8250/1/5
f 8285/3/5 8250/3/5 8284/3/5
f 8286/1/5 8203/1/5 8251/1/5
f 8286/1/5 8251/1/5 8285/1/5
f 8287/1/5 8203/1/5 8286/1/5
f 8288/3/5 8204/3/5 8203/3/5
f 8288/1/5 8203/1/5 8287/1/5
f 8289/1/5 8253/1/5 8252/1/5
f 8289/3/5 8204/3/5 8288/3/5
f 8289/1/5 8252/1/5 8204/1/5
f 8290/3/5 8255/3/5 8254/3/5
f 8290/1/5 8253/1/5 8289/1/5
f 8290/3/5 8254/3/5 8253/3/5
f 8291/3/5 8255/3/5 8290/3/5
f 8292/4/5 8256/4/5 8255/4/5
f 8292/4/5 8257/4/5 8256/4/5
f 8294/4/5 8259/4/5 8258/4/5
f 8294/4/5 8224/4/5 8259/4/5
f 8295/3/5 8260/3/5 8224/3/5
f 8295/4/5 8224/4/5 8294/4/5
f 8296/3/5 8260/3/5 8295/3/5
f 8297/1/5 8261/1/5 8260/1/5
f 8297/3/5 8260/3/5 8296/3/5
f 8297/1/5 8263/1/5 8262/1/5
f 8297/1/5 8262/1/5 8261/1/5
f 8298/1/5 8265/1/5 8264/1/5
f 8299/3/5 8266/3/5 8265/3/5
f 8299/1/5 8265/1/5 8298/1/5
f 8300/1/5 8267/1/5 8266/1/5
f 8300/3/5 8266/3/5 8299/3/5
f 8301/4/5 8269/4/5 8268/4/5
f 8301/1/5 8267/1/5 8300/1/5
f 8301/4/5 8268/4/5 8267/4/5
f 8302/4/5 8269/4/5 8301/4/5
f 8303/4/5 8271/4/5 8270/4/5
f 8303/4/5 8272/4/5 8271/4/5
f 8304/1/5 8273/1/5 8272/1/5
f 8304/4/5 8272/4/5 8303/4/5
f 8305/3/5 8274/3/5 8273/3/5
f 8305/1/5 8273/1/5 8304/1/5
f 8306/1/5 8275/1/5 8274/1/5
f 8306/3/5 8274/3/5 8305/3/5
f 8307/1/5 8275/1/5 8306/1/5
f 8308/3/5 8243/3/5 8279/3/5
f 8308/1/5 8279/1/5 8278/1/5
f 8308/1/5 8278/1/5 8277/1/5
f 8308/1/5 8277/1/5 8276/1/5
f 8309/3/5 8243/3/5 8308/3/5
f 8310/4/5 8281/4/5 8280/4/5
f 8310/3/5 8243/3/5 8309/3/5
f 8310/4/5 8280/4/5 8243/4/5
f 8311/4/5 8281/4/5 8310/4/5
f 8312/4/5 8283/4/5 8282/4/5
f 8312/4/5 8284/4/5 8283/4/5
f 8313/1/5 8285/1/5 8284/1/5
f 8313/4/5 8284/4/5 8312/4/5
f 8314/3/5 8286/3/5 8285/3/5
f 8314/1/5 8285/1/5 8313/1/5
f 8315/1/5 8287/1/5 8286/1/5
f 8315/3/5 8286/3/5 8314/3/5
f 8316/1/5 8287/1/5 8315/1/5
f 8317/3/5 8255/3/5 8291/3/5
f 8317/1/5 8291/1/5 8290/1/5
f 8317/1/5 8289/1/5 8288/1/5
f 8317/1/5 8290/1/5 8289/1/5
f 8318/3/5 8255/3/5 8317/3/5
f 8319/4/5 8292/4/5 8255/4/5
f 8319/3/5 8255/3/5 8318/3/5
f 8319/4/5 8293/4/5 8292/4/5
f 8320/4/5 8293/4/5 8319/4/5
f 8322/4/5 8294/4/5 8258/4/5
f 8323/3/5 8296/3/5 8295/3/5
f 8323/3/5 8295/3/5 8294/3/5
f 8324/1/5 8297/1/5 8296/1/5
f 8324/3/5 8296/3/5 8323/3/5
f 8325/1/5 8263/1/5 8297/1/5
f 8325/1/5 8297/1/5 8324/1/5
f 8325/3/5 8264/3/5 8263/3/5
f 8326/1/5 8298/1/5 8264/1/5
f 8326/3/5 8264/3/5 8325/3/5
f 8327/1/5 8298/1/5 8326/1/5
f 8328/3/5 8302/3/5 8301/3/5
f 8328/1/5 8300/1/5 8299/1/5
f 8328/1/5 8301/1/5 8300/1/5
f 8329/4/5 8269/4/5 8302/4/5
f 8329/3/5 8302/3/5 8328/3/5
f 8330/4/5 8269/4/5 8329/4/5
f 8333/4/5 8303/4/5 8270/4/5
f 8334/3/5 8304/3/5 8303/3/5
f 8334/4/5 8303/4/5 8333/4/5
f 8335/1/5 8305/1/5 8304/1/5
f 8335/3/5 8304/3/5 8334/3/5
f 8335/1/5 8306/1/5 8305/1/5
f 8336/1/5 8275/1/5 8307/1/5
f 8337/3/5 8276/3/5 8275/3/5
f 8337/1/5 8275/1/5 8336/1/5
f 8338/1/5 8309/1/5 8308/1/5
f 8338/3/5 8276/3/5 8337/3/5
f 8338/1/5 8308/1/5 8276/1/5
f 8339/3/5 8310/3/5 8309/3/5
f 8339/1/5 8309/1/5 8338/1/5
f 8339/3/5 8311/3/5 8310/3/5
f 8340/3/5 8311/3/5 8339/3/5
f 8341/4/5 8281/4/5 8311/4/5
f 8344/4/5 8312/4/5 8282/4/5
f 8345/3/5 8313/3/5 8312/3/5
f 8345/4/5 8312/4/5 8344/4/5
f 8346/1/5 8314/1/5 8313/1/5
f 8346/3/5 8313/3/5 8345/3/5
f 8346/1/5 8315/1/5 8314/1/5
f 8347/1/5 8287/1/5 8316/1/5
f 8348/3/5 8288/3/5 8287/3/5
f 8348/1/5 8287/1/5 8347/1/5
f 8349/1/5 8318/1/5 8317/1/5
f 8349/3/5 8288/3/5 8348/3/5
f 8349/1/5 8317/1/5 8288/1/5
f 8350/3/5 8319/3/5 8318/3/5
f 8350/1/5 8318/1/5 8349/1/5
f 8350/3/5 8320/3/5 8319/3/5
f 8351/3/5 8320/3/5 8350/3/5
f 8352/4/5 8293/4/5 8320/4/5
f 8354/4/5 8322/4/5 8321/4/5
f 8354/4/5 8294/4/5 8322/4/5
f 8355/3/5 8323/3/5 8294/3/5
f 8355/4/5 8294/4/5 8354/4/5
f 8356/1/5 8298/1/5 8327/1/5
f 8357/3/5 8299/3/5 8298/3/5
f 8357/1/5 8298/1/5 8356/1/5
f 8358/1/5 8328/1/5 8299/1/5
f 8358/3/5 8299/3/5 8357/3/5
f 8358/1/5 8329/1/5 8328/1/5
f 8359/4/5 8331/4/5 8330/4/5
f 8359/1/5 8329/1/5 8358/1/5
f 8359/4/5 8330/4/5 8329/4/5
f 8360/4/5 8331/4/5 8359/4/5
f 8361/4/5 8334/4/5 8333/4/5
f 8361/4/5 8333/4/5 8332/4/5
f 8362/1/5 8335/1/5 8334/1/5
f 8362/4/5 8334/4/5 8361/4/5
f 8363/1/5 8306/1/5 8335/1/5
f 8363/1/5 8335/1/5 8362/1/5
f 8363/3/5 8307/3/5 8306/3/5
f 8364/1/5 8336/1/5 8307/1/5
f 8364/3/5 8307/3/5 8363/3/5
f 8365/1/5 8336/1/5 8364/1/5
f 8366/3/5 8311/3/5 8340/3/5
f 8366/4/5 8342/4/5 8341/4/5
f 8366/4/5 8341/4/5 8311/4/5
f 8367/4/5 8342/4/5 8366/4/5
f 8368/4/5 8345/4/5 8344/4/5
f 8368/4/5 8344/4/5 8343/4/5
f 8369/1/5 8346/1/5 8345/1/5
f 8369/4/5 8345/4/5 8368/4/5
f 8370/1/5 8315/1/5 8346/1/5
f 8370/1/5 8346/1/5 8369/1/5
f 8370/3/5 8316/3/5 8315/3/5
f 8371/1/5 8347/1/5 8316/1/5
f 8371/3/5 8316/3/5 8370/3/5
f 8372/1/5 8347/1/5 8371/1/5
f 8373/4/5 8352/4/5 8320/4/5
f 8373/4/5 8353/4/5 8352/4/5
f 8373/3/5 8320/3/5 8351/3/5
f 8374/4/5 8353/4/5 8373/4/5
f 8375/3/5 8323/3/5 8355/3/5
f 8375/3/5 8355/3/5 8354/3/5
f 8376/1/5 8325/1/5 8324/1/5
f 8376/3/5 8323/3/5 8375/3/5
f 8376/1/5 8324/1/5 8323/1/5
f 8376/1/5 8326/1/5 8325/1/5
f 8377/3/5 8327/3/5 8326/3/5
f 8377/1/5 8326/1/5 8376/1/5
f 8378/1/5 8356/1/5 8327/1/5
f 8378/3/5 8327/3/5 8377/3/5
f 8379/1/5 8356/1/5 8378/1/5
f 8380/1/5 8356/1/5 8379/1/5
f 8381/3/5 8357/3/5 8356/3/5
f 8381/1/5 8356/1/5 8380/1/5
f 8382/1/5 8358/1/5 8357/1/5
f 8382/3/5 8357/3/5 8381/3/5
f 8382/1/5 8359/1/5 8358/1/5
f 8383/1/5 8363/1/5 8362/1/5
f 8383/3/5 8365/3/5 8364/3/5
f 8383/1/5 8364/1/5 8363/1/5
f 8384/1/5 8336/1/5 8365/1/5
f 8384/3/5 8365/3/5 8383/3/5
f 8385/1/5 8336/1/5 8384/1/5
f 8386/1/5 8336/1/5 8385/1/5
f 8387/3/5 8337/3/5 8336/3/5
f 8387/1/5 8336/1/5 8386/1/5
f 8388/1/5 8338/1/5 8337/1/5
f 8388/3/5 8337/3/5 8387/3/5
f 8388/1/5 8340/1/5 8339/1/5
f 8388/1/5 8339/1/5 8338/1/5
f 8389/3/5 8367/3/5 8366/3/5
f 8389/1/5 8340/1/5 8388/1/5
f 8389/3/5 8366/3/5 8340/3/5
f 8390/3/5 8367/3/5 8389/3/5
f 8391/3/5 8372/3/5 8371/3/5
f 8391/1/5 8370/1/5 8369/1/5
f 8391/1/5 8371/1/5 8370/1/5
f 8392/1/5 8347/1/5 8372/1/5
f 8392/3/5 8372/3/5 8391/3/5
f 8393/1/5 8347/1/5 8392/1/5
f 8394/1/5 8347/1/5 8393/1/5
f 8395/3/5 8348/3/5 8347/3/5
f 8395/1/5 8347/1/5 8394/1/5
f 8396/1/5 8351/1/5 8350/1/5
f 8396/3/5 8348/3/5 8395/3/5
f 8396/1/5 8350/1/5 8349/1/5
f 8396/1/5 8349/1/5 8348/1/5
f 8397/3/5 8373/3/5 8351/3/5
f 8397/1/5 8351/1/5 8396/1/5
f 8397/3/5 8374/3/5 8373/3/5
f 8398/3/5 8374/3/5 8397/3/5
f 8399/4/5 8354/4/5 8321/4/5
f 8400/3/5 8375/3/5 8354/3/5
f 8400/4/5 8354/4/5 8399/4/5
f 8401/1/5 8380/1/5 8379/1/5
f 8402/3/5 8381/3/5 8380/3/5
f 8402/1/5 8380/1/5 8401/1/5
f 8403/1/5 8382/1/5 8381/1/5
f 8403/3/5 8381/3/5 8402/3/5
f 8404/1/5 8359/1/5 8382/1/5
f 8404/1/5 8382/1/5 8403/1/5
f 8404/3/5 8360/3/5 8359/3/5
f 8405/4/5 8331/4/5 8360/4/5
f 8405/3/5 8360/3/5 8404/3/5
f 8406/4/5 8331/4/5 8405/4/5
f 8407/4/5 8361/4/5 8332/4/5
f 8408/3/5 8362/3/5 8361/3/5
f 8408/4/5 8361/4/5 8407/4/5
f 8409/1/5 8383/1/5 8362/1/5
f 8409/3/5 8362/3/5 8408/3/5
f 8409/1/5 8384/1/5 8383/1/5
f 8410/3/5 8385/3/5 8384/3/5
f 8410/1/5 8384/1/5 8409/1/5
f 8411/1/5 8386/1/5 8385/1/5
f 8411/3/5 8385/3/5 8410/3/5
f 8412/1/5 8386/1/5 8411/1/5
f 8413/3/5 8367/3/5 8390/3/5
f 8413/4/5 8342/4/5 8367/4/5
f 8414/4/5 8342/4/5 8413/4/5
f 8415/4/5 8368/4/5 8343/4/5
f 8416/3/5 8369/3/5 8368/3/5
f 8416/4/5 8368/4/5 8415/4/5
f 8417/1/5 8391/1/5 8369/1/5
f 8417/3/5 8369/3/5 8416/3/5
f 8417/1/5 8392/1/5 8391/1/5
f 8418/3/5 8393/3/5 8392/3/5
f 8418/1/5 8392/1/5 8417/1/5
f 8419/1/5 8394/1/5 8393/1/5
f 8419/3/5 8393/3/5 8418/3/5
f 8420/1/5 8394/1/5 8419/1/5
f 8421/4/5 8353/4/5 8374/4/5
f 8421/3/5 8374/3/5 8398/3/5
f 8422/4/5 8353/4/5 8421/4/5
f 8424/4/5 8399/4/5 8321/4/5
f 8425/3/5 8375/3/5 8400/3/5
f 8425/1/5 8376/1/5 8375/1/5
f 8425/3/5 8400/3/5 8399/3/5
f 8425/1/5 8377/1/5 8376/1/5
f 8425/1/5 8378/1/5 8377/1/5
f 8426/1/5 8378/1/5 8425/1/5
f 8427/3/5 8379/3/5 8378/3/5
f 8427/1/5 8378/1/5 8426/1/5
f 8428/1/5 8401/1/5 8379/1/5
f 8428/3/5 8379/3/5 8427/3/5
f 8429/1/5 8401/1/5 8428/1/5
f 8430/4/5 8331/4/5 8406/4/5
f 8431/4/5 8407/4/5 8332/4/5
f 8432/1/5 8386/1/5 8412/1/5
f 8433/3/5 8387/3/5 8386/3/5
f 8433/1/5 8386/1/5 8432/1/5
f 8434/1/5 8388/1/5 8387/1/5
f 8434/3/5 8387/3/5 8433/3/5
f 8434/1/5 8390/1/5 8389/1/5
f 8434/1/5 8389/1/5 8388/1/5
f 8435/1/5 8390/1/5 8434/1/5
f 8436/3/5 8414/3/5 8413/3/5
f 8436/1/5 8390/1/5 8435/1/5
f 8436/3/5 8413/3/5 8390/3/5
f 8437/4/5 8342/4/5 8414/4/5
f 8438/4/5 8415/4/5 8343/4/5
f 8439/1/5 8394/1/5 8420/1/5
f 8440/3/5 8395/3/5 8394/3/5
f 8440/1/5 8394/1/5 8439/1/5
f 8441/1/5 8396/1/5 8395/1/5
f 8441/3/5 8395/3/5 8440/3/5
f 8441/1/5 8397/1/5 8396/1/5
f 8441/1/5 8398/1/5 8397/1/5
f 8442/1/5 8398/1/5 8441/1/5
f 8443/3/5 8422/3/5 8421/3/5
f 8443/1/5 8398/1/5 8442/1/5
f 8443/3/5 8421/3/5 8398/3/5
f 8444/4/5 8353/4/5 8422/4/5
f 8446/3/5 8426/3/5 8425/3/5
f 8446/3/5 8425/3/5 8399/3/5
f 8447/1/5 8427/1/5 8426/1/5
f 8447/3/5 8426/3/5 8446/3/5
f 8447/1/5 8428/1/5 8427/1/5
f 8448/1/5 8428/1/5 8447/1/5
f 8449/1/5 8401/1/5 8429/1/5
f 8450/3/5 8402/3/5 8401/3/5
f 8450/1/5 8401/1/5 8449/1/5
f 8451/1/5 8403/1/5 8402/1/5
f 8451/3/5 8402/3/5 8450/3/5
f 8451/1/5 8404/1/5 8403/1/5
f 8451/1/5 8405/1/5 8404/1/5
f 8452/3/5 8412/3/5 8411/3/5
f 8452/1/5 8410/1/5 8409/1/5
f 8452/1/5 8409/1/5 8408/1/5
f 8452/1/5 8411/1/5 8410/1/5
f 8453/1/5 8432/1/5 8412/1/5
f 8453/3/5 8412/3/5 8452/3/5
f 8454/1/5 8432/1/5 8453/1/5
f 8455/1/5 8435/1/5 8434/1/5
f 8455/1/5 8434/1/5 8433/1/5
f 8456/3/5 8436/3/5 8435/3/5
f 8456/1/5 8435/1/5 8455/1/5
f 8457/3/5 8414/3/5 8436/3/5
f 8457/3/5 8436/3/5 8456/3/5
f 8458/1/5 8418/1/5 8417/1/5
f 8458/1/5 8417/1/5 8416/1/5
f 8458/3/5 8420/3/5 8419/3/5
f 8458/1/5 8419/1/5 8418/1/5
f 8459/1/5 8439/1/5 8420/1/5
f 8459/3/5 8420/3/5 8458/3/5
f 8460/1/5 8439/1/5 8459/1/5
f 8461/1/5 8442/1/5 8441/1/5
f 8461/1/5 8441/1/5 8440/1/5
f 8462/3/5 8443/3/5 8442/3/5
f 8462/1/5 8442/1/5 8461/1/5
f 8463/3/5 8422/3/5 8443/3/5
f 8463/3/5 8443/3/5 8462/3/5
f 8464/3/5 8448/3/5 8447/3/5
f 8464/1/5 8447/1/5 8446/1/5
f 8465/1/5 8428/1/5 8448/1/5
f 8465/3/5 8448/3/5 8464/3/5
f 8466/1/5 8428/1/5 8465/1/5
f 8467/3/5 8429/3/5 8428/3/5
f 8467/1/5 8428/1/5 8466/1/5
f 8468/1/5 8449/1/5 8429/1/5
f 8468/3/5 8429/3/5 8467/3/5
f 8469/1/5 8449/1/5 8468/1/5
f 8470/1/5 8449/1/5 8469/1/5
f 8471/3/5 8450/3/5 8449/3/5
f 8471/1/5 8449/1/5 8470/1/5
f 8472/1/5 8451/1/5 8450/1/5
f 8472/3/5 8450/3/5 8471/3/5
f 8473/1/5 8453/1/5 8452/1/5
f 8473/3/5 8454/3/5 8453/3/5
f 8474/1/5 8432/1/5 8454/1/5
f 8474/3/5 8454/3/5 8473/3/5
f 8475/1/5 8432/1/5 8474/1/5
f 8476/1/5 8432/1/5 8475/1/5
f 8477/3/5 8433/3/5 8432/3/5
f 8477/1/5 8432/1/5 8476/1/5
f 8478/1/5 8455/1/5 8433/1/5
f 8478/3/5 8433/3/5 8477/3/5
f 8479/1/5 8455/1/5 8478/1/5
f 8480/3/5 8456/3/5 8455/3/5
f 8480/1/5 8455/1/5 8479/1/5
f 8481/1/5 8457/1/5 8456/1/5
f 8481/3/5 8456/3/5 8480/3/5
f 8482/3/5 8460/3/5 8459/3/5
f 8482/1/5 8459/1/5 8458/1/5
f 8483/1/5 8439/1/5 8460/1/5
f 8483/3/5 8460/3/5 8482/3/5
f 8484/1/5 8439/1/5 8483/1/5
f 8485/1/5 8439/1/5 8484/1/5
f 8486/3/5 8440/3/5 8439/3/5
f 8486/1/5 8439/1/5 8485/1/5
f 8487/1/5 8461/1/5 8440/1/5
f 8487/3/5 8440/3/5 8486/3/5
f 8488/1/5 8461/1/5 8487/1/5
f 8489/3/5 8462/3/5 8461/3/5
f 8489/1/5 8461/1/5 8488/1/5
f 8490/1/5 8463/1/5 8462/1/5
f 8490/3/5 8462/3/5 8489/3/5
f 8491/3/5 8466/3/5 8465/3/5
f 8491/1/5 8465/1/5 8464/1/5
f 8492/1/5 8467/1/5 8466/1/5
f 8492/3/5 8466/3/5 8491/3/5
f 8492/1/5 8468/1/5 8467/1/5
f 8493/1/5 8468/1/5 8492/1/5
f 8494/3/5 8469/3/5 8468/3/5
f 8494/1/5 8468/1/5 8493/1/5
f 8495/1/5 8470/1/5 8469/1/5
f 8495/3/5 8469/3/5 8494/3/5
f 8496/1/5 8470/1/5 8495/1/5
f 8497/3/5 8471/3/5 8470/3/5
f 8497/1/5 8470/1/5 8496/1/5
f 8498/1/5 8472/1/5 8471/1/5
f 8498/3/5 8471/3/5 8497/3/5
f 8499/1/5 8474/1/5 8473/1/5
f 8499/3/5 8475/3/5 8474/3/5
f 8500/1/5 8476/1/5 8475/1/5
f 8500/3/5 8475/3/5 8499/3/5
f 8501/1/5 8476/1/5 8500/1/5
f 8502/3/5 8477/3/5 8476/3/5
f 8502/1/5 8476/1/5 8501/1/5
f 8503/1/5 8479/1/5 8478/1/5
f 8503/3/5 8477/3/5 8502/3/5
f 8503/1/5 8478/1/5 8477/1/5
f 8504/1/5 8479/1/5 8503/1/5
f 8505/3/5 8480/3/5 8479/3/5
f 8505/1/5 8479/1/5 8504/1/5
f 8506/1/5 8481/1/5 8480/1/5
f 8506/3/5 8480/3/5 8505/3/5
f 8507/1/5 8483/1/5 8482/1/5
f 8507/3/5 8484/3/5 8483/3/5
f 8508/1/5 8485/1/5 8484/1/5
f 8508/3/5 8484/3/5 8507/3/5
f 8509/1/5 8485/1/5 8508/1/5
f 8510/3/5 8486/3/5 8485/3/5
f 8510/1/5 8485/1/5 8509/1/5
f 8511/1/5 8488/1/5 8487/1/5
f 8511/3/5 8486/3/5 8510/3/5
f 8511/1/5 8487/1/5 8486/1/5
f 8512/1/5 8488/1/5 8511/1/5
f 8513/3/5 8489/3/5 8488/3/5
f 8513/1/5 8488/1/5 8512/1/5
f 8514/1/5 8490/1/5 8489/1/5
f 8514/3/5 8489/3/5 8513/3/5
f 8515/3/5 8493/3/5 8492/3/5
f 8515/1/5 8492/1/5 8491/1/5
f 8516/1/5 8494/1/5 8493/1/5
f 8516/3/5 8493/3/5 8515/3/5
f 8516/1/5 8496/1/5 8495/1/5
f 8516/1/5 8495/1/5 8494/1/5
f 8517/1/5 8496/1/5 8516/1/5
f 8518/3/5 8497/3/5 8496/3/5
f 8518/1/5 8496/1/5 8517/1/5
f 8519/1/5 8498/1/5 8497/1/5
f 8519/3/5 8497/3/5 8518/3/5
f 8520/3/5 8501/3/5 8500/3/5
f 8520/1/5 8500/1/5 8499/1/5
f 8521/1/5 8502/1/5 8501/1/5
f 8521/3/5 8501/3/5 8520/3/5
f 8521/1/5 8504/1/5 8503/1/5
f 8521/1/5 8503/1/5 8502/1/5
f 8522/1/5 8504/1/5 8521/1/5
f 8523/3/5 8505/3/5 8504/3/5
f 8523/1/5 8504/1/5 8522/1/5
f 8524/1/5 8506/1/5 8505/1/5
f 8524/3/5 8505/3/5 8523/3/5
f 8525/3/5 8509/3/5 8508/3/5
f 8525/1/5 8508/1/5 8507/1/5
f 8526/1/5 8510/1/5 8509/1/5
f 8526/3/5 8509/3/5 8525/3/5
f 8526/1/5 8511/1/5 8510/1/5
f 8526/1/5 8512/1/5 8511/1/5
f 8527/1/5 8512/1/5 8526/1/5
f 8528/3/5 8513/3/5 8512/3/5
f 8528/1/5 8512/1/5 8527/1/5
f 8529/1/5 8514/1/5 8513/1/5
f 8529/3/5 8513/3/5 8528/3/5
f 8530/1/5 8516/1/5 8515/1/5
f 8530/3/5 8517/3/5 8516/3/5
f 8531/1/5 8518/1/5 8517/1/5
f 8531/3/5 8517/3/5 8530/3/5
f 8531/1/5 8519/1/5 8518/1/5
f 8532/1/5 8519/1/5 8531/1/5
f 8533/1/5 8521/1/5 8520/1/5
f 8533/1/5 8522/1/5 8521/1/5
f 8534/3/5 8523/3/5 8522/3/5
f 8534/1/5 8522/1/5 8533/1/5
f 8535/1/5 8524/1/5 8523/1/5
f 8535/3/5 8523/3/5 8534/3/5
f 8536/1/5 8527/1/5 8526/1/5
f 8536/1/5 8526/1/5 8525/1/5
f 8537/3/5 8528/3/5 8527/3/5
f 8537/1/5 8527/1/5 8536/1/5
f 8538/1/5 8529/1/5 8528/1/5
f 8538/3/5 8528/3/5 8537/3/5
f 8539/3/5 8532/3/5 8531/3/5
f 8539/1/5 8531/1/5 8530/1/5
f 8540/1/5 8519/1/5 8532/1/5
f 8540/3/5 8532/3/5 8539/3/5
f 8541/1/5 8519/1/5 8540/1/5
f 8542/1/5 8498/1/5 8519/1/5
f 8542/1/5 8519/1/5 8541/1/5
f 8543/1/5 8472/1/5 8498/1/5
f 8543/1/5 8498/1/5 8542/1/5
f 8544/1/5 8520/1/5 8499/1/5
f 8544/1/5 8499/1/5 8473/1/5
f 8544/1/5 8533/1/5 8520/1/5
f 8545/1/5 8533/1/5 8544/1/5
f 8546/1/5 8533/1/5 8545/1/5
f 8547/3/5 8534/3/5 8533/3/5
f 8547/1/5 8533/1/5 8546/1/5
f 8548/1/5 8535/1/5 8534/1/5
f 8548/3/5 8534/3/5 8547/3/5
f 8549/1/5 8525/1/5 8507/1/5
f 8549/1/5 8507/1/5 8482/1/5
f 8549/1/5 8536/1/5 8525/1/5
f 8550/1/5 8536/1/5 8549/1/5
f 8551/1/5 8536/1/5 8550/1/5
f 8552/3/5 8537/3/5 8536/3/5
f 8552/1/5 8536/1/5 8551/1/5
f 8553/1/5 8538/1/5 8537/1/5
f 8553/3/5 8537/3/5 8552/3/5
f 8554/1/5 8515/1/5 8491/1/5
f 8554/1/5 8491/1/5 8464/1/5
f 8554/3/5 8446/3/5 8399/3/5
f 8554/1/5 8539/1/5 8530/1/5
f 8554/1/5 8464/1/5 8446/1/5
f 8554/1/5 8530/1/5 8515/1/5
f 8554/1/5 8540/1/5 8539/1/5
f 8555/1/5 8540/1/5 8554/1/5
f 8556/3/5 8541/3/5 8540/3/5
f 8556/1/5 8540/1/5 8555/1/5
f 8557/1/5 8542/1/5 8541/1/5
f 8557/3/5 8541/3/5 8556/3/5
f 8558/3/5 8543/3/5 8542/3/5
f 8558/1/5 8542/1/5 8557/1/5
f 8559/1/5 8472/1/5 8543/1/5
f 8559/3/5 8543/3/5 8558/3/5
f 8560/1/5 8405/1/5 8451/1/5
f 8560/1/5 8472/1/5 8559/1/5
f 8560/1/5 8451/1/5 8472/1/5
f 8561/1/5 8452/1/5 8408/1/5
f 8561/1/5 8544/1/5 8473/1/5
f 8561/1/5 8473/1/5 8452/1/5
f 8562/3/5 8545/3/5 8544/3/5
f 8562/1/5 8544/1/5 8561/1/5
f 8563/1/5 8546/1/5 8545/1/5
f 8563/3/5 8545/3/5 8562/3/5
f 8564/3/5 8547/3/5 8546/3/5
f 8564/1/5 8546/1/5 8563/1/5
f 8565/1/5 8548/1/5 8547/1/5
f 8565/3/5 8547/3/5 8564/3/5
f 8566/1/5 8535/1/5 8548/1/5
f 8566/1/5 8548/1/5 8565/1/5
f 8566/1/5 8481/1/5 8506/1/5
f 8566/1/5 8457/1/5 8481/1/5
f 8566/1/5 8506/1/5 8524/1/5
f 8566/1/5 8524/1/5 8535/1/5
f 8567/3/5 8414/3/5 8457/3/5
f 8567/1/5 8457/1/5 8566/1/5
f 8568/1/5 8549/1/5 8482/1/5
f 8568/1/5 8458/1/5 8416/1/5
f 8568/1/5 8482/1/5 8458/1/5
f 8569/3/5 8550/3/5 8549/3/5
f 8569/1/5 8549/1/5 8568/1/5
f 8570/1/5 8551/1/5 8550/1/5
f 8570/3/5 8550/3/5 8569/3/5
f 8571/3/5 8552/3/5 8551/3/5
f 8571/1/5 8551/1/5 8570/1/5
f 8572/1/5 8553/1/5 8552/1/5
f 8572/3/5 8552/3/5 8571/3/5
f 8573/1/5 8538/1/5 8553/1/5
f 8573/1/5 8553/1/5 8572/1/5
f 8573/1/5 8514/1/5 8529/1/5
f 8573/1/5 8490/1/5 8514/1/5
f 8573/1/5 8529/1/5 8538/1/5
f 8573/1/5 8463/1/5 8490/1/5
f 8574/3/5 8422/3/5 8463/3/5
f 8574/1/5 8463/1/5 8573/1/5
f 8575/4/5 8424/4/5 8423/4/5
f 8576/4/5 8399/4/5 8424/4/5
f 8576/4/5 8424/4/5 8575/4/5
f 8577/1/5 8558/1/5 8557/1/5
f 8577/1/5 8559/1/5 8558/1/5
f 8577/1/5 8557/1/5 8556/1/5
f 8577/3/5 8560/3/5 8559/3/5
f 8577/1/5 8556/1/5 8555/1/5
f 8578/1/5 8405/1/5 8560/1/5
f 8578/3/5 8560/3/5 8577/3/5
f 8579/1/5 8405/1/5 8578/1/5
f 8580/1/5 8405/1/5 8579/1/5
f 8581/3/5 8406/3/5 8405/3/5
f 8581/1/5 8405/1/5 8580/1/5
f 8582/4/5 8430/4/5 8406/4/5
f 8582/4/5 8431/4/5 8430/4/5
f 8583/4/5 8407/4/5 8431/4/5
f 8583/4/5 8431/4/5 8582/4/5
f 8584/3/5 8408/3/5 8407/3/5
f 8584/1/5 8561/1/5 8408/1/5
f 8585/1/5 8561/1/5 8584/1/5
f 8586/1/5 8561/1/5 8585/1/5
f 8587/3/5 8562/3/5 8561/3/5
f 8587/1/5 8561/1/5 8586/1/5
f 8588/1/5 8566/1/5 8565/1/5
f 8588/3/5 8562/3/5 8587/3/5
f 8588/1/5 8565/1/5 8564/1/5
f 8588/1/5 8564/1/5 8563/1/5
f 8588/1/5 8563/1/5 8562/1/5
f 8589/4/5 8437/4/5 8414/4/5
f 8589/4/5 8438/4/5 8437/4/5
f 8590/4/5 8415/4/5 8438/4/5
f 8590/4/5 8438/4/5 8589/4/5
f 8591/3/5 8416/3/5 8415/3/5
f 8591/1/5 8568/1/5 8416/1/5
f 8592/1/5 8568/1/5 8591/1/5
f 8593/1/5 8568/1/5 8592/1/5
f 8594/3/5 8569/3/5 8568/3/5
f 8594/1/5 8568/1/5 8593/1/5
f 8595/1/5 8572/1/5 8571/1/5
f 8595/3/5 8569/3/5 8594/3/5
f 8595/1/5 8571/1/5 8570/1/5
f 8595/1/5 8573/1/5 8572/1/5
f 8595/1/5 8570/1/5 8569/1/5
f 8596/4/5 8444/4/5 8422/4/5
f 8596/4/5 8445/4/5 8444/4/5
f 8597/4/5 8445/4/5 8596/4/5
f 8598/4/5 8399/4/5 8576/4/5
f 8598/3/5 8555/3/5 8554/3/5
f 8598/3/5 8554/3/5 8399/3/5
f 8599/3/5 8555/3/5 8598/3/5
f 8600/1/5 8577/1/5 8555/1/5
f 8600/1/5 8578/1/5 8577/1/5
f 8601/1/5 8578/1/5 8600/1/5
f 8602/3/5 8579/3/5 8578/3/5
f 8602/1/5 8578/1/5 8601/1/5
f 8603/1/5 8580/1/5 8579/1/5
f 8603/3/5 8579/3/5 8602/3/5
f 8604/1/5 8580/1/5 8603/1/5
f 8605/3/5 8406/3/5 8581/3/5
f 8605/3/5 8581/3/5 8580/3/5
f 8606/4/5 8582/4/5 8406/4/5
f 8606/3/5 8406/3/5 8605/3/5
f 8607/4/5 8407/4/5 8583/4/5
f 8607/3/5 8585/3/5 8584/3/5
f 8607/3/5 8584/3/5 8407/3/5
f 8608/3/5 8585/3/5 8607/3/5
f 8609/1/5 8586/1/5 8585/1/5
f 8610/3/5 8587/3/5 8586/3/5
f 8610/1/5 8586/1/5 8609/1/5
f 8611/1/5 8588/1/5 8587/1/5
f 8611/3/5 8587/3/5 8610/3/5
f 8612/1/5 8566/1/5 8588/1/5
f 8612/1/5 8588/1/5 8611/1/5
f 8613/1/5 8566/1/5 8612/1/5
f 8614/3/5 8414/3/5 8567/3/5
f 8614/3/5 8567/3/5 8566/3/5
f 8615/4/5 8589/4/5 8414/4/5
f 8615/3/5 8414/3/5 8614/3/5
f 8616/4/5 8415/4/5 8590/4/5
f 8616/3/5 8592/3/5 8591/3/5
f 8616/3/5 8591/3/5 8415/3/5
f 8617/3/5 8592/3/5 8616/3/5
f 8618/1/5 8593/1/5 8592/1/5
f 8619/3/5 8594/3/5 8593/3/5
f 8619/1/5 8593/1/5 8618/1/5
f 8620/1/5 8595/1/5 8594/1/5
f 8620/3/5 8594/3/5 8619/3/5
f 8621/1/5 8573/1/5 8595/1/5
f 8621/1/5 8595/1/5 8620/1/5
f 8622/1/5 8573/1/5 8621/1/5
f 8623/3/5 8422/3/5 8574/3/5
f 8623/3/5 8574/3/5 8573/3/5
f 8624/4/5 8596/4/5 8422/4/5
f 8624/3/5 8422/3/5 8623/3/5
f 8625/3/5 8555/3/5 8599/3/5
f 8625/1/5 8600/1/5 8555/1/5
f 8626/1/5 8600/1/5 8625/1/5
f 8627/1/5 8600/1/5 8626/1/5
f 8628/3/5 8601/3/5 8600/3/5
f 8628/1/5 8600/1/5 8627/1/5
f 8629/1/5 8602/1/5 8601/1/5
f 8629/3/5 8601/3/5 8628/3/5
f 8629/1/5 8603/1/5 8602/1/5
f 8630/1/5 8603/1/5 8629/1/5
f 8631/1/5 8603/1/5 8630/1/5
f 8632/3/5 8604/3/5 8603/3/5
f 8632/1/5 8603/1/5 8631/1/5
f 8633/1/5 8580/1/5 8604/1/5
f 8633/3/5 8604/3/5 8632/3/5
f 8634/1/5 8580/1/5 8633/1/5
f 8635/1/5 8609/1/5 8585/1/5
f 8636/3/5 8610/3/5 8609/3/5
f 8636/1/5 8609/1/5 8635/1/5
f 8637/1/5 8611/1/5 8610/1/5
f 8637/3/5 8610/3/5 8636/3/5
f 8637/1/5 8612/1/5 8611/1/5
f 8638/1/5 8612/1/5 8637/1/5
f 8639/1/5 8612/1/5 8638/1/5
f 8640/3/5 8613/3/5 8612/3/5
f 8640/1/5 8612/1/5 8639/1/5
f 8641/1/5 8566/1/5 8613/1/5
f 8641/3/5 8613/3/5 8640/3/5
f 8642/1/5 8566/1/5 8641/1/5
f 8643/1/5 8566/1/5 8642/1/5
f 8644/3/5 8614/3/5 8566/3/5
f 8644/1/5 8566/1/5 8643/1/5
f 8645/1/5 8618/1/5 8592/1/5
f 8646/3/5 8619/3/5 8618/3/5
f 8646/1/5 8618/1/5 8645/1/5
f 8647/1/5 8620/1/5 8619/1/5
f 8647/3/5 8619/3/5 8646/3/5
f 8647/1/5 8621/1/5 8620/1/5
f 8648/1/5 8621/1/5 8647/1/5
f 8649/1/5 8621/1/5 8648/1/5
f 8650/3/5 8622/3/5 8621/3/5
f 8650/1/5 8621/1/5 8649/1/5
f 8651/1/5 8573/1/5 8622/1/5
f 8651/3/5 8622/3/5 8650/3/5
f 8652/1/5 8573/1/5 8651/1/5
f 8653/1/5 8573/1/5 8652/1/5
f 8654/3/5 8623/3/5 8573/3/5
f 8654/1/5 8573/1/5 8653/1/5
f 8655/4/5 8599/4/5 8598/4/5
f 8655/3/5 8626/3/5 8625/3/5
f 8655/3/5 8625/3/5 8599/3/5
f 8656/3/5 8626/3/5 8655/3/5
f 8657/1/5 8627/1/5 8626/1/5
f 8658/3/5 8628/3/5 8627/3/5
f 8658/1/5 8627/1/5 8657/1/5
f 8659/1/5 8629/1/5 8628/1/5
f 8659/3/5 8628/3/5 8658/3/5
f 8659/1/5 8630/1/5 8629/1/5
f 8660/1/5 8632/1/5 8631/1/5
f 8660/3/5 8634/3/5 8633/3/5
f 8660/1/5 8633/1/5 8632/1/5
f 8661/1/5 8580/1/5 8634/1/5
f 8661/3/5 8634/3/5 8660/3/5
f 8662/3/5 8605/3/5 8580/3/5
f 8662/1/5 8580/1/5 8661/1/5
f 8663/4/5 8606/4/5 8605/4/5
f 8663/3/5 8605/3/5 8662/3/5
f 8664/3/5 8585/3/5 8608/3/5
f 8664/4/5 8608/4/5 8607/4/5
f 8665/1/5 8635/1/5 8585/1/5
f 8665/3/5 8585/3/5 8664/3/5
f 8666/3/5 8636/3/5 8635/3/5
f 8666/1/5 8635/1/5 8665/1/5
f 8667/1/5 8637/1/5 8636/1/5
f 8667/3/5 8636/3/5 8666/3/5
f 8667/1/5 8638/1/5 8637/1/5
f 8668/1/5 8640/1/5 8639/1/5
f 8668/1/5 8641/1/5 8640/1/5
f 8668/3/5 8642/3/5 8641/3/5
f 8669/1/5 8643/1/5 8642/1/5
f 8669/3/5 8642/3/5 8668/3/5
f 8670/1/5 8643/1/5 8669/1/5
f 8671/3/5 8614/3/5 8644/3/5
f 8671/3/5 8644/3/5 8643/3/5
f 8672/4/5 8615/4/5 8614/4/5
f 8672/3/5 8614/3/5 8671/3/5
f 8673/3/5 8592/3/5 8617/3/5
f 8673/4/5 8617/4/5 8616/4/5
f 8674/1/5 8645/1/5 8592/1/5
f 8674/3/5 8592/3/5 8673/3/5
f 8675/3/5 8646/3/5 8645/3/5
f 8675/1/5 8645/1/5 8674/1/5
f 8676/1/5 8648/1/5 8647/1/5
f 8676/3/5 8646/3/5 8675/3/5
f 8676/1/5 8647/1/5 8646/1/5
f 8677/1/5 8650/1/5 8649/1/5
f 8677/3/5 8652/3/5 8651/3/5
f 8677/1/5 8651/1/5 8650/1/5
f 8678/1/5 8653/1/5 8652/1/5
f 8678/3/5 8652/3/5 8677/3/5
f 8679/1/5 8653/1/5 8678/1/5
f 8680/3/5 8623/3/5 8654/3/5
f 8680/3/5 8654/3/5 8653/3/5
f 8681/4/5 8624/4/5 8623/4/5
f 8681/3/5 8623/3/5 8680/3/5
f 8682/4/5 8598/4/5 8576/4/5
f 8682/4/5 8656/4/5 8655/4/5
f 8682/4/5 8655/4/5 8598/4/5
f 8683/4/5 8656/4/5 8682/4/5
f 8684/1/5 8657/1/5 8626/1/5
f 8684/3/5 8626/3/5 8656/3/5
f 8685/1/5 8657/1/5 8684/1/5
f 8686/1/5 8657/1/5 8685/1/5
f 8687/3/5 8658/3/5 8657/3/5
f 8687/1/5 8657/1/5 8686/1/5
f 8688/1/5 8659/1/5 8658/1/5
f 8688/3/5 8658/3/5 8687/3/5
f 8689/4/5 8582/4/5 8606/4/5
f 8689/4/5 8606/4/5 8663/4/5
f 8689/4/5 8663/4/5 8662/4/5
f 8690/4/5 8582/4/5 8689/4/5
f 8691/4/5 8665/4/5 8664/4/5
f 8691/4/5 8664/4/5 8607/4/5
f 8691/4/5 8607/4/5 8583/4/5
f 8692/4/5 8665/4/5 8691/4/5
f 8693/3/5 8670/3/5 8669/3/5
f 8693/1/5 8669/1/5 8668/1/5
f 8694/1/5 8643/1/5 8670/1/5
f 8694/3/5 8670/3/5 8693/3/5
f 8695/1/5 8643/1/5 8694/1/5
f 8696/1/5 8643/1/5 8695/1/5
f 8697/3/5 8671/3/5 8643/3/5
f 8697/1/5 8643/1/5 8696/1/5
f 8698/4/5 8589/4/5 8615/4/5
f 8698/4/5 8615/4/5 8672/4/5
f 8698/4/5 8672/4/5 8671/4/5
f 8699/4/5 8589/4/5 8698/4/5
f 8700/4/5 8674/4/5 8673/4/5
f 8700/4/5 8673/4/5 8616/4/5
f 8700/4/5 8616/4/5 8590/4/5
f 8701/4/5 8674/4/5 8700/4/5
f 8702/3/5 8679/3/5 8678/3/5
f 8702/1/5 8678/1/5 8677/1/5
f 8703/1/5 8653/1/5 8679/1/5
f 8703/3/5 8679/3/5 8702/3/5
f 8704/1/5 8653/1/5 8703/1/5
f 8705/1/5 8653/1/5 8704/1/5
f 8706/3/5 8680/3/5 8653/3/5
f 8706/1/5 8653/1/5 8705/1/5
f 8707/4/5 8596/4/5 8624/4/5
f 8707/4/5 8624/4/5 8681/4/5
f 8707/4/5 8681/4/5 8680/4/5
f 8708/4/5 8596/4/5 8707/4/5
f 8709/4/5 8656/4/5 8683/4/5
f 8709/3/5 8684/3/5 8656/3/5
f 8709/3/5 8685/3/5 8684/3/5
f 8710/3/5 8685/3/5 8709/3/5
f 8711/1/5 8686/1/5 8685/1/5
f 8712/3/5 8687/3/5 8686/3/5
f 8712/1/5 8686/1/5 8711/1/5
f 8713/1/5 8688/1/5 8687/1/5
f 8713/3/5 8687/3/5 8712/3/5
f 8714/3/5 8662/3/5 8661/3/5
f 8715/4/5 8689/4/5 8662/4/5
f 8715/3/5 8662/3/5 8714/3/5
f 8716/4/5 8665/4/5 8692/4/5
f 8716/3/5 8666/3/5 8665/3/5
f 8717/3/5 8666/3/5 8716/3/5
f 8718/1/5 8694/1/5 8693/1/5
f 8718/3/5 8695/3/5 8694/3/5
f 8719/1/5 8696/1/5 8695/1/5
f 8719/3/5 8695/3/5 8718/3/5
f 8720/1/5 8696/1/5 8719/1/5
f 8721/3/5 8671/3/5 8697/3/5
f 8721/3/5 8697/3/5 8696/3/5
f 8722/4/5 8698/4/5 8671/4/5
f 8722/3/5 8671/3/5 8721/3/5
f 8723/4/5 8674/4/5 8701/4/5
f 8723/3/5 8675/3/5 8674/3/5
f 8724/3/5 8675/3/5 8723/3/5
f 8725/1/5 8703/1/5 8702/1/5
f 8725/3/5 8704/3/5 8703/3/5
f 8726/1/5 8705/1/5 8704/1/5
f 8726/3/5 8704/3/5 8725/3/5
f 8727/1/5 8705/1/5 8726/1/5
f 8728/3/5 8680/3/5 8706/3/5
f 8728/3/5 8706/3/5 8705/3/5
f 8729/4/5 8707/4/5 8680/4/5
f 8729/3/5 8680/3/5 8728/3/5
f 8730/4/5 8709/4/5 8683/4/5
f 8730/4/5 8710/4/5 8709/4/5
f 8731/4/5 8710/4/5 8730/4/5
f 8732/1/5 8711/1/5 8685/1/5
f 8732/3/5 8685/3/5 8710/3/5
f 8733/1/5 8711/1/5 8732/1/5
f 8734/1/5 8661/1/5 8660/1/5
f 8735/3/5 8714/3/5 8661/3/5
f 8735/1/5 8661/1/5 8734/1/5
f 8736/4/5 8689/4/5 8715/4/5
f 8736/4/5 8715/4/5 8714/4/5
f 8737/4/5 8689/4/5 8736/4/5
f 8738/4/5 8717/4/5 8716/4/5
f 8738/4/5 8716/4/5 8692/4/5
f 8739/4/5 8717/4/5 8738/4/5
f 8740/3/5 8666/3/5 8717/3/5
f 8740/1/5 8667/1/5 8666/1/5
f 8741/1/5 8667/1/5 8740/1/5
f 8742/1/5 8696/1/5 8720/1/5
f 8743/3/5 8721/3/5 8696/3/5
f 8743/1/5 8696/1/5 8742/1/5
f 8744/4/5 8698/4/5 8722/4/5
f 8744/4/5 8722/4/5 8721/4/5
f 8745/4/5 8698/4/5 8744/4/5
f 8746/4/5 8724/4/5 8723/4/5
f 8746/4/5 8723/4/5 8701/4/5
f 8747/4/5 8724/4/5 8746/4/5
f 8748/3/5 8675/3/5 8724/3/5
f 8748/1/5 8676/1/5 8675/1/5
f 8749/1/5 8676/1/5 8748/1/5
f 8750/1/5 8705/1/5 8727/1/5
f 8751/3/5 8728/3/5 8705/3/5
f 8751/1/5 8705/1/5 8750/1/5
f 8752/4/5 8707/4/5 8729/4/5
f 8752/4/5 8729/4/5 8728/4/5
f 8753/4/5 8707/4/5 8752/4/5
f 8754/4/5 8710/4/5 8731/4/5
f 8755/4/5 8710/4/5 8754/4/5
f 8756/3/5 8732/3/5 8710/3/5
f 8756/4/5 8710/4/5 8755/4/5
f 8756/3/5 8733/3/5 8732/3/5
f 8757/3/5 8733/3/5 8756/3/5
f 8758/1/5 8711/1/5 8733/1/5
f 8758/3/5 8733/3/5 8757/3/5
f 8759/1/5 8711/1/5 8758/1/5
f 8760/1/5 8711/1/5 8759/1/5
f 8761/3/5 8712/3/5 8711/3/5
f 8761/1/5 8711/1/5 8760/1/5
f 8762/1/5 8713/1/5 8712/1/5
f 8762/3/5 8712/3/5 8761/3/5
f 8763/1/5 8659/1/5 8688/1/5
f 8763/1/5 8713/1/5 8762/1/5
f 8763/1/5 8630/1/5 8659/1/5
f 8763/1/5 8688/1/5 8713/1/5
f 8764/3/5 8631/3/5 8630/3/5
f 8764/1/5 8630/1/5 8763/1/5
f 8765/1/5 8660/1/5 8631/1/5
f 8765/3/5 8631/3/5 8764/3/5
f 8765/1/5 8734/1/5 8660/1/5
f 8766/1/5 8734/1/5 8765/1/5
f 8767/3/5 8735/3/5 8734/3/5
f 8767/1/5 8734/1/5 8766/1/5
f 8768/3/5 8714/3/5 8735/3/5
f 8768/3/5 8735/3/5 8767/3/5
f 8769/4/5 8736/4/5 8714/4/5
f 8769/3/5 8714/3/5 8768/3/5
f 8770/4/5 8736/4/5 8769/4/5
f 8771/4/5 8736/4/5 8770/4/5
f 8772/4/5 8717/4/5 8739/4/5
f 8773/4/5 8717/4/5 8772/4/5
f 8774/3/5 8741/3/5 8740/3/5
f 8774/4/5 8717/4/5 8773/4/5
f 8774/3/5 8740/3/5 8717/3/5
f 8775/3/5 8741/3/5 8774/3/5
f 8776/1/5 8667/1/5 8741/1/5
f 8776/3/5 8741/3/5 8775/3/5
f 8777/1/5 8638/1/5 8667/1/5
f 8777/1/5 8667/1/5 8776/1/5
f 8778/3/5 8639/3/5 8638/3/5
f 8778/1/5 8638/1/5 8777/1/5
f 8779/1/5 8693/1/5 8668/1/5
f 8779/3/5 8639/3/5 8778/3/5
f 8779/1/5 8718/1/5 8693/1/5
f 8779/1/5 8668/1/5 8639/1/5
f 8779/1/5 8719/1/5 8718/1/5
f 8780/1/5 8719/1/5 8779/1/5
f 8781/3/5 8720/3/5 8719/3/5
f 8781/1/5 8719/1/5 8780/1/5
f 8782/1/5 8742/1/5 8720/1/5
f 8782/3/5 8720/3/5 8781/3/5
f 8783/1/5 8742/1/5 8782/1/5
f 8784/1/5 8742/1/5 8783/1/5
f 8785/3/5 8743/3/5 8742/3/5
f 8785/1/5 8742/1/5 8784/1/5
f 8786/3/5 8721/3/5 8743/3/5
f 8786/3/5 8743/3/5 8785/3/5
f 8787/4/5 8744/4/5 8721/4/5
f 8787/3/5 8721/3/5 8786/3/5
f 8788/4/5 8744/4/5 8787/4/5
f 8789/4/5 8744/4/5 8788/4/5
f 8790/4/5 8724/4/5 8747/4/5
f 8791/4/5 8724/4/5 8790/4/5
f 8792/3/5 8749/3/5 8748/3/5
f 8792/4/5 8724/4/5 8791/4/5
f 8792/3/5 8748/3/5 8724/3/5
f 8793/3/5 8749/3/5 8792/3/5
f 8794/1/5 8676/1/5 8749/1/5
f 8794/3/5 8749/3/5 8793/3/5
f 8795/1/5 8648/1/5 8676/1/5
f 8795/1/5 8676/1/5 8794/1/5
f 8796/3/5 8649/3/5 8648/3/5
f 8796/1/5 8648/1/5 8795/1/5
f 8797/1/5 8677/1/5 8649/1/5
f 8797/3/5 8649/3/5 8796/3/5
f 8797/1/5 8702/1/5 8677/1/5
f 8797/1/5 8725/1/5 8702/1/5
f 8797/1/5 8726/1/5 8725/1/5
f 8798/1/5 8726/1/5 8797/1/5
f 8799/3/5 8727/3/5 8726/3/5
f 8799/1/5 8726/1/5 8798/1/5
f 8800/1/5 8750/1/5 8727/1/5
f 8800/3/5 8727/3/5 8799/3/5
f 8801/1/5 8750/1/5 8800/1/5
f 8802/1/5 8750/1/5 8801/1/5
f 8803/3/5 8751/3/5 8750/3/5
f 8803/1/5 8750/1/5 8802/1/5
f 8804/3/5 8728/3/5 8751/3/5
f 8804/3/5 8751/3/5 8803/3/5
f 8805/4/5 8752/4/5 8728/4/5
f 8805/3/5 8728/3/5 8804/3/5
f 8806/4/5 8752/4/5 8805/4/5
f 8807/4/5 8752/4/5 8806/4/5
f 8808/3/5 8759/3/5 8758/3/5
f 8808/4/5 8756/4/5 8755/4/5
f 8808/3/5 8758/3/5 8757/3/5
f 8808/4/5 8757/4/5 8756/4/5
f 8809/3/5 8759/3/5 8808/3/5
f 8810/1/5 8760/1/5 8759/1/5
f 8810/3/5 8759/3/5 8809/3/5
f 8811/3/5 8761/3/5 8760/3/5
f 8811/1/5 8760/1/5 8810/1/5
f 8812/1/5 8762/1/5 8761/1/5
f 8812/3/5 8761/3/5 8811/3/5
f 8812/1/5 8763/1/5 8762/1/5
f 8813/1/5 8766/1/5 8765/1/5
f 8813/1/5 8765/1/5 8764/1/5
f 8814/3/5 8767/3/5 8766/3/5
f 8814/1/5 8766/1/5 8813/1/5
f 8814/3/5 8768/3/5 8767/3/5
f 8815/3/5 8768/3/5 8814/3/5
f 8816/4/5 8770/4/5 8769/4/5
f 8816/3/5 8768/3/5 8815/3/5
f 8816/4/5 8769/4/5 8768/4/5
f 8817/4/5 8775/4/5 8774/4/5
f 8817/4/5 8774/4/5 8773/4/5
f 8817/3/5 8776/3/5 8775/3/5
f 8817/3/5 8777/3/5 8776/3/5
f 8818/3/5 8777/3/5 8817/3/5
f 8819/1/5 8778/1/5 8777/1/5
f 8819/3/5 8777/3/5 8818/3/5
f 8819/1/5 8779/1/5 8778/1/5
f 8820/1/5 8779/1/5 8819/1/5
f 8821/1/5 8781/1/5 8780/1/5
f 8821/3/5 8783/3/5 8782/3/5
f 8821/1/5 8782/1/5 8781/1/5
f 8822/1/5 8784/1/5 8783/1/5
f 8822/3/5 8783/3/5 8821/3/5
f 8823/3/5 8785/3/5 8784/3/5
f 8823/1/5 8784/1/5 8822/1/5
f 8823/3/5 8786/3/5 8785/3/5
f 8824/3/5 8786/3/5 8823/3/5
f 8825/4/5 8788/4/5 8787/4/5
f 8825/3/5 8786/3/5 8824/3/5
f 8825/4/5 8787/4/5 8786/4/5
f 8826/3/5 8794/3/5 8793/3/5
f 8826/3/5 8795/3/5 8794/3/5
f 8826/4/5 8793/4/5 8792/4/5
f 8826/4/5 8792/4/5 8791/4/5
f 8827/3/5 8795/3/5 8826/3/5
f 8828/1/5 8796/1/5 8795/1/5
f 8828/3/5 8795/3/5 8827/3/5
f 8828/1/5 8797/1/5 8796/1/5
f 8829/1/5 8797/1/5 8828/1/5
f 8830/1/5 8799/1/5 8798/1/5
f 8830/3/5 8801/3/5 8800/3/5
f 8830/1/5 8800/1/5 8799/1/5
f 8831/1/5 8802/1/5 8801/1/5
f 8831/3/5 8801/3/5 8830/3/5
f 8832/3/5 8804/3/5 8803/3/5
f 8832/1/5 8802/1/5 8831/1/5
f 8832/3/5 8803/3/5 8802/3/5
f 8833/3/5 8804/3/5 8832/3/5
f 8834/4/5 8806/4/5 8805/4/5
f 8834/3/5 8804/3/5 8833/3/5
f 8834/4/5 8805/4/5 8804/4/5
f 8835/4/5 8808/4/5 8755/4/5
f 8835/4/5 8809/4/5 8808/4/5
f 8836/4/5 8809/4/5 8835/4/5
f 8837/3/5 8811/3/5 8810/3/5
f 8837/4/5 8809/4/5 8836/4/5
f 8837/3/5 8810/3/5 8809/3/5
f 8838/3/5 8811/3/5 8837/3/5
f 8839/1/5 8812/1/5 8811/1/5
f 8839/3/5 8811/3/5 8838/3/5
f 8840/1/5 8763/1/5 8812/1/5
f 8840/1/5 8812/1/5 8839/1/5
f 8841/1/5 8813/1/5 8764/1/5
f 8842/3/5 8815/3/5 8814/3/5
f 8842/1/5 8813/1/5 8841/1/5
f 8842/3/5 8814/3/5 8813/3/5
f 8843/3/5 8815/3/5 8842/3/5
f 8844/4/5 8816/4/5 8815/4/5
f 8844/3/5 8815/3/5 8843/3/5
f 8845/4/5 8770/4/5 8816/4/5
f 8845/4/5 8816/4/5 8844/4/5
f 8846/4/5 8770/4/5 8845/4/5
f 8847/4/5 8818/4/5 8817/4/5
f 8847/4/5 8817/4/5 8773/4/5
f 8848/4/5 8818/4/5 8847/4/5
f 8849/3/5 8820/3/5 8819/3/5
f 8849/4/5 8818/4/5 8848/4/5
f 8849/3/5 8819/3/5 8818/3/5
f 8850/3/5 8820/3/5 8849/3/5
f 8851/1/5 8779/1/5 8820/1/5
f 8851/3/5 8820/3/5 8850/3/5
f 8852/1/5 8779/1/5 8851/1/5
f 8853/1/5 8822/1/5 8821/1/5
f 8853/1/5 8821/1/5 8780/1/5
f 8854/3/5 8824/3/5 8823/3/5
f 8854/1/5 8822/1/5 8853/1/5
f 8854/3/5 8823/3/5 8822/3/5
f 8855/3/5 8824/3/5 8854/3/5
f 8856/4/5 8825/4/5 8824/4/5
f 8856/3/5 8824/3/5 8855/3/5
f 8857/4/5 8788/4/5 8825/4/5
f 8857/4/5 8825/4/5 8856/4/5
f 8858/4/5 8788/4/5 8857/4/5
f 8859/4/5 8827/4/5 8826/4/5
f 8859/4/5 8826/4/5 8791/4/5
f 8860/4/5 8827/4/5 8859/4/5
f 8861/3/5 8829/3/5 8828/3/5
f 8861/4/5 8827/4/5 8860/4/5
f 8861/3/5 8828/3/5 8827/3/5
f 8862/3/5 8829/3/5 8861/3/5
f 8863/1/5 8797/1/5 8829/1/5
f 8863/3/5 8829/3/5 8862/3/5
f 8864/1/5 8797/1/5 8863/1/5
f 8865/1/5 8831/1/5 8830/1/5
f 8865/1/5 8830/1/5 8798/1/5
f 8866/3/5 8833/3/5 8832/3/5
f 8866/1/5 8831/1/5 8865/1/5
f 8866/3/5 8832/3/5 8831/3/5
f 8867/3/5 8833/3/5 8866/3/5
f 8868/4/5 8834/4/5 8833/4/5
f 8868/3/5 8833/3/5 8867/3/5
f 8869/4/5 8806/4/5 8834/4/5
f 8869/4/5 8834/4/5 8868/4/5
f 8870/4/5 8806/4/5 8869/4/5
f 8871/4/5 8838/4/5 8837/4/5
f 8871/4/5 8837/4/5 8836/4/5
f 8872/4/5 8838/4/5 8871/4/5
f 8873/3/5 8839/3/5 8838/3/5
f 8873/4/5 8838/4/5 8872/4/5
f 8873/3/5 8840/3/5 8839/3/5
f 8874/3/5 8840/3/5 8873/3/5
f 8875/1/5 8763/1/5 8840/1/5
f 8875/3/5 8840/3/5 8874/3/5
f 8876/1/5 8763/1/5 8875/1/5
f 8877/1/5 8841/1/5 8764/1/5
f 8878/3/5 8843/3/5 8842/3/5
f 8878/1/5 8841/1/5 8877/1/5
f 8878/3/5 8842/3/5 8841/3/5
f 8879/3/5 8843/3/5 8878/3/5
f 8880/4/5 8844/4/5 8843/4/5
f 8880/3/5 8843/3/5 8879/3/5
f 8880/4/5 8845/4/5 8844/4/5
f 8881/4/5 8845/4/5 8880/4/5
f 8882/4/5 8845/4/5 8881/4/5
f 8883/4/5 8850/4/5 8849/4/5
f 8883/4/5 8849/4/5 8848/4/5
f 8884/4/5 8850/4/5 8883/4/5
f 8885/3/5 8852/3/5 8851/3/5
f 8885/4/5 8850/4/5 8884/4/5
f 8885/3/5 8851/3/5 8850/3/5
f 8886/3/5 8852/3/5 8885/3/5
f 8887/1/5 8779/1/5 8852/1/5
f 8887/3/5 8852/3/5 8886/3/5
f 8888/1/5 8779/1/5 8887/1/5
f 8889/1/5 8853/1/5 8780/1/5
f 8890/3/5 8855/3/5 8854/3/5
f 8890/1/5 8853/1/5 8889/1/5
f 8890/3/5 8854/3/5 8853/3/5
f 8891/3/5 8855/3/5 8890/3/5
f 8892/4/5 8856/4/5 8855/4/5
f 8892/3/5 8855/3/5 8891/3/5
f 8892/4/5 8857/4/5 8856/4/5
f 8893/4/5 8857/4/5 8892/4/5
f 8894/4/5 8857/4/5 8893/4/5
f 8895/4/5 8862/4/5 8861/4/5
f 8895/4/5 8861/4/5 8860/4/5
f 8896/4/5 8862/4/5 8895/4/5
f 8897/3/5 8863/3/5 8862/3/5
f 8897/4/5 8862/4/5 8896/4/5
f 8897/3/5 8864/3/5 8863/3/5
f 8898/3/5 8864/3/5 8897/3/5
f 8899/1/5 8797/1/5 8864/1/5
f 8899/3/5 8864/3/5 8898/3/5
f 8900/1/5 8797/1/5 8899/1/5
f 8901/1/5 8865/1/5 8798/1/5
f 8902/3/5 8866/3/5 8865/3/5
f 8902/1/5 8865/1/5 8901/1/5
f 8902/3/5 8867/3/5 8866/3/5
f 8903/3/5 8867/3/5 8902/3/5
f 8904/4/5 8869/4/5 8868/4/5
f 8904/3/5 8867/3/5 8903/3/5
f 8904/4/5 8868/4/5 8867/4/5
f 8905/4/5 8869/4/5 8904/4/5
f 8906/4/5 8869/4/5 8905/4/5
f 8907/4/5 8874/4/5 8873/4/5
f 8907/4/5 8873/4/5 8872/4/5
f 8908/4/5 8874/4/5 8907/4/5
f 8909/3/5 8876/3/5 8875/3/5
f 8909/4/5 8874/4/5 8908/4/5
f 8909/3/5 8875/3/5 8874/3/5
f 8910/3/5 8876/3/5 8909/3/5
f 8911/1/5 8763/1/5 8876/1/5
f 8911/3/5 8876/3/5 8910/3/5
f 8912/1/5 8763/1/5 8911/1/5
f 8913/1/5 8877/1/5 8764/1/5
f 8914/3/5 8879/3/5 8878/3/5
f 8914/1/5 8877/1/5 8913/1/5
f 8914/3/5 8878/3/5 8877/3/5
f 8915/3/5 8879/3/5 8914/3/5
f 8916/4/5 8881/4/5 8880/4/5
f 8916/3/5 8879/3/5 8915/3/5
f 8916/4/5 8880/4/5 8879/4/5
f 8917/4/5 8881/4/5 8916/4/5
f 8918/4/5 8881/4/5 8917/4/5
f 8919/4/5 8886/4/5 8885/4/5
f 8919/4/5 8885/4/5 8884/4/5
f 8920/4/5 8886/4/5 8919/4/5
f 8921/3/5 8888/3/5 8887/3/5
f 8921/4/5 8886/4/5 8920/4/5
f 8921/3/5 8887/3/5 8886/3/5
f 8922/3/5 8888/3/5 8921/3/5
f 8923/1/5 8779/1/5 8888/1/5
f 8923/3/5 8888/3/5 8922/3/5
f 8924/1/5 8779/1/5 8923/1/5
f 8925/1/5 8889/1/5 8780/1/5
f 8926/3/5 8891/3/5 8890/3/5
f 8926/1/5 8889/1/5 8925/1/5
f 8926/3/5 8890/3/5 8889/3/5
f 8927/3/5 8891/3/5 8926/3/5
f 8928/4/5 8893/4/5 8892/4/5
f 8928/3/5 8891/3/5 8927/3/5
f 8928/4/5 8892/4/5 8891/4/5
f 8929/4/5 8893/4/5 8928/4/5
f 8930/4/5 8893/4/5 8929/4/5
f 8931/4/5 8898/4/5 8897/4/5
f 8931/4/5 8897/4/5 8896/4/5
f 8932/4/5 8898/4/5 8931/4/5
f 8933/3/5 8900/3/5 8899/3/5
f 8933/4/5 8898/4/5 8932/4/5
f 8933/3/5 8899/3/5 8898/3/5
f 8934/3/5 8900/3/5 8933/3/5
f 8935/1/5 8797/1/5 8900/1/5
f 8935/3/5 8900/3/5 8934/3/5
f 8936/1/5 8797/1/5 8935/1/5
f 8937/1/5 8901/1/5 8798/1/5
f 8938/3/5 8903/3/5 8902/3/5
f 8938/1/5 8901/1/5 8937/1/5
f 8938/3/5 8902/3/5 8901/3/5
f 8939/3/5 8903/3/5 8938/3/5
f 8940/4/5 8905/4/5 8904/4/5
f 8940/3/5 8903/3/5 8939/3/5
f 8940/4/5 8904/4/5 8903/4/5
f 8941/4/5 8905/4/5 8940/4/5
f 8942/4/5 8905/4/5 8941/4/5
f 8943/4/5 8910/4/5 8909/4/5
f 8943/4/5 8909/4/5 8908/4/5
f 8944/4/5 8910/4/5 8943/4/5
f 8945/3/5 8912/3/5 8911/3/5
f 8945/4/5 8910/4/5 8944/4/5
f 8945/3/5 8911/3/5 8910/3/5
f 8946/3/5 8912/3/5 8945/3/5
f 8947/1/5 8763/1/5 8912/1/5
f 8947/3/5 8912/3/5 8946/3/5
f 8948/3/5 8764/3/5 8763/3/5
f 8948/1/5 8763/1/5 8947/1/5
f 8949/1/5 8913/1/5 8764/1/5
f 8949/3/5 8764/3/5 8948/3/5
f 8950/3/5 8915/3/5 8914/3/5
f 8950/1/5 8913/1/5 8949/1/5
f 8950/3/5 8914/3/5 8913/3/5
f 8951/3/5 8915/3/5 8950/3/5
f 8952/4/5 8917/4/5 8916/4/5
f 8952/3/5 8915/3/5 8951/3/5
f 8952/4/5 8916/4/5 8915/4/5
f 8953/4/5 8917/4/5 8952/4/5
f 8954/4/5 8917/4/5 8953/4/5
f 8955/4/5 8922/4/5 8921/4/5
f 8955/4/5 8921/4/5 8920/4/5
f 8956/4/5 8922/4/5 8955/4/5
f 8957/3/5 8924/3/5 8923/3/5
f 8957/4/5 8922/4/5 8956/4/5
f 8957/3/5 8923/3/5 8922/3/5
f 8958/3/5 8924/3/5 8957/3/5
f 8959/1/5 8779/1/5 8924/1/5
f 8959/3/5 8924/3/5 8958/3/5
f 8960/3/5 8780/3/5 8779/3/5
f 8960/1/5 8779/1/5 8959/1/5
f 8961/1/5 8925/1/5 8780/1/5
f 8961/3/5 8780/3/5 8960/3/5
f 8962/3/5 8927/3/5 8926/3/5
f 8962/1/5 8925/1/5 8961/1/5
f 8962/3/5 8926/3/5 8925/3/5
f 8963/3/5 8927/3/5 8962/3/5
f 8964/4/5 8929/4/5 8928/4/5
f 8964/3/5 8927/3/5 8963/3/5
f 8964/4/5 8928/4/5 8927/4/5
f 8965/4/5 8929/4/5 8964/4/5
f 8966/4/5 8929/4/5 8965/4/5
f 8967/4/5 8934/4/5 8933/4/5
f 8967/4/5 8933/4/5 8932/4/5
f 8968/4/5 8934/4/5 8967/4/5
f 8969/3/5 8936/3/5 8935/3/5
f 8969/4/5 8934/4/5 8968/4/5
f 8969/3/5 8935/3/5 8934/3/5
f 8970/3/5 8936/3/5 8969/3/5
f 8971/1/5 8797/1/5 8936/1/5
f 8971/3/5 8936/3/5 8970/3/5
f 8972/3/5 8798/3/5 8797/3/5
f 8972/1/5 8797/1/5 8971/1/5
f 8973/1/5 8937/1/5 8798/1/5
f 8973/3/5 8798/3/5 8972/3/5
f 8974/3/5 8939/3/5 8938/3/5
f 8974/1/5 8937/1/5 8973/1/5
f 8974/3/5 8938/3/5 8937/3/5
f 8975/3/5 8939/3/5 8974/3/5
f 8976/4/5 8941/4/5 8940/4/5
f 8976/3/5 8939/3/5 8975/3/5
f 8976/4/5 8940/4/5 8939/4/5
f 8977/4/5 8941/4/5 8976/4/5
f 8978/4/5 8941/4/5 8977/4/5
f 8979/4/5 8946/4/5 8945/4/5
f 8979/4/5 8945/4/5 8944/4/5
f 8980/4/5 8946/4/5 8979/4/5
f 8981/3/5 8948/3/5 8947/3/5
f 8981/4/5 8946/4/5 8980/4/5
f 8981/3/5 8947/3/5 8946/3/5
f 8981/3/5 8949/3/5 8948/3/5
f 8981/3/5 8950/3/5 8949/3/5
f 8981/3/5 8951/3/5 8950/3/5
f 8982/4/5 8952/4/5 8951/4/5
f 8982/3/5 8951/3/5 8981/3/5
f 8982/4/5 8953/4/5 8952/4/5
f 8983/4/5 8953/4/5 8982/4/5
f 8984/4/5 8953/4/5 8983/4/5
f 8985/4/5 8958/4/5 8957/4/5
f 8985/4/5 8957/4/5 8956/4/5
f 8986/4/5 8958/4/5 8985/4/5
f 8987/3/5 8960/3/5 8959/3/5
f 8987/4/5 8958/4/5 8986/4/5
f 8987/3/5 8961/3/5 8960/3/5
f 8987/3/5 8959/3/5 8958/3/5
f 8987/3/5 8963/3/5 8962/3/5
f 8987/3/5 8962/3/5 8961/3/5
f 8988/4/5 8964/4/5 8963/4/5
f 8988/3/5 8963/3/5 8987/3/5
f 8988/4/5 8965/4/5 8964/4/5
f 8989/4/5 8965/4/5 8988/4/5
f 8990/4/5 8965/4/5 8989/4/5
f 8991/4/5 8970/4/5 8969/4/5
f 8991/4/5 8969/4/5 8968/4/5
f 8992/4/5 8970/4/5 8991/4/5
f 8993/3/5 8972/3/5 8971/3/5
f 8993/4/5 8970/4/5 8992/4/5
f 8993/3/5 8973/3/5 8972/3/5
f 8993/3/5 8975/3/5 8974/3/5
f 8993/3/5 8974/3/5 8973/3/5
f 8993/3/5 8971/3/5 8970/3/5
f 8994/4/5 8977/4/5 8976/4/5
f 8994/3/5 8975/3/5 8993/3/5
f 8994/4/5 8976/4/5 8975/4/5
f 8995/4/5 8977/4/5 8994/4/5
f 8996/4/5 8977/4/5 8995/4/5
f 8997/4/5 8982/4/5 8981/4/5
f 8997/4/5 8981/4/5 8980/4/5
f 8997/4/5 8983/4/5 8982/4/5
f 8998/4/5 8983/4/5 8997/4/5
f 8999/4/5 8983/4/5 8998/4/5
f 9000/4/5 8983/4/5 8999/4/5
f 9001/4/5 8987/4/5 8986/4/5
f 9001/4/5 8989/4/5 8988/4/5
f 9001/4/5 8988/4/5 8987/4/5
f 9002/4/5 8989/4/5 9001/4/5
f 9003/4/5 8989/4/5 9002/4/5
f 9004/4/5 8989/4/5 9003/4/5
f 9005/4/5 8995/4/5 8994/4/5
f 9005/4/5 8994/4/5 8993/4/5
f 9005/4/5 8993/4/5 8992/4/5
f 9006/4/5 8995/4/5 9005/4/5
f 9007/4/5 8995/4/5 9006/4/5
f 9008/4/5 8995/4/5 9007/4/5
f 9009/4/5 8999/4/5 8998/4/5
f 9010/4/5 8999/4/5 9009/4/5
f 9011/4/5 8999/4/5 9010/4/5
f 9012/4/5 8999/4/5 9011/4/5
f 9013/4/5 9003/4/5 9002/4/5
f 9014/4/5 9003/4/5 9013/4/5
f 9015/4/5 9003/4/5 9014/4/5
f 9016/4/5 9003/4/5 9015/4/5
f 9017/4/5 9007/4/5 9006/4/5
f 9018/4/5 9007/4/5 9017/4/5
f 9019/4/5 9007/4/5 9018/4/5
f 9020/4/5 9007/4/5 9019/4/5
f 9021/4/5 9011/4/5 9010/4/5
f 9022/4/5 9011/4/5 9021/4/5
f 9023/4/5 9015/4/5 9014/4/5
f 9024/4/5 9015/4/5 9023/4/5
f 9025/4/5 9019/4/5 9018/4/5
f 9026/4/5 9019/4/5 9025/4/5
f 9033/4/5 9028/4/5 9027/4/5
f 9034/4/5 9028/4/5 9033/4/5
f 9035/4/5 9030/4/5 9029/4/5
f 9036/4/5 9030/4/5 9035/4/5
f 9037/4/5 9032/4/5 9031/4/5
f 9038/4/5 9032/4/5 9037/4/5
f 9039/4/5 9033/4/5 9027/4/5
f 9040/4/5 9030/4/5 9036/4/5
f 9041/4/5 9032/4/5 9038/4/5
f 9042/4/5 9033/4/5 9039/4/5
f 9043/4/5 9033/4/5 9042/4/5
f 9044/4/5 9040/4/5 9036/4/5
f 9045/4/5 9040/4/5 9044/4/5
f 9046/4/5 9041/4/5 9038/4/5
f 9047/4/5 9041/4/5 9046/4/5
f 9048/4/5 9033/4/5 9043/4/5
f 9049/4/5 9033/4/5 9048/4/5
f 9050/4/5 9044/4/5 9036/4/5
f 9051/4/5 9044/4/5 9050/4/5
f 9052/4/5 9046/4/5 9038/4/5
f 9053/4/5 9046/4/5 9052/4/5
f 9054/4/5 9033/4/5 9049/4/5
f 9055/4/5 9033/4/5 9054/4/5
f 9056/4/5 9050/4/5 9036/4/5
f 9057/4/5 9050/4/5 9056/4/5
f 9058/4/5 9052/4/5 9038/4/5
f 9059/4/5 9052/4/5 9058/4/5
f 9066/4/5 9061/4/5 9060/4/5
f 9067/4/5 9061/4/5 9066/4/5
f 9068/4/5 9063/4/5 9062/4/5
f 9069/4/5 9063/4/5 9068/4/5
f 9070/4/5 9065/4/5 9064/4/5
f 9071/4/5 9065/4/5 9070/4/5
f 9072/4/5 9066/4/5 9060/4/5
f 9073/4/5 9063/4/5 9069/4/5
f 9074/4/5 9065/4/5 9071/4/5
f 9075/4/5 9066/4/5 9072/4/5
f 9076/4/5 9066/4/5 9075/4/5
f 9077/4/5 9073/4/5 9069/4/5
f 9078/4/5 9073/4/5 9077/4/5
f 9079/4/5 9074/4/5 9071/4/5
f 9080/4/5 9074/4/5 9079/4/5
f 9081/4/5 9066/4/5 9076/4/5
f 9082/4/5 9066/4/5 9081/4/5
f 9083/4/5 9077/4/5 9069/4/5
f 9084/4/5 9077/4/5 9083/4/5
f 9085/4/5 9079/4/5 9071/4/5
f 9086/4/5 9079/4/5 9085/4/5
f 9087/4/5 9066/4/5 9082/4/5
f 9088/4/5 9066/4/5 9087/4/5
f 9089/4/5 9083/4/5 9069/4/5
f 9090/4/5 9083/4/5 9089/4/5
f 9091/4/5 9085/4/5 9071/4/5
f 9092/4/5 9085/4/5 9091/4/5
f 9100/4/5 9094/4/5 9093/4/5
f 9101/4/5 9096/4/5 9095/4/5
f 9103/4/5 9098/4/5 9097/4/5
f 9106/4/5 9100/4/5 9099/4/5
f 9107/4/5 9102/4/5 9101/4/5
f 9109/4/5 9104/4/5 9103/4/5
f 9111/4/5 9106/4/5 9105/4/5
f 9112/4/5 9108/4/5 9107/4/5
f 9113/4/5 9110/4/5 9109/4/5
f 9114/4/5 9106/4/5 9111/4/5
f 9114/4/5 9094/4/5 9100/4/5
f 9114/4/5 9100/4/5 9106/4/5
f 9117/4/5 9112/4/5 9107/4/5
f 9117/4/5 9101/4/5 9095/4/5
f 9117/4/5 9107/4/5 9101/4/5
f 9119/4/5 9109/4/5 9103/4/5
f 9119/4/5 9103/4/5 9097/4/5
f 9119/4/5 9113/4/5 9109/4/5
f 9120/4/5 9115/4/5 9114/4/5
f 9120/4/5 9114/4/5 9111/4/5
f 9121/4/5 9115/4/5 9120/4/5
f 9122/4/5 9117/4/5 9116/4/5
f 9123/4/5 9112/4/5 9117/4/5
f 9123/4/5 9117/4/5 9122/4/5
f 9124/4/5 9119/4/5 9118/4/5
f 9125/4/5 9113/4/5 9119/4/5
f 9125/4/5 9119/4/5 9124/4/5
f 9134/4/5 9127/4/5 9126/4/5
f 9135/4/5 9127/4/5 9134/4/5
f 9136/4/5 9129/4/5 9128/4/5
f 9137/4/5 9129/4/5 9136/4/5
f 9140/4/5 9131/4/5 9130/4/5
f 9141/4/5 9131/4/5 9140/4/5
f 9144/4/5 9133/4/5 9132/4/5
f 9149/4/5 9139/4/5 9138/4/5
f 9152/4/5 9143/4/5 9142/4/5
f 9153/4/5 9133/4/5 9144/4/5
f 9154/4/5 9133/4/5 9153/4/5
f 9155/4/5 9149/4/5 9138/4/5
f 9156/4/5 9149/4/5 9155/4/5
f 9157/4/5 9152/4/5 9142/4/5
f 9158/4/5 9152/4/5 9157/4/5
f 9160/4/5 9146/4/5 9145/4/5
f 9161/4/5 9146/4/5 9160/4/5
f 9162/4/5 9148/4/5 9147/4/5
f 9163/4/5 9148/4/5 9162/4/5
f 9165/4/5 9151/4/5 9150/4/5
f 9166/4/5 9151/4/5 9165/4/5
f 9168/4/5 9160/4/5 9159/4/5
f 9169/4/5 9160/4/5 9168/4/5
f 9170/4/5 9164/4/5 9163/4/5
f 9171/4/5 9164/4/5 9170/4/5
f 9172/4/5 9167/4/5 9166/4/5
f 9173/4/5 9167/4/5 9172/4/5
f 9182/4/5 9175/4/5 9174/4/5
f 9183/4/5 9175/4/5 9182/4/5
f 9184/4/5 9177/4/5 9176/4/5
f 9185/4/5 9177/4/5 9184/4/5
f 9188/4/5 9179/4/5 9178/4/5
f 9189/4/5 9179/4/5 9188/4/5
f 9192/4/5 9181/4/5 9180/4/5
f 9197/4/5 9187/4/5 9186/4/5
f 9200/4/5 9191/4/5 9190/4/5
f 9201/4/5 9181/4/5 9192/4/5
f 9202/4/5 9181/4/5 9201/4/5
f 9203/4/5 9197/4/5 9186/4/5
f 9204/4/5 9197/4/5 9203/4/5
f 9205/4/5 9200/4/5 9190/4/5
f 9206/4/5 9200/4/5 9205/4/5
f 9208/4/5 9194/4/5 9193/4/5
f 9209/4/5 9194/4/5 9208/4/5
f 9210/4/5 9196/4/5 9195/4/5
f 9211/4/5 9196/4/5 9210/4/5
f 9213/4/5 9199/4/5 9198/4/5
f 9214/4/5 9199/4/5 9213/4/5
f 9216/4/5 9208/4/5 9207/4/5
f 9217/4/5 9208/4/5 9216/4/5
f 9218/4/5 9212/4/5 9211/4/5
f 9219/4/5 9212/4/5 9218/4/5
f 9220/4/5 9215/4/5 9214/4/5
f 9221/4/5 9215/4/5 9220/4/5
f 9228/4/5 9223/4/5 9222/4/5
f 9229/4/5 9223/4/5 9228/4/5
f 9232/4/5 9225/4/5 9224/4/5
f 9233/4/5 9225/4/5 9232/4/5
f 9235/4/5 9227/4/5 9226/4/5
f 9236/4/5 9227/4/5 9235/4/5
f 9243/4/5 9238/4/5 9237/4/5
f 9244/4/5 9230/4/5 9229/4/5
f 9245/4/5 9230/4/5 9244/4/5
f 9246/4/5 9232/4/5 9231/4/5
f 9247/4/5 9232/4/5 9246/4/5
f 9248/4/5 9240/4/5 9239/4/5
f 9249/4/5 9235/4/5 9234/4/5
f 9250/4/5 9235/4/5 9249/4/5
f 9251/4/5 9242/4/5 9241/4/5
f 9252/4/5 9238/4/5 9243/4/5
f 9253/4/5 9238/4/5 9252/4/5
f 9258/4/5 9248/4/5 9239/4/5
f 9259/4/5 9248/4/5 9258/4/5
f 9262/4/5 9251/4/5 9241/4/5
f 9263/4/5 9251/4/5 9262/4/5
f 9264/4/5 9255/4/5 9254/4/5
f 9265/4/5 9255/4/5 9264/4/5
f 9266/4/5 9257/4/5 9256/4/5
f 9267/4/5 9257/4/5 9266/4/5
f 9268/4/5 9261/4/5 9260/4/5
f 9269/4/5 9261/4/5 9268/4/5
f 9275/2/5 9271/2/5 9270/2/5
f 9276/2/5 9271/2/5 9275/2/5
f 9279/2/5 9273/2/5 9272/2/5
f 9280/2/5 9273/2/5 9279/2/5
f 9283/2/5 9277/2/5 9276/2/5
f 9283/2/5 9275/2/5 9274/2/5
f 9283/2/5 9276/2/5 9275/2/5
f 9284/2/5 9277/2/5 9283/2/5
f 9287/2/5 9281/2/5 9280/2/5
f 9287/2/5 9280/2/5 9279/2/5
f 9287/2/5 9279/2/5 9278/2/5
f 9288/2/5 9281/2/5 9287/2/5
f 9291/2/5 9285/2/5 9284/2/5
f 9291/2/5 9284/2/5 9283/2/5
f 9291/2/5 9283/2/5 9282/2/5
f 9292/2/5 9285/2/5 9291/2/5
f 9295/2/5 9289/2/5 9288/2/5
f 9295/2/5 9288/2/5 9287/2/5
f 9295/2/5 9287/2/5 9286/2/5
f 9296/2/5 9289/2/5 9295/2/5
f 9299/2/5 9293/2/5 9292/2/5
f 9299/2/5 9292/2/5 9291/2/5
f 9299/2/5 9291/2/5 9290/2/5
f 9300/2/5 9293/2/5 9299/2/5
f 9303/2/5 9297/2/5 9296/2/5
f 9303/2/5 9296/2/5 9295/2/5
f 9303/2/5 9295/2/5 9294/2/5
f 9304/2/5 9297/2/5 9303/2/5
f 9307/2/5 9301/2/5 9300/2/5
f 9307/2/5 9300/2/5 9299/2/5
f 9307/2/5 9299/2/5 9298/2/5
f 9308/2/5 9301/2/5 9307/2/5
f 9311/2/5 9305/2/5 9304/2/5
f 9311/2/5 9304/2/5 9303/2/5
f 9311/2/5 9303/2/5 9302/2/5
f 9312/2/5 9305/2/5 9311/2/5
f 9315/2/5 9309/2/5 9308/2/5
f 9315/2/5 9308/2/5 9307/2/5
f 9315/2/5 9307/2/5 9306/2/5
f 9316/2/5 9309/2/5 9315/2/5
f 9319/2/5 9313/2/5 9312/2/5
f 9319/2/5 9312/2/5 9311/2/5
f 9319/2/5 9311/2/5 9310/2/5
f 9320/2/5 9313/2/5 9319/2/5
f 9323/2/5 9317/2/5 9316/2/5
f 9323/2/5 9316/2/5 9315/2/5
f 9323/2/5 9315/2/5 9314/2/5
f 9324/2/5 9317/2/5 9323/2/5
f 9327/2/5 9321/2/5 9320/2/5
f 9327/2/5 9320/2/5 9319/2/5
f 9327/2/5 9319/2/5 9318/2/5
f 9328/2/5 9321/2/5 9327/2/5
f 9331/2/5 9325/2/5 9324/2/5
f 9331/2/5 9324/2/5 9323/2/5
f 9331/2/5 9323/2/5 9322/2/5
f 9332/2/5 9325/2/5 9331/2/5
f 9335/2/5 9329/2/5 9328/2/5
f 9335/2/5 9328/2/5 9327/2/5
f 9335/2/5 9327/2/5 9326/2/5
f 9336/2/5 9329/2/5 9335/2/5
f 9339/2/5 9333/2/5 9332/2/5
f 9339/2/5 9332/2/5 9331/2/5
f 9339/2/5 9331/2/5 9330/2/5
f 9340/2/5 9333/2/5 9339/2/5
f 9343/2/5 9337/2/5 9336/2/5
f 9343/2/5 9336/2/5 9335/2/5
f 9343/2/5 9335/2/5 9334/2/5
f 9344/2/5 9337/2/5 9343/2/5
f 9347/2/5 9341/2/5 9340/2/5
f 9347/2/5 9340/2/5 9339/2/5
f 9347/2/5 9339/2/5 9338/2/5
f 9348/2/5 9341/2/5 9347/2/5
f 9351/2/5 9345/2/5 9344/2/5
f 9351/2/5 9344/2/5 9343/2/5
f 9351/2/5 9343/2/5 9342/2/5
f 9352/2/5 9345/2/5 9351/2/5
f 9354/2/5 9349/2/5 9348/2/5
f 9354/2/5 9348/2/5 9347/2/5
f 9354/2/5 9347/2/5 9346/2/5
f 9355/2/5 9349/2/5 9354/2/5
f 9356/2/5 9349/2/5 9355/2/5
f 9357/2/5 9349/2/5 9356/2/5
f 9358/2/5 9353/2/5 9352/2/5
f 9358/2/5 9352/2/5 9351/2/5
f 9358/2/5 9351/2/5 9350/2/5
f 9359/2/5 9353/2/5 9358/2/5
f 9360/2/5 9353/2/5 9359/2/5
f 9361/2/5 9353/2/5 9360/2/5
f 9362/2/5 9356/2/5 9355/2/5
f 9363/2/5 9356/2/5 9362/2/5
f 9364/2/5 9356/2/5 9363/2/5
f 9365/2/5 9356/2/5 9364/2/5
f 9366/2/5 9360/2/5 9359/2/5
f 9367/2/5 9360/2/5 9366/2/5
f 9368/2/5 9360/2/5 9367/2/5
f 9369/2/5 9360/2/5 9368/2/5
f 9370/2/5 9364/2/5 9363/2/5
f 9371/2/5 9364/2/5 9370/2/5
f 9372/2/5 9364/2/5 9371/2/5
f 9373/2/5 9364/2/5 9372/2/5
f 9374/2/5 9368/2/5 9367/2/5
f 9375/2/5 9368/2/5 9374/2/5
f 9376/2/5 9368/2/5 9375/2/5
f 9377/2/5 9368/2/5 9376/2/5
f 9378/2/5 9372/2/5 9371/2/5
f 9379/2/5 9372/2/5 9378/2/5
f 9380/2/5 9372/2/5 9379/2/5
f 9381/2/5 9372/2/5 9380/2/5
f 9382/2/5 9376/2/5 9375/2/5
f 9383/2/5 9376/2/5 9382/2/5
f 9384/2/5 9376/2/5 9383/2/5
f 9385/2/5 9376/2/5 9384/2/5
f 9386/2/5 9380/2/5 9379/2/5
f 9387/2/5 9380/2/5 9386/2/5
f 9388/2/5 9380/2/5 9387/2/5
f 9389/2/5 9380/2/5 9388/2/5
f 9390/2/5 9384/2/5 9383/2/5
f 9391/2/5 9384/2/5 9390/2/5
f 9392/2/5 9384/2/5 9391/2/5
f 9393/2/5 9384/2/5 9392/2/5
f 9394/2/5 9388/2/5 9387/2/5
f 9395/2/5 9388/2/5 9394/2/5
f 9396/2/5 9388/2/5 9395/2/5
f 9397/2/5 9388/2/5 9396/2/5
f 9398/2/5 9392/2/5 9391/2/5
f 9399/2/5 9392/2/5 9398/2/5
f 9400/2/5 9392/2/5 9399/2/5
f 9401/2/5 9392/2/5 9400/2/5
f 9402/2/5 9396/2/5 9395/2/5
f 9403/2/5 9396/2/5 9402/2/5
f 9404/2/5 9396/2/5 9403/2/5
f 9405/2/5 9396/2/5 9404/2/5
f 9406/2/5 9400/2/5 9399/2/5
f 9407/2/5 9400/2/5 9406/2/5
f 9408/2/5 9400/2/5 9407/2/5
f 9409/2/5 9400/2/5 9408/2/5
f 9410/2/5 9404/2/5 9403/2/5
f 9411/2/5 9404/2/5 9410/2/5
f 9412/2/5 9404/2/5 9411/2/5
f 9413/2/5 9404/2/5 9412/2/5
f 9414/2/5 9408/2/5 9407/2/5
f 9415/2/5 9408/2/5 9414/2/5
f 9416/2/5 9408/2/5 9415/2/5
f 9417/2/5 9408/2/5 9416/2/5
f 9418/2/5 9412/2/5 9411/2/5
f 9419/2/5 9412/2/5 9418/2/5
f 9420/2/5 9412/2/5 9419/2/5
f 9421/2/5 9412/2/5 9420/2/5
f 9422/2/5 9416/2/5 9415/2/5
f 9423/2/5 9416/2/5 9422/2/5
f 9424/2/5 9416/2/5 9423/2/5
f 9425/2/5 9416/2/5 9424/2/5
f 9426/2/5 9420/2/5 9419/2/5
f 9427/2/5 9420/2/5 9426/2/5
f 9428/2/5 9420/2/5 9427/2/5
f 9429/2/5 9420/2/5 9428/2/5
f 9430/2/5 9424/2/5 9423/2/5
f 9431/2/5 9424/2/5 9430/2/5
f 9432/2/5 9424/2/5 9431/2/5
f 9433/2/5 9424/2/5 9432/2/5
f 9434/2/5 9428/2/5 9427/2/5
f 9435/2/5 9428/2/5 9434/2/5
f 9436/2/5 9432/2/5 9431/2/5
f 9437/2/5 9432/2/5 9436/2/5
f 9443/2/5 9439/2/5 9438/2/5
f 9444/2/5 9439/2/5 9443/2/5
f 9447/2/5 9441/2/5 9440/2/5
f 9448/2/5 9441/2/5 9447/2/5
f 9451/2/5 9445/2/5 9444/2/5
f 9451/2/5 9443/2/5 9442/2/5
f 9451/2/5 9444/2/5 9443/2/5
f 9452/2/5 9445/2/5 9451/2/5
f 9455/2/5 9448/2/5 9447/2/5
f 9455/2/5 9449/2/5 9448/2/5
f 9455/2/5 9447/2/5 9446/2/5
f 9456/2/5 9449/2/5 9455/2/5
f 9459/2/5 9453/2/5 9452/2/5
f 9459/2/5 9452/2/5 9451/2/5
f 9459/2/5 9451/2/5 9450/2/5
f 9460/2/5 9453/2/5 9459/2/5
f 9463/2/5 9456/2/5 9455/2/5
f 9463/2/5 9457/2/5 9456/2/5
f 9463/2/5 9455/2/5 9454/2/5
f 9464/2/5 9457/2/5 9463/2/5
f 9467/2/5 9461/2/5 9460/2/5
f 9467/2/5 9460/2/5 9459/2/5
f 9467/2/5 9459/2/5 9458/2/5
f 9468/2/5 9461/2/5 9467/2/5
f 9471/2/5 9464/2/5 9463/2/5
f 9471/2/5 9465/2/5 9464/2/5
f 9471/2/5 9463/2/5 9462/2/5
f 9472/2/5 9465/2/5 9471/2/5
f 9475/2/5 9469/2/5 9468/2/5
f 9475/2/5 9468/2/5 9467/2/5
f 9475/2/5 9467/2/5 9466/2/5
f 9476/2/5 9469/2/5 9475/2/5
f 9479/2/5 9472/2/5 9471/2/5
f 9479/2/5 9473/2/5 9472/2/5
f 9479/2/5 9471/2/5 9470/2/5
f 9480/2/5 9473/2/5 9479/2/5
f 9483/2/5 9477/2/5 9476/2/5
f 9483/2/5 9476/2/5 9475/2/5
f 9483/2/5 9475/2/5 9474/2/5
f 9484/2/5 9477/2/5 9483/2/5
f 9487/2/5 9480/2/5 9479/2/5
f 9487/2/5 9481/2/5 9480/2/5
f 9487/2/5 9479/2/5 9478/2/5
f 9488/2/5 9481/2/5 9487/2/5
f 9491/2/5 9485/2/5 9484/2/5
f 9491/2/5 9484/2/5 9483/2/5
f 9491/2/5 9483/2/5 9482/2/5
f 9492/2/5 9485/2/5 9491/2/5
f 9495/2/5 9488/2/5 9487/2/5
f 9495/2/5 9489/2/5 9488/2/5
f 9495/2/5 9487/2/5 9486/2/5
f 9496/2/5 9489/2/5 9495/2/5
f 9499/2/5 9493/2/5 9492/2/5
f 9499/2/5 9492/2/5 9491/2/5
f 9499/2/5 9491/2/5 9490/2/5
f 9500/2/5 9493/2/5 9499/2/5
f 9503/2/5 9496/2/5 9495/2/5
f 9503/2/5 9497/2/5 9496/2/5
f 9503/2/5 9495/2/5 9494/2/5
f 9504/2/5 9497/2/5 9503/2/5
f 9507/2/5 9501/2/5 9500/2/5
f 9507/2/5 9500/2/5 9499/2/5
f 9507/2/5 9499/2/5 9498/2/5
f 9508/2/5 9501/2/5 9507/2/5
f 9511/2/5 9504/2/5 9503/2/5
f 9511/2/5 9505/2/5 9504/2/5
f 9511/2/5 9503/2/5 9502/2/5
f 9512/2/5 9505/2/5 9511/2/5
f 9515/2/5 9509/2/5 9508/2/5
f 9515/2/5 9508/2/5 9507/2/5
f 9515/2/5 9507/2/5 9506/2/5
f 9516/2/5 9509/2/5 9515/2/5
f 9519/2/5 9512/2/5 9511/2/5
f 9519/2/5 9513/2/5 9512/2/5
f 9519/2/5 9511/2/5 9510/2/5
f 9520/2/5 9513/2/5 9519/2/5
f 9522/2/5 9517/2/5 9516/2/5
f 9522/2/5 9516/2/5 9515/2/5
f 9522/2/5 9515/2/5 9514/2/5
f 9523/2/5 9517/2/5 9522/2/5
f 9524/2/5 9517/2/5 9523/2/5
f 9525/2/5 9517/2/5 9524/2/5
f 9526/2/5 9520/2/5 9519/2/5
f 9526/2/5 9521/2/5 9520/2/5
f 9526/2/5 9519/2/5 9518/2/5
f 9527/2/5 9521/2/5 9526/2/5
f 9528/2/5 9521/2/5 9527/2/5
f 9529/2/5 9521/2/5 9528/2/5
f 9530/2/5 9524/2/5 9523/2/5
f 9531/2/5 9524/2/5 9530/2/5
f 9532/2/5 9524/2/5 9531/2/5
f 9533/2/5 9524/2/5 9532/2/5
f 9534/2/5 9528/2/5 9527/2/5
f 9535/2/5 9528/2/5 9534/2/5
f 9536/2/5 9528/2/5 9535/2/5
f 9537/2/5 9528/2/5 9536/2/5
f 9538/2/5 9532/2/5 9531/2/5
f 9539/2/5 9532/2/5 9538/2/5
f 9540/2/5 9532/2/5 9539/2/5
f 9541/2/5 9532/2/5 9540/2/5
f 9542/2/5 9536/2/5 9535/2/5
f 9543/2/5 9536/2/5 9542/2/5
f 9544/2/5 9536/2/5 9543/2/5
f 9545/2/5 9536/2/5 9544/2/5
f 9546/2/5 9540/2/5 9539/2/5
f 9547/2/5 9540/2/5 9546/2/5
f 9548/2/5 9540/2/5 9547/2/5
f 9549/2/5 9540/2/5 9548/2/5
f 9550/2/5 9544/2/5 9543/2/5
f 9551/2/5 9544/2/5 9550/2/5
f 9552/2/5 9544/2/5 9551/2/5
f 9553/2/5 9544/2/5 9552/2/5
f 9554/2/5 9548/2/5 9547/2/5
f 9555/2/5 9548/2/5 9554/2/5
f 9556/2/5 9548/2/5 9555/2/5
f 9557/2/5 9548/2/5 9556/2/5
f 9558/2/5 9552/2/5 9551/2/5
f 9559/2/5 9552/2/5 9558/2/5
f 9560/2/5 9552/2/5 9559/2/5
f 9561/2/5 9552/2/5 9560/2/5
f 9562/2/5 9556/2/5 9555/2/5
f 9563/2/5 9556/2/5 9562/2/5
f 9564/2/5 9556/2/5 9563/2/5
f 9565/2/5 9556/2/5 9564/2/5
f 9566/2/5 9560/2/5 9559/2/5
f 9567/2/5 9560/2/5 9566/2/5
f 9568/2/5 9560/2/5 9567/2/5
f 9569/2/5 9560/2/5 9568/2/5
f 9570/2/5 9564/2/5 9563/2/5
f 9571/2/5 9564/2/5 9570/2/5
f 9572/2/5 9564/2/5 9571/2/5
f 9573/2/5 9564/2/5 9572/2/5
f 9574/2/5 9568/2/5 9567/2/5
f 9575/2/5 9568/2/5 9574/2/5
f 9576/2/5 9568/2/5 9575/2/5
f 9577/2/5 9568/2/5 9576/2/5
f 9578/2/5 9572/2/5 9571/2/5
f 9579/2/5 9572/2/5 9578/2/5
f 9580/2/5 9572/2/5 9579/2/5
f 9581/2/5 9572/2/5 9580/2/5
f 9582/2/5 9576/2/5 9575/2/5
f 9583/2/5 9576/2/5 9582/2/5
f 9584/2/5 9576/2/5 9583/2/5
f 9585/2/5 9576/2/5 9584/2/5
f 9586/2/5 9580/2/5 9579/2/5
f 9587/2/5 9580/2/5 9586/2/5
f 9588/2/5 9580/2/5 9587/2/5
f 9589/2/5 9580/2/5 9588/2/5
f 9590/2/5 9584/2/5 9583/2/5
f 9591/2/5 9584/2/5 9590/2/5
f 9592/2/5 9584/2/5 9591/2/5
f 9593/2/5 9584/2/5 9592/2/5
f 9594/2/5 9588/2/5 9587/2/5
f 9595/2/5 9588/2/5 9594/2/5
f 9596/2/5 9588/2/5 9595/2/5
f 9597/2/5 9588/2/5 9596/2/5
f 9598/2/5 9592/2/5 9591/2/5
f 9599/2/5 9592/2/5 9598/2/5
f 9600/2/5 9592/2/5 9599/2/5
f 9601/2/5 9592/2/5 9600/2/5
f 9602/2/5 9596/2/5 9595/2/5
f 9603/2/5 9596/2/5 9602/2/5
f 9604/2/5 9600/2/5 9599/2/5
f 9605/2/5 9600/2/5 9604/2/5
f 9610/4/5 9607/4/5 9606/4/5
f 9611/4/5 9607/4/5 9610/4/5
f 9612/4/5 9609/4/5 9608/4/5
f 9613/4/5 9609/4/5 9612/4/5
f 9614/4/5 9607/4/5 9611/4/5
f 9615/4/5 9612/4/5 9608/4/5
f 9616/4/5 9614/4/5 9611/4/5
f 9617/4/5 9614/4/5 9616/4/5
f 9618/4/5 9612/4/5 9615/4/5
f 9619/4/5 9612/4/5 9618/4/5
f 9620/4/5 9616/4/5 9611/4/5
f 9621/4/5 9616/4/5 9620/4/5
f 9622/4/5 9612/4/5 9619/4/5
f 9623/4/5 9612/4/5 9622/4/5
f 9624/4/5 9620/4/5 9611/4/5
f 9625/4/5 9620/4/5 9624/4/5
f 9626/4/5 9612/4/5 9623/4/5
f 9627/4/5 9612/4/5 9626/4/5
f 9632/4/5 9629/4/5 9628/4/5
f 9635/4/5 9631/4/5 9630/4/5
f 9636/4/5 9633/4/5 9632/4/5
f 9639/4/5 9635/4/5 9634/4/5
f 9640/4/5 9637/4/5 9636/4/5
f 9641/4/5 9639/4/5 9638/4/5
f 9643/4/5 9640/4/5 9636/4/5
f 9643/4/5 9632/4/5 9628/4/5
f 9643/4/5 9636/4/5 9632/4/5
f 9644/4/5 9639/4/5 9641/4/5
f 9644/4/5 9631/4/5 9635/4/5
f 9644/4/5 9635/4/5 9639/4/5
f 9646/4/5 9643/4/5 9642/4/5
f 9647/4/5 9640/4/5 9643/4/5
f 9647/4/5 9643/4/5 9646/4/5
f 9648/4/5 9644/4/5 9641/4/5
f 9648/4/5 9645/4/5 9644/4/5
f 9649/4/5 9645/4/5 9648/4/5
f 9654/4/5 9651/4/5 9650/4/5
f 9655/4/5 9651/4/5 9654/4/5
f 9660/4/5 9653/4/5 9652/4/5
f 9661/4/5 9653/4/5 9660/4/5
f 9664/4/5 9657/4/5 9656/4/5
f 9665/4/5 9659/4/5 9658/4/5
f 9668/4/5 9664/4/5 9656/4/5
f 9669/4/5 9664/4/5 9668/4/5
f 9670/4/5 9659/4/5 9665/4/5
f 9671/4/5 9659/4/5 9670/4/5
f 9672/4/5 9663/4/5 9662/4/5
f 9673/4/5 9663/4/5 9672/4/5
f 9676/4/5 9667/4/5 9666/4/5
f 9677/4/5 9667/4/5 9676/4/5
f 9678/4/5 9674/4/5 9673/4/5
f 9679/4/5 9674/4/5 9678/4/5
f 9680/4/5 9676/4/5 9675/4/5
f 9681/4/5 9676/4/5 9680/4/5
f 9687/4/5 9683/4/5 9682/4/5
f 9688/4/5 9683/4/5 9687/4/5
f 9689/4/5 9685/4/5 9684/4/5
f 9690/4/5 9685/4/5 9689/4/5
f 9696/4/5 9687/4/5 9686/4/5
f 9697/4/5 9687/4/5 9696/4/5
f 9698/4/5 9693/4/5 9692/4/5
f 9699/4/5 9695/4/5 9694/4/5
f 9700/4/5 9691/4/5 9690/4/5
f 9701/4/5 9691/4/5 9700/4/5
f 9704/4/5 9698/4/5 9692/4/5
f 9705/4/5 9698/4/5 9704/4/5
f 9706/4/5 9695/4/5 9699/4/5
f 9707/4/5 9695/4/5 9706/4/5
f 9710/4/5 9703/4/5 9702/4/5
f 9711/4/5 9703/4/5 9710/4/5
f 9712/4/5 9709/4/5 9708/4/5
f 9713/4/5 9709/4/5 9712/4/5
f 9714/4/6 9715/4/6 9722/4/6
f 9722/4/6 9715/4/6 9723/4/6
f 9716/4/6 9717/4/6 9724/4/6
f 9724/4/6 9717/4/6 9725/4/6
f 9718/4/6 9719/4/6 9728/4/6
f 9728/4/6 9719/4/6 9729/4/6
f 9720/4/6 9721/4/6 9732/4/6
f 9726/4/6 9727/4/6 9737/4/6
f 9730/4/6 9731/4/6 9740/4/6
f 9732/4/6 9721/4/6 9741/4/6
f 9741/4/6 9721/4/6 9742/4/6
f 9726/4/6 9737/4/6 9743/4/6
f 9743/4/6 9737/4/6 9744/4/6
f 9730/4/6 9740/4/6 9745/4/6
f 9745/4/6 9740/4/6 9746/4/6
f 9733/4/6 9734/4/6 9748/4/6
f 9748/4/6 9734/4/6 9749/4/6
f 9735/4/6 9736/4/6 9750/4/6
f 9750/4/6 9736/4/6 9751/4/6
f 9738/4/6 9739/4/6 9753/4/6
f 9753/4/6 9739/4/6 9754/4/6
f 9747/4/6 9748/4/6 9756/4/6
f 9756/4/6 9748/4/6 9757/4/6
f 9751/4/6 9752/4/6 9758/4/6
f 9758/4/6 9752/4/6 9759/4/6
f 9754/4/6 9755/4/6 9760/4/6
f 9760/4/6 9755/4/6 9761/4/6
f 9762/4/6 9763/4/6 9770/4/6
f 9770/4/6 9763/4/6 9771/4/6
f 9764/4/6 9765/4/6 9772/4/6
f 9772/4/6 9765/4/6 9773/4/6
f 9766/4/6 9767/4/6 9776/4/6
f 9776/4/6 9767/4/6 9777/4/6
f 9768/4/6 9769/4/6 9780/4/6
f 9774/4/6 9775/4/6 9785/4/6
f 9778/4/6 9779/4/6 9788/4/6
f 9780/4/6 9769/4/6 9789/4/6
f 9789/4/6 9769/4/6 9790/4/6
f 9774/4/6 9785/4/6 9791/4/6
f 9791/4/6 9785/4/6 9792/4/6
f 9778/4/6 9788/4/6 9793/4/6
f 9793/4/6 9788/4/6 9794/4/6
f 9781/4/6 9782/4/6 9796/4/6
f 9796/4/6 9782/4/6 9797/4/6
f 9783/4/6 9784/4/6 9798/4/6
f 9798/4/6 9784/4/6 9799/4/6
f 9786/4/6 9787/4/6 9801/4/6
f 9801/4/6 9787/4/6 9802/4/6
f 9795/4/6 9796/4/6 9804/4/6
f 9804/4/6 9796/4/6 9805/4/6
f 9799/4/6 9800/4/6 9806/4/6
f 9806/4/6 9800/4/6 9807/4/6
f 9802/4/6 9803/4/6 9808/4/6
f 9808/4/6 9803/4/6 9809/4/6
f 9810/4/6 9811/4/6 9816/4/6
f 9816/4/6 9811/4/6 9817/4/6
f 9812/4/6 9813/4/6 9820/4/6
f 9820/4/6 9813/4/6 9821/4/6
f 9814/4/6 9815/4/6 9823/4/6
f 9823/4/6 9815/4/6 9824/4/6
f 9825/4/6 9826/4/6 9831/4/6
f 9817/4/6 9818/4/6 9832/4/6
f 9832/4/6 9818/4/6 9833/4/6
f 9819/4/6 9820/4/6 9834/4/6
f 9834/4/6 9820/4/6 9835/4/6
f 9827/4/6 9828/4/6 9836/4/6
f 9822/4/6 9823/4/6 9837/4/6
f 9837/4/6 9823/4/6 9838/4/6
f 9829/4/6 9830/4/6 9839/4/6
f 9831/4/6 9826/4/6 9840/4/6
f 9840/4/6 9826/4/6 9841/4/6
f 9827/4/6 9836/4/6 9846/4/6
f 9846/4/6 9836/4/6 9847/4/6
f 9829/4/6 9839/4/6 9850/4/6
f 9850/4/6 9839/4/6 9851/4/6
f 9842/4/6 9843/4/6 9852/4/6
f 9852/4/6 9843/4/6 9853/4/6
f 9844/4/6 9845/4/6 9854/4/6
f 9854/4/6 9845/4/6 9855/4/6
f 9848/4/6 9849/4/6 9856/4/6
f 9856/4/6 9849/4/6 9857/4/6
f 9858/4/6 9859/4/6 9864/4/6
f 9864/4/6 9859/4/6 9865/4/6
f 9860/4/6 9861/4/6 9866/4/6
f 9866/4/6 9861/4/6 9867/4/6
f 9862/4/6 9863/4/6 9868/4/6
f 9868/4/6 9863/4/6 9869/4/6
f 9858/4/6 9864/4/6 9870/4/6
f 9867/4/6 9861/4/6 9871/4/6
f 9869/4/6 9863/4/6 9872/4/6
f 9870/4/6 9864/4/6 9873/4/6
f 9873/4/6 9864/4/6 9874/4/6
f 9867/4/6 9871/4/6 9875/4/6
f 9875/4/6 9871/4/6 9876/4/6
f 9869/4/6 9872/4/6 9877/4/6
f 9877/4/6 9872/4/6 9878/4/6
f 9874/4/6 9864/4/6 9879/4/6
f 9879/4/6 9864/4/6 9880/4/6
f 9867/4/6 9875/4/6 9881/4/6
f 9881/4/6 9875/4/6 9882/4/6
f 9869/4/6 9877/4/6 9883/4/6
f 9883/4/6 9877/4/6 9884/4/6
f 9880/4/6 9864/4/6 9885/4/6
f 9885/4/6 9864/4/6 9886/4/6
f 9867/4/6 9881/4/6 9887/4/6
f 9887/4/6 9881/4/6 9888/4/6
f 9869/4/6 9883/4/6 9889/4/6
f 9889/4/6 9883/4/6 9890/4/6
f 9891/4/6 9892/4/6 9897/4/6
f 9897/4/6 9892/4/6 9898/4/6
f 9893/4/6 9894/4/6 9899/4/6
f 9899/4/6 9894/4/6 9900/4/6
f 9895/4/6 9896/4/6 9901/4/6
f 9901/4/6 9896/4/6 9902/4/6
f 9891/4/6 9897/4/6 9903/4/6
f 9900/4/6 9894/4/6 9904/4/6
f 9902/4/6 9896/4/6 9905/4/6
f 9903/4/6 9897/4/6 9906/4/6
f 9906/4/6 9897/4/6 9907/4/6
f 9900/4/6 9904/4/6 9908/4/6
f 9908/4/6 9904/4/6 9909/4/6
f 9902/4/6 9905/4/6 9910/4/6
f 9910/4/6 9905/4/6 9911/4/6
f 9907/4/6 9897/4/6 9912/4/6
f 9912/4/6 9897/4/6 9913/4/6
f 9900/4/6 9908/4/6 9914/4/6
f 9914/4/6 9908/4/6 9915/4/6
f 9902/4/6 9910/4/6 9916/4/6
f 9916/4/6 9910/4/6 9917/4/6
f 9913/4/6 9897/4/6 9918/4/6
f 9918/4/6 9897/4/6 9919/4/6
f 9900/4/6 9914/4/6 9920/4/6
f 9920/4/6 9914/4/6 9921/4/6
f 9902/4/6 9916/4/6 9922/4/6
f 9922/4/6 9916/4/6 9923/4/6
f 9924/4/6 9925/4/6 9931/4/6
f 9926/4/6 9927/4/6 9932/4/6
f 9928/4/6 9929/4/6 9934/4/6
f 9930/4/6 9931/4/6 9937/4/6
f 9932/4/6 9933/4/6 9938/4/6
f 9934/4/6 9935/4/6 9940/4/6
f 9936/4/6 9937/4/6 9942/4/6
f 9938/4/6 9939/4/6 9943/4/6
f 9940/4/6 9941/4/6 9944/4/6
f 9942/4/6 9937/4/6 9945/4/6
f 9931/4/6 9925/4/6 9945/4/6
f 9937/4/6 9931/4/6 9945/4/6
f 9938/4/6 9943/4/6 9948/4/6
f 9926/4/6 9932/4/6 9948/4/6
f 9932/4/6 9938/4/6 9948/4/6
f 9934/4/6 9940/4/6 9950/4/6
f 9928/4/6 9934/4/6 9950/4/6
f 9940/4/6 9944/4/6 9950/4/6
f 9945/4/6 9946/4/6 9951/4/6
f 9942/4/6 9945/4/6 9951/4/6
f 9951/4/6 9946/4/6 9952/4/6
f 9947/4/6 9948/4/6 9953/4/6
f 9948/4/6 9943/4/6 9954/4/6
f 9953/4/6 9948/4/6 9954/4/6
f 9949/4/6 9950/4/6 9955/4/6
f 9950/4/6 9944/4/6 9956/4/6
f 9955/4/6 9950/4/6 9956/4/6
f 9957/4/6 9958/4/6 9964/4/6
f 9964/4/6 9958/4/6 9965/4/6
f 9959/4/6 9960/4/6 9968/4/6
f 9968/4/6 9960/4/6 9969/4/6
f 9961/4/6 9962/4/6 9972/4/6
f 9972/4/6 9962/4/6 9973/4/6
f 9965/4/6 9966/4/6 9976/4/6
f 9963/4/6 9964/4/6 9976/4/6
f 9964/4/6 9965/4/6 9976/4/6
f 9976/4/6 9966/4/6 9977/4/6
f 9969/4/6 9970/4/6 9980/4/6
f 9967/4/6 9968/4/6 9980/4/6
f 9968/4/6 9969/4/6 9980/4/6
f 9980/4/6 9970/4/6 9981/4/6
f 9973/4/6 9974/4/6 9984/4/6
f 9972/4/6 9973/4/6 9984/4/6
f 9971/4/6 9972/4/6 9984/4/6
f 9984/4/6 9974/4/6 9985/4/6
f 9977/4/6 9978/4/6 9988/4/6
f 9976/4/6 9977/4/6 9988/4/6
f 9975/4/6 9976/4/6 9988/4/6
f 9988/4/6 9978/4/6 9989/4/6
f 9989/4/6 9978/4/6 9990/4/6
f 9990/4/6 9978/4/6 9991/4/6
f 9981/4/6 9982/4/6 9994/4/6
f 9980/4/6 9981/4/6 9994/4/6
f 9979/4/6 9980/4/6 9994/4/6
f 9994/4/6 9982/4/6 9995/4/6
f 9995/4/6 9982/4/6 9996/4/6
f 9996/4/6 9982/4/6 9997/4/6
f 9985/4/6 9986/4/6 10000/4/6
f 9984/4/6 9985/4/6 10000/4/6
f 9983/4/6 9984/4/6 10000/4/6
f 10000/4/6 9986/4/6 10001/4/6
f 10001/4/6 9986/4/6 10002/4/6
f 10002/4/6 9986/4/6 10003/4/6
f 9987/4/6 9988/4/6 10006/4/6
f 9988/4/6 9989/4/6 10006/4/6
f 10006/4/6 9989/4/6 10007/4/6
f 9989/3/6 9990/3/6 10008/3/6
f 10007/4/6 9989/4/6 10008/4/6
f 10008/3/6 9990/3/6 10009/3/6
f 10009/3/6 9990/3/6 10010/3/6
f 10010/3/6 9990/3/6 10011/3/6
f 10011/3/6 9990/3/6 10012/3/6
f 9991/4/6 9992/4/6 10013/4/6
f 10012/3/6 9990/3/6 10013/3/6
f 9990/4/6 9991/4/6 10013/4/6
f 10013/4/6 9992/4/6 10014/4/6
f 10014/4/6 9992/4/6 10015/4/6
f 9993/4/6 9994/4/6 10018/4/6
f 9994/4/6 9995/4/6 10018/4/6
f 10018/4/6 9995/4/6 10019/4/6
f 9995/3/6 9996/3/6 10020/3/6
f 10019/4/6 9995/4/6 10020/4/6
f 10020/3/6 9996/3/6 10021/3/6
f 10021/3/6 9996/3/6 10022/3/6
f 10022/3/6 9996/3/6 10023/3/6
f 10023/3/6 9996/3/6 10024/3/6
f 9997/4/6 9998/4/6 10025/4/6
f 10024/3/6 9996/3/6 10025/3/6
f 9996/4/6 9997/4/6 10025/4/6
f 10025/4/6 9998/4/6 10026/4/6
f 10026/4/6 9998/4/6 10027/4/6
f 9999/4/6 10000/4/6 10030/4/6
f 10000/4/6 10001/4/6 10030/4/6
f 10030/4/6 10001/4/6 10031/4/6
f 10001/3/6 10002/3/6 10032/3/6
f 10031/4/6 10001/4/6 10032/4/6
f 10032/3/6 10002/3/6 10033/3/6
f 10033/3/6 10002/3/6 10034/3/6
f 10034/3/6 10002/3/6 10035/3/6
f 10035/3/6 10002/3/6 10036/3/6
f 10003/4/6 10004/4/6 10037/4/6
f 10036/3/6 10002/3/6 10037/3/6
f 10002/4/6 10003/4/6 10037/4/6
f 10037/4/6 10004/4/6 10038/4/6
f 10038/4/6 10004/4/6 10039/4/6
f 10006/4/6 10007/4/6 10042/4/6
f 10005/4/6 10006/4/6 10042/4/6
f 10042/4/6 10007/4/6 10043/4/6
f 10007/3/6 10008/3/6 10044/3/6
f 10043/4/6 10007/4/6 10044/4/6
f 10008/3/6 10009/3/6 10044/3/6
f 10044/3/6 10009/3/6 10045/3/6
f 10009/1/6 10010/1/6 10046/1/6
f 10045/3/6 10009/3/6 10046/3/6
f 10011/1/6 10012/1/6 10047/1/6
f 10012/3/6 10013/3/6 10047/3/6
f 10013/3/6 10014/3/6 10047/3/6
f 10047/3/6 10014/3/6 10048/3/6
f 10015/4/6 10016/4/6 10049/4/6
f 10048/3/6 10014/3/6 10049/3/6
f 10014/4/6 10015/4/6 10049/4/6
f 10049/4/6 10016/4/6 10050/4/6
f 10050/4/6 10016/4/6 10051/4/6
f 10018/4/6 10019/4/6 10054/4/6
f 10017/4/6 10018/4/6 10054/4/6
f 10054/4/6 10019/4/6 10055/4/6
f 10019/3/6 10020/3/6 10056/3/6
f 10055/4/6 10019/4/6 10056/4/6
f 10020/3/6 10021/3/6 10056/3/6
f 10056/3/6 10021/3/6 10057/3/6
f 10021/1/6 10022/1/6 10058/1/6
f 10057/3/6 10021/3/6 10058/3/6
f 10023/1/6 10024/1/6 10059/1/6
f 10024/3/6 10025/3/6 10059/3/6
f 10025/3/6 10026/3/6 10059/3/6
f 10059/3/6 10026/3/6 10060/3/6
f 10027/4/6 10028/4/6 10061/4/6
f 10060/3/6 10026/3/6 10061/3/6
f 10026/4/6 10027/4/6 10061/4/6
f 10061/4/6 10028/4/6 10062/4/6
f 10062/4/6 10028/4/6 10063/4/6
f 10030/4/6 10031/4/6 10066/4/6
f 10029/4/6 10030/4/6 10066/4/6
f 10066/4/6 10031/4/6 10067/4/6
f 10031/3/6 10032/3/6 10068/3/6
f 10067/4/6 10031/4/6 10068/4/6
f 10032/3/6 10033/3/6 10068/3/6
f 10068/3/6 10033/3/6 10069/3/6
f 10033/1/6 10034/1/6 10070/1/6
f 10069/3/6 10033/3/6 10070/3/6
f 10035/1/6 10036/1/6 10071/1/6
f 10036/3/6 10037/3/6 10071/3/6
f 10037/3/6 10038/3/6 10071/3/6
f 10071/3/6 10038/3/6 10072/3/6
f 10039/4/6 10040/4/6 10073/4/6
f 10072/3/6 10038/3/6 10073/3/6
f 10038/4/6 10039/4/6 10073/4/6
f 10073/4/6 10040/4/6 10074/4/6
f 10074/4/6 10040/4/6 10075/4/6
f 10042/4/6 10043/4/6 10078/4/6
f 10041/4/6 10042/4/6 10078/4/6
f 10078/4/6 10043/4/6 10079/4/6
f 10044/3/6 10045/3/6 10080/3/6
f 10079/4/6 10043/4/6 10080/4/6
f 10043/3/6 10044/3/6 10080/3/6
f 10080/3/6 10045/3/6 10081/3/6
f 10045/1/6 10046/1/6 10082/1/6
f 10081/3/6 10045/3/6 10082/3/6
f 10047/1/6 10048/1/6 10083/1/6
f 10048/3/6 10049/3/6 10083/3/6
f 10049/3/6 10050/3/6 10083/3/6
f 10083/3/6 10050/3/6 10084/3/6
f 10051/4/6 10052/4/6 10085/4/6
f 10084/3/6 10050/3/6 10085/3/6
f 10050/4/6 10051/4/6 10085/4/6
f 10085/4/6 10052/4/6 10086/4/6
f 10086/4/6 10052/4/6 10087/4/6
f 10054/4/6 10055/4/6 10090/4/6
f 10053/4/6 10054/4/6 10090/4/6
f 10090/4/6 10055/4/6 10091/4/6
f 10056/3/6 10057/3/6 10092/3/6
f 10091/4/6 10055/4/6 10092/4/6
f 10055/3/6 10056/3/6 10092/3/6
f 10092/3/6 10057/3/6 10093/3/6
f 10057/1/6 10058/1/6 10094/1/6
f 10093/3/6 10057/3/6 10094/3/6
f 10059/1/6 10060/1/6 10095/1/6
f 10060/3/6 10061/3/6 10095/3/6
f 10061/3/6 10062/3/6 10095/3/6
f 10095/3/6 10062/3/6 10096/3/6
f 10063/4/6 10064/4/6 10097/4/6
f 10096/3/6 10062/3/6 10097/3/6
f 10062/4/6 10063/4/6 10097/4/6
f 10097/4/6 10064/4/6 10098/4/6
f 10098/4/6 10064/4/6 10099/4/6
f 10066/4/6 10067/4/6 10102/4/6
f 10065/4/6 10066/4/6 10102/4/6
f 10102/4/6 10067/4/6 10103/4/6
f 10068/3/6 10069/3/6 10104/3/6
f 10103/4/6 10067/4/6 10104/4/6
f 10067/3/6 10068/3/6 10104/3/6
f 10104/3/6 10069/3/6 10105/3/6
f 10069/1/6 10070/1/6 10106/1/6
f 10105/3/6 10069/3/6 10106/3/6
f 10071/1/6 10072/1/6 10107/1/6
f 10072/3/6 10073/3/6 10107/3/6
f 10073/3/6 10074/3/6 10107/3/6
f 10107/3/6 10074/3/6 10108/3/6
f 10075/4/6 10076/4/6 10109/4/6
f 10108/3/6 10074/3/6 10109/3/6
f 10074/4/6 10075/4/6 10109/4/6
f 10109/4/6 10076/4/6 10110/4/6
f 10110/4/6 10076/4/6 10111/4/6
f 10078/4/6 10079/4/6 10114/4/6
f 10077/4/6 10078/4/6 10114/4/6
f 10114/4/6 10079/4/6 10115/4/6
f 10080/3/6 10081/3/6 10116/3/6
f 10115/4/6 10079/4/6 10116/4/6
f 10079/3/6 10080/3/6 10116/3/6
f 10116/3/6 10081/3/6 10117/3/6
f 10081/1/6 10082/1/6 10118/1/6
f 10117/3/6 10081/3/6 10118/3/6
f 10083/1/6 10084/1/6 10119/1/6
f 10084/3/6 10085/3/6 10119/3/6
f 10085/3/6 10086/3/6 10119/3/6
f 10119/3/6 10086/3/6 10120/3/6
f 10087/4/6 10088/4/6 10121/4/6
f 10120/3/6 10086/3/6 10121/3/6
f 10086/4/6 10087/4/6 10121/4/6
f 10121/4/6 10088/4/6 10122/4/6
f 10122/4/6 10088/4/6 10123/4/6
f 10090/4/6 10091/4/6 10126/4/6
f 10089/4/6 10090/4/6 10126/4/6
f 10126/4/6 10091/4/6 10127/4/6
f 10092/3/6 10093/3/6 10128/3/6
f 10127/4/6 10091/4/6 10128/4/6
f 10091/3/6 10092/3/6 10128/3/6
f 10128/3/6 10093/3/6 10129/3/6
f 10093/1/6 10094/1/6 10130/1/6
f 10129/3/6 10093/3/6 10130/3/6
f 10095/1/6 10096/1/6 10131/1/6
f 10096/3/6 10097/3/6 10131/3/6
f 10097/3/6 10098/3/6 10131/3/6
f 10131/3/6 10098/3/6 10132/3/6
f 10099/4/6 10100/4/6 10133/4/6
f 10132/3/6 10098/3/6 10133/3/6
f 10098/4/6 10099/4/6 10133/4/6
f 10133/4/6 10100/4/6 10134/4/6
f 10134/4/6 10100/4/6 10135/4/6
f 10102/4/6 10103/4/6 10138/4/6
f 10101/4/6 10102/4/6 10138/4/6
f 10138/4/6 10103/4/6 10139/4/6
f 10104/3/6 10105/3/6 10140/3/6
f 10139/4/6 10103/4/6 10140/4/6
f 10103/3/6 10104/3/6 10140/3/6
f 10140/3/6 10105/3/6 10141/3/6
f 10105/1/6 10106/1/6 10142/1/6
f 10141/3/6 10105/3/6 10142/3/6
f 10107/1/6 10108/1/6 10143/1/6
f 10108/3/6 10109/3/6 10143/3/6
f 10109/3/6 10110/3/6 10143/3/6
f 10143/3/6 10110/3/6 10144/3/6
f 10111/4/6 10112/4/6 10145/4/6
f 10144/3/6 10110/3/6 10145/3/6
f 10110/4/6 10111/4/6 10145/4/6
f 10145/4/6 10112/4/6 10146/4/6
f 10146/4/6 10112/4/6 10147/4/6
f 10114/4/6 10115/4/6 10149/4/6
f 10113/4/6 10114/4/6 10149/4/6
f 10116/3/6 10117/3/6 10150/3/6
f 10149/4/6 10115/4/6 10150/4/6
f 10115/3/6 10116/3/6 10150/3/6
f 10150/3/6 10117/3/6 10151/3/6
f 10117/1/6 10118/1/6 10152/1/6
f 10151/3/6 10117/3/6 10152/3/6
f 10152/1/6 10118/1/6 10153/1/6
f 10119/1/6 10120/1/6 10154/1/6
f 10120/3/6 10121/3/6 10154/3/6
f 10121/3/6 10122/3/6 10154/3/6
f 10154/3/6 10122/3/6 10155/3/6
f 10123/4/6 10124/4/6 10156/4/6
f 10155/3/6 10122/3/6 10156/3/6
f 10122/4/6 10123/4/6 10156/4/6
f 10156/4/6 10124/4/6 10157/4/6
f 10126/4/6 10127/4/6 10158/4/6
f 10125/4/6 10126/4/6 10158/4/6
f 10128/3/6 10129/3/6 10159/3/6
f 10158/4/6 10127/4/6 10159/4/6
f 10127/3/6 10128/3/6 10159/3/6
f 10159/3/6 10129/3/6 10160/3/6
f 10129/1/6 10130/1/6 10161/1/6
f 10160/3/6 10129/3/6 10161/3/6
f 10131/1/6 10132/1/6 10162/1/6
f 10132/3/6 10133/3/6 10163/3/6
f 10162/1/6 10132/1/6 10163/1/6
f 10133/3/6 10134/3/6 10163/3/6
f 10163/3/6 10134/3/6 10164/3/6
f 10135/4/6 10136/4/6 10165/4/6
f 10164/3/6 10134/3/6 10165/3/6
f 10134/4/6 10135/4/6 10165/4/6
f 10165/4/6 10136/4/6 10166/4/6
f 10138/4/6 10139/4/6 10167/4/6
f 10137/4/6 10138/4/6 10167/4/6
f 10140/3/6 10141/3/6 10168/3/6
f 10167/4/6 10139/4/6 10168/4/6
f 10139/3/6 10140/3/6 10168/3/6
f 10168/3/6 10141/3/6 10169/3/6
f 10141/1/6 10142/1/6 10170/1/6
f 10169/3/6 10141/3/6 10170/3/6
f 10143/1/6 10144/1/6 10171/1/6
f 10145/3/6 10146/3/6 10172/3/6
f 10171/1/6 10144/1/6 10172/1/6
f 10144/3/6 10145/3/6 10172/3/6
f 10172/3/6 10146/3/6 10173/3/6
f 10147/4/6 10148/4/6 10174/4/6
f 10173/3/6 10146/3/6 10174/3/6
f 10146/4/6 10147/4/6 10174/4/6
f 10174/4/6 10148/4/6 10175/4/6
f 10113/4/6 10149/4/6 10177/4/6
f 10177/4/6 10149/4/6 10178/4/6
f 10150/3/6 10151/3/6 10179/3/6
f 10178/4/6 10149/4/6 10179/4/6
f 10149/3/6 10150/3/6 10179/3/6
f 10179/3/6 10151/3/6 10180/3/6
f 10151/1/6 10152/1/6 10181/1/6
f 10180/3/6 10151/3/6 10181/3/6
f 10152/3/6 10153/3/6 10182/3/6
f 10181/1/6 10152/1/6 10182/1/6
f 10153/1/6 10118/1/6 10183/1/6
f 10182/3/6 10153/3/6 10183/3/6
f 10118/1/6 10082/1/6 10184/1/6
f 10183/1/6 10118/1/6 10184/1/6
f 10046/1/6 10010/1/6 10185/1/6
f 10184/1/6 10082/1/6 10185/1/6
f 10010/3/6 10011/3/6 10185/3/6
f 10082/1/6 10046/1/6 10185/1/6
f 10011/1/6 10047/1/6 10186/1/6
f 10185/3/6 10011/3/6 10186/3/6
f 10047/1/6 10083/1/6 10186/1/6
f 10083/1/6 10119/1/6 10186/1/6
f 10154/1/6 10155/1/6 10186/1/6
f 10119/1/6 10154/1/6 10186/1/6
f 10186/1/6 10155/1/6 10187/1/6
f 10156/3/6 10157/3/6 10188/3/6
f 10187/1/6 10155/1/6 10188/1/6
f 10155/3/6 10156/3/6 10188/3/6
f 10188/3/6 10157/3/6 10189/3/6
f 10157/4/6 10124/4/6 10190/4/6
f 10189/3/6 10157/3/6 10190/3/6
f 10190/4/6 10124/4/6 10191/4/6
f 10191/4/6 10124/4/6 10192/4/6
f 10125/4/6 10158/4/6 10195/4/6
f 10195/4/6 10158/4/6 10196/4/6
f 10158/3/6 10159/3/6 10197/3/6
f 10196/4/6 10158/4/6 10197/4/6
f 10159/3/6 10160/3/6 10197/3/6
f 10197/3/6 10160/3/6 10198/3/6
f 10160/1/6 10161/1/6 10199/1/6
f 10198/3/6 10160/3/6 10199/3/6
f 10058/1/6 10022/1/6 10200/1/6
f 10199/1/6 10161/1/6 10200/1/6
f 10094/1/6 10058/1/6 10200/1/6
f 10130/1/6 10094/1/6 10200/1/6
f 10161/1/6 10130/1/6 10200/1/6
f 10022/3/6 10023/3/6 10201/3/6
f 10200/1/6 10022/1/6 10201/1/6
f 10023/1/6 10059/1/6 10202/1/6
f 10201/3/6 10023/3/6 10202/3/6
f 10059/1/6 10095/1/6 10202/1/6
f 10095/1/6 10131/1/6 10202/1/6
f 10131/1/6 10162/1/6 10202/1/6
f 10202/1/6 10162/1/6 10203/1/6
f 10162/3/6 10163/3/6 10204/3/6
f 10203/1/6 10162/1/6 10204/1/6
f 10163/1/6 10164/1/6 10205/1/6
f 10204/3/6 10163/3/6 10205/3/6
f 10165/3/6 10166/3/6 10206/3/6
f 10205/1/6 10164/1/6 10206/1/6
f 10164/3/6 10165/3/6 10206/3/6
f 10206/3/6 10166/3/6 10207/3/6
f 10166/4/6 10136/4/6 10208/4/6
f 10207/3/6 10166/3/6 10208/3/6
f 10208/4/6 10136/4/6 10209/4/6
f 10209/4/6 10136/4/6 10210/4/6
f 10137/4/6 10167/4/6 10213/4/6
f 10213/4/6 10167/4/6 10214/4/6
f 10167/3/6 10168/3/6 10215/3/6
f 10214/4/6 10167/4/6 10215/4/6
f 10168/3/6 10169/3/6 10215/3/6
f 10215/3/6 10169/3/6 10216/3/6
f 10169/1/6 10170/1/6 10217/1/6
f 10216/3/6 10169/3/6 10217/3/6
f 10106/1/6 10070/1/6 10218/1/6
f 10217/1/6 10170/1/6 10218/1/6
f 10070/1/6 10034/1/6 10218/1/6
f 10142/1/6 10106/1/6 10218/1/6
f 10170/1/6 10142/1/6 10218/1/6
f 10034/3/6 10035/3/6 10219/3/6
f 10218/1/6 10034/1/6 10219/1/6
f 10035/1/6 10071/1/6 10220/1/6
f 10219/3/6 10035/3/6 10220/3/6
f 10071/1/6 10107/1/6 10220/1/6
f 10107/1/6 10143/1/6 10220/1/6
f 10143/1/6 10171/1/6 10220/1/6
f 10220/1/6 10171/1/6 10221/1/6
f 10171/3/6 10172/3/6 10222/3/6
f 10221/1/6 10171/1/6 10222/1/6
f 10172/1/6 10173/1/6 10223/1/6
f 10222/3/6 10172/3/6 10223/3/6
f 10174/3/6 10175/3/6 10224/3/6
f 10223/1/6 10173/1/6 10224/1/6
f 10173/3/6 10174/3/6 10224/3/6
f 10224/3/6 10175/3/6 10225/3/6
f 10175/4/6 10148/4/6 10226/4/6
f 10225/3/6 10175/3/6 10226/3/6
f 10226/4/6 10148/4/6 10227/4/6
f 10227/4/6 10148/4/6 10228/4/6
f 10177/4/6 10178/4/6 10231/4/6
f 10176/4/6 10177/4/6 10231/4/6
f 10178/3/6 10179/3/6 10232/3/6
f 10179/3/6 10180/3/6 10232/3/6
f 10182/1/6 10183/1/6 10233/1/6
f 10232/3/6 10180/3/6 10233/3/6
f 10181/1/6 10182/1/6 10233/1/6
f 10180/1/6 10181/1/6 10233/1/6
f 10188/1/6 10189/1/6 10234/1/6
f 10190/3/6 10191/3/6 10234/3/6
f 10189/3/6 10190/3/6 10234/3/6
f 10187/1/6 10188/1/6 10234/1/6
f 10234/3/6 10191/3/6 10235/3/6
f 10191/4/6 10192/4/6 10236/4/6
f 10192/4/6 10193/4/6 10236/4/6
f 10195/4/6 10196/4/6 10239/4/6
f 10194/4/6 10195/4/6 10239/4/6
f 10196/3/6 10197/3/6 10240/3/6
f 10197/3/6 10198/3/6 10240/3/6
f 10198/1/6 10199/1/6 10241/1/6
f 10240/3/6 10198/3/6 10241/3/6
f 10199/1/6 10200/1/6 10241/1/6
f 10208/3/6 10209/3/6 10242/3/6
f 10207/3/6 10208/3/6 10242/3/6
f 10206/1/6 10207/1/6 10242/1/6
f 10204/1/6 10205/1/6 10242/1/6
f 10205/1/6 10206/1/6 10242/1/6
f 10242/3/6 10209/3/6 10243/3/6
f 10209/4/6 10210/4/6 10244/4/6
f 10210/4/6 10211/4/6 10244/4/6
f 10213/4/6 10214/4/6 10247/4/6
f 10212/4/6 10213/4/6 10247/4/6
f 10214/3/6 10215/3/6 10248/3/6
f 10215/3/6 10216/3/6 10248/3/6
f 10216/1/6 10217/1/6 10249/1/6
f 10248/3/6 10216/3/6 10249/3/6
f 10217/1/6 10218/1/6 10249/1/6
f 10222/1/6 10223/1/6 10250/1/6
f 10225/3/6 10226/3/6 10250/3/6
f 10224/1/6 10225/1/6 10250/1/6
f 10226/3/6 10227/3/6 10250/3/6
f 10223/1/6 10224/1/6 10250/1/6
f 10250/3/6 10227/3/6 10251/3/6
f 10227/4/6 10228/4/6 10252/4/6
f 10228/4/6 10229/4/6 10252/4/6
f 10230/4/6 10231/4/6 10254/4/6
f 10231/4/6 10178/4/6 10254/4/6
f 10178/3/6 10232/3/6 10255/3/6
f 10254/4/6 10178/4/6 10255/4/6
f 10183/3/6 10184/3/6 10256/3/6
f 10233/1/6 10183/1/6 10256/1/6
f 10232/1/6 10233/1/6 10256/1/6
f 10184/1/6 10185/1/6 10257/1/6
f 10256/3/6 10184/3/6 10257/3/6
f 10185/1/6 10186/1/6 10257/1/6
f 10257/1/6 10186/1/6 10258/1/6
f 10236/4/6 10237/4/6 10259/4/6
f 10235/3/6 10191/3/6 10259/3/6
f 10191/4/6 10236/4/6 10259/4/6
f 10259/4/6 10237/4/6 10260/4/6
f 10238/4/6 10239/4/6 10261/4/6
f 10239/4/6 10196/4/6 10261/4/6
f 10196/3/6 10240/3/6 10262/3/6
f 10261/4/6 10196/4/6 10262/4/6
f 10202/1/6 10203/1/6 10263/1/6
f 10201/1/6 10202/1/6 10263/1/6
f 10203/3/6 10204/3/6 10264/3/6
f 10263/1/6 10203/1/6 10264/1/6
f 10204/1/6 10242/1/6 10265/1/6
f 10264/3/6 10204/3/6 10265/3/6
f 10242/1/6 10243/1/6 10265/1/6
f 10243/3/6 10209/3/6 10266/3/6
f 10244/4/6 10245/4/6 10266/4/6
f 10209/4/6 10244/4/6 10266/4/6
f 10266/4/6 10245/4/6 10267/4/6
f 10246/4/6 10247/4/6 10268/4/6
f 10247/4/6 10214/4/6 10268/4/6
f 10214/3/6 10248/3/6 10269/3/6
f 10268/4/6 10214/4/6 10269/4/6
f 10219/1/6 10220/1/6 10270/1/6
f 10220/1/6 10221/1/6 10270/1/6
f 10221/3/6 10222/3/6 10271/3/6
f 10270/1/6 10221/1/6 10271/1/6
f 10222/1/6 10250/1/6 10272/1/6
f 10271/3/6 10222/3/6 10272/3/6
f 10250/1/6 10251/1/6 10272/1/6
f 10252/4/6 10253/4/6 10273/4/6
f 10251/3/6 10227/3/6 10273/3/6
f 10227/4/6 10252/4/6 10273/4/6
f 10273/4/6 10253/4/6 10274/4/6
f 10230/4/6 10254/4/6 10276/4/6
f 10255/3/6 10232/3/6 10277/3/6
f 10254/3/6 10255/3/6 10277/3/6
f 10232/1/6 10256/1/6 10278/1/6
f 10277/3/6 10232/3/6 10278/3/6
f 10256/1/6 10257/1/6 10278/1/6
f 10257/3/6 10258/3/6 10279/3/6
f 10278/1/6 10257/1/6 10279/1/6
f 10258/1/6 10186/1/6 10280/1/6
f 10279/3/6 10258/3/6 10280/3/6
f 10280/1/6 10186/1/6 10281/1/6
f 10260/4/6 10237/4/6 10282/4/6
f 10238/4/6 10261/4/6 10285/4/6
f 10201/1/6 10263/1/6 10286/1/6
f 10263/3/6 10264/3/6 10287/3/6
f 10286/1/6 10263/1/6 10287/1/6
f 10264/1/6 10265/1/6 10288/1/6
f 10287/3/6 10264/3/6 10288/3/6
f 10265/1/6 10243/1/6 10289/1/6
f 10288/1/6 10265/1/6 10289/1/6
f 10243/3/6 10266/3/6 10289/3/6
f 10266/3/6 10267/3/6 10289/3/6
f 10289/3/6 10267/3/6 10290/3/6
f 10267/4/6 10245/4/6 10291/4/6
f 10246/4/6 10268/4/6 10294/4/6
f 10219/1/6 10270/1/6 10295/1/6
f 10270/3/6 10271/3/6 10296/3/6
f 10295/1/6 10270/1/6 10296/1/6
f 10271/1/6 10272/1/6 10297/1/6
f 10296/3/6 10271/3/6 10297/3/6
f 10272/1/6 10251/1/6 10298/1/6
f 10297/1/6 10272/1/6 10298/1/6
f 10251/3/6 10273/3/6 10298/3/6
f 10273/3/6 10274/3/6 10298/3/6
f 10298/3/6 10274/3/6 10299/3/6
f 10274/4/6 10253/4/6 10300/4/6
f 10275/4/6 10276/4/6 10302/4/6
f 10276/4/6 10254/4/6 10302/4/6
f 10254/3/6 10277/3/6 10303/3/6
f 10302/4/6 10254/4/6 10303/4/6
f 10278/1/6 10279/1/6 10304/1/6
f 10277/1/6 10278/1/6 10304/1/6
f 10279/1/6 10280/1/6 10304/1/6
f 10280/3/6 10281/3/6 10304/3/6
f 10281/1/6 10186/1/6 10305/1/6
f 10304/3/6 10281/3/6 10305/3/6
f 10305/1/6 10186/1/6 10306/1/6
f 10187/1/6 10234/1/6 10307/1/6
f 10234/1/6 10235/1/6 10307/1/6
f 10235/3/6 10259/3/6 10308/3/6
f 10307/1/6 10235/1/6 10308/1/6
f 10259/3/6 10260/3/6 10308/3/6
f 10282/4/6 10283/4/6 10309/4/6
f 10308/3/6 10260/3/6 10309/3/6
f 10260/4/6 10282/4/6 10309/4/6
f 10309/4/6 10283/4/6 10310/4/6
f 10284/4/6 10285/4/6 10311/4/6
f 10285/4/6 10261/4/6 10311/4/6
f 10261/3/6 10262/3/6 10312/3/6
f 10311/4/6 10261/4/6 10312/4/6
f 10240/1/6 10241/1/6 10313/1/6
f 10312/3/6 10262/3/6 10313/3/6
f 10262/3/6 10240/3/6 10313/3/6
f 10241/1/6 10200/1/6 10314/1/6
f 10313/1/6 10241/1/6 10314/1/6
f 10201/1/6 10286/1/6 10315/1/6
f 10286/3/6 10287/3/6 10316/3/6
f 10315/1/6 10286/1/6 10316/1/6
f 10287/1/6 10288/1/6 10317/1/6
f 10316/3/6 10287/3/6 10317/3/6
f 10288/1/6 10289/1/6 10317/1/6
f 10289/1/6 10290/1/6 10317/1/6
f 10291/4/6 10292/4/6 10318/4/6
f 10290/3/6 10267/3/6 10318/3/6
f 10267/4/6 10291/4/6 10318/4/6
f 10318/4/6 10292/4/6 10319/4/6
f 10293/4/6 10294/4/6 10320/4/6
f 10294/4/6 10268/4/6 10320/4/6
f 10268/3/6 10269/3/6 10321/3/6
f 10320/4/6 10268/4/6 10321/4/6
f 10269/3/6 10248/3/6 10322/3/6
f 10321/3/6 10269/3/6 10322/3/6
f 10248/1/6 10249/1/6 10322/1/6
f 10249/1/6 10218/1/6 10323/1/6
f 10322/1/6 10249/1/6 10323/1/6
f 10219/1/6 10295/1/6 10324/1/6
f 10295/3/6 10296/3/6 10325/3/6
f 10324/1/6 10295/1/6 10325/1/6
f 10296/1/6 10297/1/6 10326/1/6
f 10325/3/6 10296/3/6 10326/3/6
f 10298/1/6 10299/1/6 10326/1/6
f 10297/1/6 10298/1/6 10326/1/6
f 10300/4/6 10301/4/6 10327/4/6
f 10299/3/6 10274/3/6 10327/3/6
f 10274/4/6 10300/4/6 10327/4/6
f 10327/4/6 10301/4/6 10328/4/6
f 10303/3/6 10277/3/6 10329/3/6
f 10302/3/6 10303/3/6 10329/3/6
f 10277/1/6 10304/1/6 10330/1/6
f 10329/3/6 10277/3/6 10330/3/6
f 10304/1/6 10305/1/6 10330/1/6
f 10305/3/6 10306/3/6 10331/3/6
f 10330/1/6 10305/1/6 10331/1/6
f 10306/1/6 10186/1/6 10332/1/6
f 10331/3/6 10306/3/6 10332/3/6
f 10186/3/6 10187/3/6 10333/3/6
f 10332/1/6 10186/1/6 10333/1/6
f 10187/1/6 10307/1/6 10334/1/6
f 10333/3/6 10187/3/6 10334/3/6
f 10334/1/6 10307/1/6 10335/1/6
f 10307/3/6 10308/3/6 10336/3/6
f 10335/1/6 10307/1/6 10336/1/6
f 10308/1/6 10309/1/6 10337/1/6
f 10336/3/6 10308/3/6 10337/3/6
f 10312/1/6 10313/1/6 10338/1/6
f 10313/3/6 10314/3/6 10338/3/6
f 10314/1/6 10200/1/6 10339/1/6
f 10338/3/6 10314/3/6 10339/3/6
f 10339/1/6 10200/1/6 10340/1/6
f 10200/3/6 10201/3/6 10341/3/6
f 10340/1/6 10200/1/6 10341/1/6
f 10201/1/6 10315/1/6 10342/1/6
f 10341/3/6 10201/3/6 10342/3/6
f 10315/3/6 10316/3/6 10343/3/6
f 10342/1/6 10315/1/6 10343/1/6
f 10316/1/6 10317/1/6 10344/1/6
f 10343/3/6 10316/3/6 10344/3/6
f 10317/1/6 10290/1/6 10345/1/6
f 10344/1/6 10317/1/6 10345/1/6
f 10290/3/6 10318/3/6 10345/3/6
f 10318/3/6 10319/3/6 10345/3/6
f 10345/3/6 10319/3/6 10346/3/6
f 10321/1/6 10322/1/6 10347/1/6
f 10322/3/6 10323/3/6 10347/3/6
f 10323/1/6 10218/1/6 10348/1/6
f 10347/3/6 10323/3/6 10348/3/6
f 10348/1/6 10218/1/6 10349/1/6
f 10218/3/6 10219/3/6 10350/3/6
f 10349/1/6 10218/1/6 10350/1/6
f 10219/1/6 10324/1/6 10351/1/6
f 10350/3/6 10219/3/6 10351/3/6
f 10324/3/6 10325/3/6 10352/3/6
f 10351/1/6 10324/1/6 10352/1/6
f 10325/1/6 10326/1/6 10353/1/6
f 10352/3/6 10325/3/6 10353/3/6
f 10326/1/6 10299/1/6 10354/1/6
f 10353/1/6 10326/1/6 10354/1/6
f 10327/3/6 10328/3/6 10354/3/6
f 10299/3/6 10327/3/6 10354/3/6
f 10354/3/6 10328/3/6 10355/3/6
f 10275/4/6 10302/4/6 10356/4/6
f 10302/3/6 10329/3/6 10357/3/6
f 10356/4/6 10302/4/6 10357/4/6
f 10334/1/6 10335/1/6 10358/1/6
f 10330/1/6 10331/1/6 10358/1/6
f 10329/1/6 10330/1/6 10358/1/6
f 10331/1/6 10332/1/6 10358/1/6
f 10332/1/6 10333/1/6 10358/1/6
f 10333/1/6 10334/1/6 10358/1/6
f 10335/3/6 10336/3/6 10359/3/6
f 10358/1/6 10335/1/6 10359/1/6
f 10336/1/6 10337/1/6 10360/1/6
f 10359/3/6 10336/3/6 10360/3/6
f 10310/4/6 10283/4/6 10361/4/6
f 10309/3/6 10310/3/6 10361/3/6
f 10361/4/6 10283/4/6 10362/4/6
f 10284/4/6 10311/4/6 10363/4/6
f 10311/3/6 10312/3/6 10364/3/6
f 10363/4/6 10311/4/6 10364/4/6
f 10339/3/6 10340/3/6 10365/3/6
f 10338/1/6 10339/1/6 10365/1/6
f 10343/1/6 10344/1/6 10366/1/6
f 10365/3/6 10340/3/6 10366/3/6
f 10342/1/6 10343/1/6 10366/1/6
f 10341/1/6 10342/1/6 10366/1/6
f 10340/1/6 10341/1/6 10366/1/6
f 10345/1/6 10346/1/6 10366/1/6
f 10344/1/6 10345/1/6 10366/1/6
f 10366/1/6 10346/1/6 10367/1/6
f 10319/4/6 10292/4/6 10368/4/6
f 10346/3/6 10319/3/6 10368/3/6
f 10368/4/6 10292/4/6 10369/4/6
f 10293/4/6 10320/4/6 10370/4/6
f 10320/3/6 10321/3/6 10371/3/6
f 10370/4/6 10320/4/6 10371/4/6
f 10348/3/6 10349/3/6 10372/3/6
f 10347/1/6 10348/1/6 10372/1/6
f 10352/1/6 10353/1/6 10373/1/6
f 10372/3/6 10349/3/6 10373/3/6
f 10350/1/6 10351/1/6 10373/1/6
f 10351/1/6 10352/1/6 10373/1/6
f 10354/1/6 10355/1/6 10373/1/6
f 10353/1/6 10354/1/6 10373/1/6
f 10349/1/6 10350/1/6 10373/1/6
f 10373/1/6 10355/1/6 10374/1/6
f 10355/3/6 10328/3/6 10375/3/6
f 10328/4/6 10301/4/6 10375/4/6
f 10375/4/6 10301/4/6 10376/4/6
f 10275/4/6 10356/4/6 10378/4/6
f 10329/1/6 10358/1/6 10379/1/6
f 10358/3/6 10359/3/6 10380/3/6
f 10379/1/6 10358/1/6 10380/1/6
f 10359/1/6 10360/1/6 10381/1/6
f 10380/3/6 10359/3/6 10381/3/6
f 10361/3/6 10362/3/6 10382/3/6
f 10381/1/6 10360/1/6 10382/1/6
f 10337/1/6 10309/1/6 10382/1/6
f 10309/3/6 10361/3/6 10382/3/6
f 10360/1/6 10337/1/6 10382/1/6
f 10382/3/6 10362/3/6 10383/3/6
f 10362/4/6 10283/4/6 10384/4/6
f 10284/4/6 10363/4/6 10385/4/6
f 10364/3/6 10312/3/6 10386/3/6
f 10363/3/6 10364/3/6 10386/3/6
f 10338/1/6 10365/1/6 10387/1/6
f 10386/3/6 10312/3/6 10387/3/6
f 10312/1/6 10338/1/6 10387/1/6
f 10365/1/6 10366/1/6 10387/1/6
f 10366/3/6 10367/3/6 10388/3/6
f 10387/1/6 10366/1/6 10388/1/6
f 10367/1/6 10346/1/6 10389/1/6
f 10388/3/6 10367/3/6 10389/3/6
f 10389/1/6 10346/1/6 10390/1/6
f 10369/4/6 10292/4/6 10391/4/6
f 10293/4/6 10370/4/6 10392/4/6
f 10371/3/6 10321/3/6 10393/3/6
f 10370/3/6 10371/3/6 10393/3/6
f 10347/1/6 10372/1/6 10394/1/6
f 10393/3/6 10321/3/6 10394/3/6
f 10321/1/6 10347/1/6 10394/1/6
f 10372/1/6 10373/1/6 10394/1/6
f 10373/3/6 10374/3/6 10395/3/6
f 10394/1/6 10373/1/6 10395/1/6
f 10374/1/6 10355/1/6 10396/1/6
f 10395/3/6 10374/3/6 10396/3/6
f 10396/1/6 10355/1/6 10397/1/6
f 10376/4/6 10301/4/6 10398/4/6
f 10357/3/6 10329/3/6 10400/3/6
f 10356/3/6 10357/3/6 10400/3/6
f 10329/1/6 10379/1/6 10401/1/6
f 10400/3/6 10329/3/6 10401/3/6
f 10401/1/6 10379/1/6 10402/1/6
f 10402/1/6 10379/1/6 10403/1/6
f 10403/1/6 10379/1/6 10404/1/6
f 10379/3/6 10380/3/6 10405/3/6
f 10404/1/6 10379/1/6 10405/1/6
f 10380/1/6 10381/1/6 10406/1/6
f 10405/3/6 10380/3/6 10406/3/6
f 10382/1/6 10383/1/6 10406/1/6
f 10381/1/6 10382/1/6 10406/1/6
f 10387/1/6 10388/1/6 10407/1/6
f 10386/1/6 10387/1/6 10407/1/6
f 10389/3/6 10390/3/6 10407/3/6
f 10388/1/6 10389/1/6 10407/1/6
f 10390/1/6 10346/1/6 10408/1/6
f 10407/3/6 10390/3/6 10408/3/6
f 10408/1/6 10346/1/6 10409/1/6
f 10409/1/6 10346/1/6 10410/1/6
f 10410/1/6 10346/1/6 10411/1/6
f 10368/3/6 10369/3/6 10412/3/6
f 10411/1/6 10346/1/6 10412/1/6
f 10346/3/6 10368/3/6 10412/3/6
f 10412/3/6 10369/3/6 10413/3/6
f 10394/1/6 10395/1/6 10414/1/6
f 10393/1/6 10394/1/6 10414/1/6
f 10396/3/6 10397/3/6 10414/3/6
f 10395/1/6 10396/1/6 10414/1/6
f 10397/1/6 10355/1/6 10415/1/6
f 10414/3/6 10397/3/6 10415/3/6
f 10415/1/6 10355/1/6 10416/1/6
f 10416/1/6 10355/1/6 10417/1/6
f 10417/1/6 10355/1/6 10418/1/6
f 10375/3/6 10376/3/6 10419/3/6
f 10418/1/6 10355/1/6 10419/1/6
f 10355/3/6 10375/3/6 10419/3/6
f 10419/3/6 10376/3/6 10420/3/6
f 10400/1/6 10401/1/6 10421/1/6
f 10401/1/6 10402/1/6 10421/1/6
f 10402/3/6 10403/3/6 10422/3/6
f 10421/1/6 10402/1/6 10422/1/6
f 10403/1/6 10404/1/6 10423/1/6
f 10422/3/6 10403/3/6 10423/3/6
f 10404/3/6 10405/3/6 10424/3/6
f 10423/1/6 10404/1/6 10424/1/6
f 10405/1/6 10406/1/6 10425/1/6
f 10424/3/6 10405/3/6 10425/3/6
f 10408/3/6 10409/3/6 10426/3/6
f 10407/1/6 10408/1/6 10426/1/6
f 10409/1/6 10410/1/6 10427/1/6
f 10426/3/6 10409/3/6 10427/3/6
f 10410/3/6 10411/3/6 10428/3/6
f 10427/1/6 10410/1/6 10428/1/6
f 10412/1/6 10413/1/6 10429/1/6
f 10428/3/6 10411/3/6 10429/3/6
f 10411/1/6 10412/1/6 10429/1/6
f 10429/1/6 10413/1/6 10430/1/6
f 10414/1/6 10415/1/6 10431/1/6
f 10415/3/6 10416/3/6 10431/3/6
f 10416/1/6 10417/1/6 10432/1/6
f 10431/3/6 10416/3/6 10432/3/6
f 10417/3/6 10418/3/6 10433/3/6
f 10432/1/6 10417/1/6 10433/1/6
f 10419/1/6 10420/1/6 10434/1/6
f 10433/3/6 10418/3/6 10434/3/6
f 10418/1/6 10419/1/6 10434/1/6
f 10434/1/6 10420/1/6 10435/1/6
f 10400/1/6 10421/1/6 10436/1/6
f 10421/3/6 10422/3/6 10437/3/6
f 10436/1/6 10421/1/6 10437/1/6
f 10422/1/6 10423/1/6 10438/1/6
f 10437/3/6 10422/3/6 10438/3/6
f 10423/1/6 10424/1/6 10438/1/6
f 10424/1/6 10425/1/6 10438/1/6
f 10426/1/6 10427/1/6 10439/1/6
f 10427/1/6 10428/1/6 10439/1/6
f 10428/1/6 10429/1/6 10439/1/6
f 10429/3/6 10430/3/6 10439/3/6
f 10430/1/6 10413/1/6 10440/1/6
f 10439/3/6 10430/3/6 10440/3/6
f 10440/1/6 10413/1/6 10441/1/6
f 10434/3/6 10435/3/6 10442/3/6
f 10431/1/6 10432/1/6 10442/1/6
f 10432/1/6 10433/1/6 10442/1/6
f 10433/1/6 10434/1/6 10442/1/6
f 10435/1/6 10420/1/6 10443/1/6
f 10442/3/6 10435/3/6 10443/3/6
f 10443/1/6 10420/1/6 10444/1/6
f 10400/1/6 10436/1/6 10445/1/6
f 10436/3/6 10437/3/6 10446/3/6
f 10445/1/6 10436/1/6 10446/1/6
f 10437/1/6 10438/1/6 10447/1/6
f 10446/3/6 10437/3/6 10447/3/6
f 10438/1/6 10425/1/6 10448/1/6
f 10447/1/6 10438/1/6 10448/1/6
f 10406/1/6 10383/1/6 10448/1/6
f 10383/3/6 10362/3/6 10448/3/6
f 10425/1/6 10406/1/6 10448/1/6
f 10384/4/6 10385/4/6 10449/4/6
f 10448/3/6 10362/3/6 10449/3/6
f 10362/4/6 10384/4/6 10449/4/6
f 10363/3/6 10386/3/6 10450/3/6
f 10449/4/6 10385/4/6 10450/4/6
f 10385/4/6 10363/4/6 10450/4/6
f 10407/1/6 10426/1/6 10451/1/6
f 10450/3/6 10386/3/6 10451/3/6
f 10426/1/6 10439/1/6 10451/1/6
f 10439/1/6 10440/1/6 10451/1/6
f 10386/1/6 10407/1/6 10451/1/6
f 10440/3/6 10441/3/6 10452/3/6
f 10451/1/6 10440/1/6 10452/1/6
f 10441/1/6 10413/1/6 10453/1/6
f 10452/3/6 10441/3/6 10453/3/6
f 10453/1/6 10413/1/6 10454/1/6
f 10413/3/6 10369/3/6 10455/3/6
f 10454/1/6 10413/1/6 10455/1/6
f 10391/4/6 10392/4/6 10456/4/6
f 10455/3/6 10369/3/6 10456/3/6
f 10369/4/6 10391/4/6 10456/4/6
f 10370/3/6 10393/3/6 10457/3/6
f 10456/4/6 10392/4/6 10457/4/6
f 10392/4/6 10370/4/6 10457/4/6
f 10393/1/6 10414/1/6 10458/1/6
f 10457/3/6 10393/3/6 10458/3/6
f 10414/1/6 10431/1/6 10458/1/6
f 10431/1/6 10442/1/6 10458/1/6
f 10442/1/6 10443/1/6 10458/1/6
f 10443/3/6 10444/3/6 10459/3/6
f 10458/1/6 10443/1/6 10459/1/6
f 10444/1/6 10420/1/6 10460/1/6
f 10459/3/6 10444/3/6 10460/3/6
f 10460/1/6 10420/1/6 10461/1/6
f 10400/1/6 10445/1/6 10462/1/6
f 10445/3/6 10446/3/6 10463/3/6
f 10462/1/6 10445/1/6 10463/1/6
f 10446/1/6 10447/1/6 10464/1/6
f 10463/3/6 10446/3/6 10464/3/6
f 10447/1/6 10448/1/6 10464/1/6
f 10464/1/6 10448/1/6 10465/1/6
f 10465/1/6 10448/1/6 10466/1/6
f 10466/1/6 10448/1/6 10467/1/6
f 10467/1/6 10448/1/6 10468/1/6
f 10451/1/6 10452/1/6 10469/1/6
f 10452/1/6 10453/1/6 10469/1/6
f 10469/1/6 10453/1/6 10470/1/6
f 10470/1/6 10453/1/6 10471/1/6
f 10471/1/6 10453/1/6 10472/1/6
f 10453/3/6 10454/3/6 10473/3/6
f 10472/1/6 10453/1/6 10473/1/6
f 10454/1/6 10455/1/6 10474/1/6
f 10473/3/6 10454/3/6 10474/3/6
f 10474/1/6 10455/1/6 10475/1/6
f 10459/1/6 10460/1/6 10476/1/6
f 10458/1/6 10459/1/6 10476/1/6
f 10476/1/6 10460/1/6 10477/1/6
f 10477/1/6 10460/1/6 10478/1/6
f 10478/1/6 10460/1/6 10479/1/6
f 10460/3/6 10461/3/6 10480/3/6
f 10479/1/6 10460/1/6 10480/1/6
f 10461/1/6 10420/1/6 10481/1/6
f 10480/3/6 10461/3/6 10481/3/6
f 10481/1/6 10420/1/6 10482/1/6
f 10400/1/6 10462/1/6 10483/1/6
f 10462/3/6 10463/3/6 10484/3/6
f 10483/1/6 10462/1/6 10484/1/6
f 10463/1/6 10464/1/6 10485/1/6
f 10484/3/6 10463/3/6 10485/3/6
f 10464/1/6 10465/1/6 10485/1/6
f 10485/1/6 10465/1/6 10486/1/6
f 10465/3/6 10466/3/6 10487/3/6
f 10486/1/6 10465/1/6 10487/1/6
f 10466/1/6 10467/1/6 10488/1/6
f 10487/3/6 10466/3/6 10488/3/6
f 10488/1/6 10467/1/6 10489/1/6
f 10489/1/6 10467/1/6 10490/1/6
f 10490/1/6 10467/1/6 10491/1/6
f 10491/1/6 10467/1/6 10492/1/6
f 10470/1/6 10471/1/6 10493/1/6
f 10493/1/6 10471/1/6 10494/1/6
f 10494/1/6 10471/1/6 10495/1/6
f 10495/1/6 10471/1/6 10496/1/6
f 10471/3/6 10472/3/6 10497/3/6
f 10496/1/6 10471/1/6 10497/1/6
f 10473/1/6 10474/1/6 10498/1/6
f 10497/3/6 10472/3/6 10498/3/6
f 10472/1/6 10473/1/6 10498/1/6
f 10498/1/6 10474/1/6 10499/1/6
f 10499/1/6 10474/1/6 10500/1/6
f 10500/1/6 10474/1/6 10501/1/6
f 10477/1/6 10478/1/6 10502/1/6
f 10502/1/6 10478/1/6 10503/1/6
f 10503/1/6 10478/1/6 10504/1/6
f 10504/1/6 10478/1/6 10505/1/6
f 10478/3/6 10479/3/6 10506/3/6
f 10505/1/6 10478/1/6 10506/1/6
f 10479/1/6 10480/1/6 10507/1/6
f 10506/3/6 10479/3/6 10507/3/6
f 10480/1/6 10481/1/6 10507/1/6
f 10507/1/6 10481/1/6 10508/1/6
f 10481/3/6 10482/3/6 10509/3/6
f 10508/1/6 10481/1/6 10509/1/6
f 10482/1/6 10420/1/6 10510/1/6
f 10509/3/6 10482/3/6 10510/3/6
f 10510/1/6 10420/1/6 10511/1/6
f 10400/1/6 10483/1/6 10512/1/6
f 10356/3/6 10400/3/6 10512/3/6
f 10483/3/6 10484/3/6 10513/3/6
f 10512/1/6 10483/1/6 10513/1/6
f 10485/1/6 10486/1/6 10514/1/6
f 10513/3/6 10484/3/6 10514/3/6
f 10484/1/6 10485/1/6 10514/1/6
f 10487/1/6 10488/1/6 10515/1/6
f 10488/1/6 10489/1/6 10515/1/6
f 10489/3/6 10490/3/6 10515/3/6
f 10490/1/6 10491/1/6 10516/1/6
f 10515/3/6 10490/3/6 10516/3/6
f 10516/1/6 10491/1/6 10517/1/6
f 10517/1/6 10491/1/6 10518/1/6
f 10518/1/6 10491/1/6 10519/1/6
f 10494/1/6 10495/1/6 10520/1/6
f 10520/1/6 10495/1/6 10521/1/6
f 10521/1/6 10495/1/6 10522/1/6
f 10495/3/6 10496/3/6 10523/3/6
f 10522/1/6 10495/1/6 10523/1/6
f 10496/1/6 10497/1/6 10524/1/6
f 10523/3/6 10496/3/6 10524/3/6
f 10497/1/6 10498/1/6 10524/1/6
f 10499/1/6 10500/1/6 10525/1/6
f 10525/1/6 10500/1/6 10526/1/6
f 10503/1/6 10504/1/6 10527/1/6
f 10527/1/6 10504/1/6 10528/1/6
f 10528/1/6 10504/1/6 10529/1/6
f 10504/3/6 10505/3/6 10530/3/6
f 10529/1/6 10504/1/6 10530/1/6
f 10505/1/6 10506/1/6 10531/1/6
f 10530/3/6 10505/3/6 10531/3/6
f 10506/1/6 10507/1/6 10531/1/6
f 10508/1/6 10509/1/6 10532/1/6
f 10510/3/6 10511/3/6 10532/3/6
f 10509/1/6 10510/1/6 10532/1/6
f 10511/1/6 10420/1/6 10533/1/6
f 10532/3/6 10511/3/6 10533/3/6
f 10420/3/6 10376/3/6 10534/3/6
f 10533/1/6 10420/1/6 10534/1/6
f 10377/4/6 10378/4/6 10535/4/6
f 10378/4/6 10356/4/6 10536/4/6
f 10535/4/6 10378/4/6 10536/4/6
f 10512/3/6 10513/3/6 10537/3/6
f 10513/1/6 10514/1/6 10538/1/6
f 10537/3/6 10513/3/6 10538/3/6
f 10514/1/6 10486/1/6 10539/1/6
f 10538/1/6 10514/1/6 10539/1/6
f 10486/3/6 10487/3/6 10540/3/6
f 10539/1/6 10486/1/6 10540/1/6
f 10487/1/6 10515/1/6 10541/1/6
f 10540/3/6 10487/3/6 10541/3/6
f 10515/1/6 10516/1/6 10541/1/6
f 10516/3/6 10517/3/6 10542/3/6
f 10541/1/6 10516/1/6 10542/1/6
f 10517/1/6 10518/1/6 10543/1/6
f 10542/3/6 10517/3/6 10543/3/6
f 10543/1/6 10518/1/6 10544/1/6
f 10521/1/6 10522/1/6 10545/1/6
f 10522/3/6 10523/3/6 10546/3/6
f 10545/1/6 10522/1/6 10546/1/6
f 10523/1/6 10524/1/6 10547/1/6
f 10546/3/6 10523/3/6 10547/3/6
f 10524/1/6 10498/1/6 10548/1/6
f 10547/1/6 10524/1/6 10548/1/6
f 10498/3/6 10499/3/6 10548/3/6
f 10499/1/6 10525/1/6 10549/1/6
f 10548/3/6 10499/3/6 10549/3/6
f 10549/1/6 10525/1/6 10550/1/6
f 10550/1/6 10525/1/6 10551/1/6
f 10551/1/6 10525/1/6 10552/1/6
f 10528/1/6 10529/1/6 10553/1/6
f 10529/3/6 10530/3/6 10554/3/6
f 10553/1/6 10529/1/6 10554/1/6
f 10530/1/6 10531/1/6 10555/1/6
f 10554/3/6 10530/3/6 10555/3/6
f 10531/1/6 10507/1/6 10556/1/6
f 10555/1/6 10531/1/6 10556/1/6
f 10507/3/6 10508/3/6 10556/3/6
f 10508/1/6 10532/1/6 10557/1/6
f 10556/3/6 10508/3/6 10557/3/6
f 10532/1/6 10533/1/6 10557/1/6
f 10557/1/6 10533/1/6 10558/1/6
f 10533/3/6 10534/3/6 10559/3/6
f 10558/1/6 10533/1/6 10559/1/6
f 10559/3/6 10534/3/6 10560/3/6
f 10398/4/6 10399/4/6 10561/4/6
f 10376/4/6 10398/4/6 10561/4/6
f 10561/4/6 10399/4/6 10562/4/6
f 10356/3/6 10512/3/6 10563/3/6
f 10536/4/6 10356/4/6 10563/4/6
f 10512/3/6 10537/3/6 10563/3/6
f 10563/3/6 10537/3/6 10564/3/6
f 10541/1/6 10542/1/6 10565/1/6
f 10540/1/6 10541/1/6 10565/1/6
f 10565/1/6 10542/1/6 10566/1/6
f 10547/1/6 10548/1/6 10567/1/6
f 10548/1/6 10549/1/6 10567/1/6
f 10567/1/6 10549/1/6 10568/1/6
f 10550/1/6 10551/1/6 10569/1/6
f 10549/3/6 10550/3/6 10569/3/6
f 10569/1/6 10551/1/6 10570/1/6
f 10555/1/6 10556/1/6 10571/1/6
f 10556/1/6 10557/1/6 10571/1/6
f 10571/1/6 10557/1/6 10572/1/6
f 10560/3/6 10534/3/6 10573/3/6
f 10534/3/6 10376/3/6 10573/3/6
f 10376/4/6 10561/4/6 10574/4/6
f 10573/3/6 10376/3/6 10574/3/6
f 10538/1/6 10539/1/6 10575/1/6
f 10564/3/6 10537/3/6 10575/3/6
f 10537/1/6 10538/1/6 10575/1/6
f 10575/1/6 10539/1/6 10576/1/6
f 10576/1/6 10539/1/6 10577/1/6
f 10539/3/6 10540/3/6 10578/3/6
f 10577/1/6 10539/1/6 10578/1/6
f 10540/1/6 10565/1/6 10579/1/6
f 10578/3/6 10540/3/6 10579/3/6
f 10579/1/6 10565/1/6 10580/1/6
f 10580/1/6 10565/1/6 10581/1/6
f 10568/1/6 10549/1/6 10582/1/6
f 10582/1/6 10549/1/6 10583/1/6
f 10549/3/6 10569/3/6 10584/3/6
f 10583/1/6 10549/1/6 10584/1/6
f 10584/3/6 10569/3/6 10585/3/6
f 10572/1/6 10557/1/6 10586/1/6
f 10586/1/6 10557/1/6 10587/1/6
f 10557/3/6 10558/3/6 10588/3/6
f 10587/1/6 10557/1/6 10588/1/6
f 10558/1/6 10559/1/6 10589/1/6
f 10588/3/6 10558/3/6 10589/3/6
f 10559/1/6 10560/1/6 10589/1/6
f 10589/1/6 10560/1/6 10590/1/6
f 10590/1/6 10560/1/6 10591/1/6
f 10560/3/6 10573/3/6 10592/3/6
f 10591/1/6 10560/1/6 10592/1/6
f 10563/4/6 10564/4/6 10593/4/6
f 10564/3/6 10575/3/6 10593/3/6
f 10575/3/6 10576/3/6 10593/3/6
f 10593/3/6 10576/3/6 10594/3/6
f 10579/1/6 10580/1/6 10595/1/6
f 10578/1/6 10579/1/6 10595/1/6
f 10595/1/6 10580/1/6 10596/1/6
f 10583/1/6 10584/1/6 10597/1/6
f 10597/1/6 10584/1/6 10598/1/6
f 10598/1/6 10584/1/6 10599/1/6
f 10599/1/6 10584/1/6 10600/1/6
f 10587/1/6 10588/1/6 10601/1/6
f 10588/1/6 10589/1/6 10601/1/6
f 10601/1/6 10589/1/6 10602/1/6
f 10592/3/6 10573/3/6 10603/3/6
f 10591/3/6 10592/3/6 10603/3/6
f 10573/4/6 10574/4/6 10604/4/6
f 10603/3/6 10573/3/6 10604/3/6
f 10536/4/6 10563/4/6 10605/4/6
f 10593/4/6 10594/4/6 10605/4/6
f 10563/4/6 10593/4/6 10605/4/6
f 10605/4/6 10594/4/6 10606/4/6
f 10576/1/6 10577/1/6 10607/1/6
f 10594/3/6 10576/3/6 10607/3/6
f 10607/1/6 10577/1/6 10608/1/6
f 10608/1/6 10577/1/6 10609/1/6
f 10577/3/6 10578/3/6 10610/3/6
f 10609/1/6 10577/1/6 10610/1/6
f 10578/1/6 10595/1/6 10611/1/6
f 10610/3/6 10578/3/6 10611/3/6
f 10602/1/6 10589/1/6 10612/1/6
f 10589/3/6 10590/3/6 10612/3/6
f 10590/1/6 10591/1/6 10613/1/6
f 10612/3/6 10590/3/6 10613/3/6
f 10613/1/6 10591/1/6 10614/1/6
f 10614/1/6 10591/1/6 10615/1/6
f 10591/3/6 10603/3/6 10616/3/6
f 10615/1/6 10591/1/6 10616/1/6
f 10574/4/6 10561/4/6 10617/4/6
f 10604/4/6 10574/4/6 10617/4/6
f 10603/4/6 10604/4/6 10617/4/6
f 10617/4/6 10561/4/6 10618/4/6
f 10606/4/6 10594/4/6 10619/4/6
f 10594/3/6 10607/3/6 10619/3/6
f 10607/3/6 10608/3/6 10619/3/6
f 10619/3/6 10608/3/6 10620/3/6
f 10608/1/6 10609/1/6 10621/1/6
f 10620/3/6 10608/3/6 10621/3/6
f 10621/1/6 10609/1/6 10622/1/6
f 10611/1/6 10595/1/6 10623/1/6
f 10610/1/6 10611/1/6 10623/1/6
f 10623/1/6 10595/1/6 10624/1/6
f 10598/1/6 10599/1/6 10625/1/6
f 10625/1/6 10599/1/6 10626/1/6
f 10626/1/6 10599/1/6 10627/1/6
f 10627/1/6 10599/1/6 10628/1/6
f 10602/1/6 10612/1/6 10629/1/6
f 10612/1/6 10613/1/6 10629/1/6
f 10629/1/6 10613/1/6 10630/1/6
f 10614/1/6 10615/1/6 10631/1/6
f 10615/3/6 10616/3/6 10632/3/6
f 10631/1/6 10615/1/6 10632/1/6
f 10616/3/6 10603/3/6 10633/3/6
f 10632/3/6 10616/3/6 10633/3/6
f 10603/4/6 10617/4/6 10634/4/6
f 10633/3/6 10603/3/6 10634/3/6
f 10619/4/6 10620/4/6 10635/4/6
f 10606/4/6 10619/4/6 10635/4/6
f 10635/4/6 10620/4/6 10636/4/6
f 10622/1/6 10609/1/6 10637/1/6
f 10621/3/6 10622/3/6 10637/3/6
f 10620/3/6 10621/3/6 10637/3/6
f 10637/1/6 10609/1/6 10638/1/6
f 10638/1/6 10609/1/6 10639/1/6
f 10609/3/6 10610/3/6 10640/3/6
f 10639/1/6 10609/1/6 10640/1/6
f 10610/1/6 10623/1/6 10641/1/6
f 10640/3/6 10610/3/6 10641/3/6
f 10641/1/6 10623/1/6 10642/1/6
f 10642/1/6 10623/1/6 10643/1/6
f 10626/1/6 10627/1/6 10644/1/6
f 10644/1/6 10627/1/6 10645/1/6
f 10645/1/6 10627/1/6 10646/1/6
f 10646/1/6 10627/1/6 10647/1/6
f 10630/1/6 10613/1/6 10648/1/6
f 10648/1/6 10613/1/6 10649/1/6
f 10613/3/6 10614/3/6 10650/3/6
f 10649/1/6 10613/1/6 10650/1/6
f 10614/1/6 10631/1/6 10651/1/6
f 10650/3/6 10614/3/6 10651/3/6
f 10651/1/6 10631/1/6 10652/1/6
f 10652/1/6 10631/1/6 10653/1/6
f 10631/3/6 10632/3/6 10654/3/6
f 10653/1/6 10631/1/6 10654/1/6
f 10632/3/6 10633/3/6 10654/3/6
f 10634/4/6 10617/4/6 10655/4/6
f 10633/4/6 10634/4/6 10655/4/6
f 10655/4/6 10617/4/6 10656/4/6
f 10636/4/6 10620/4/6 10657/4/6
f 10657/4/6 10620/4/6 10658/4/6
f 10620/3/6 10637/3/6 10659/3/6
f 10658/4/6 10620/4/6 10659/4/6
f 10637/3/6 10638/3/6 10659/3/6
f 10659/3/6 10638/3/6 10660/3/6
f 10638/1/6 10639/1/6 10661/1/6
f 10660/3/6 10638/3/6 10661/3/6
f 10661/1/6 10639/1/6 10662/1/6
f 10652/1/6 10653/1/6 10663/1/6
f 10653/3/6 10654/3/6 10664/3/6
f 10663/1/6 10653/1/6 10664/1/6
f 10654/3/6 10633/3/6 10665/3/6
f 10664/3/6 10654/3/6 10665/3/6
f 10633/4/6 10655/4/6 10666/4/6
f 10665/3/6 10633/3/6 10666/3/6
f 10666/4/6 10655/4/6 10667/4/6
f 10667/4/6 10655/4/6 10668/4/6
f 10659/4/6 10660/4/6 10669/4/6
f 10658/4/6 10659/4/6 10669/4/6
f 10660/3/6 10661/3/6 10669/3/6
f 10661/3/6 10662/3/6 10669/3/6
f 10669/3/6 10662/3/6 10670/3/6
f 10640/1/6 10641/1/6 10671/1/6
f 10641/1/6 10642/1/6 10671/1/6
f 10671/1/6 10642/1/6 10672/1/6
f 10645/1/6 10646/1/6 10673/1/6
f 10673/1/6 10646/1/6 10674/1/6
f 10674/1/6 10646/1/6 10675/1/6
f 10675/1/6 10646/1/6 10676/1/6
f 10649/1/6 10650/1/6 10677/1/6
f 10650/1/6 10651/1/6 10677/1/6
f 10677/1/6 10651/1/6 10678/1/6
f 10663/3/6 10664/3/6 10679/3/6
f 10664/3/6 10665/3/6 10679/3/6
f 10666/4/6 10667/4/6 10680/4/6
f 10679/3/6 10665/3/6 10680/3/6
f 10665/4/6 10666/4/6 10680/4/6
f 10669/4/6 10670/4/6 10681/4/6
f 10658/4/6 10669/4/6 10681/4/6
f 10681/4/6 10670/4/6 10682/4/6
f 10670/3/6 10662/3/6 10683/3/6
f 10682/4/6 10670/4/6 10683/4/6
f 10683/3/6 10662/3/6 10684/3/6
f 10662/1/6 10639/1/6 10685/1/6
f 10684/3/6 10662/3/6 10685/3/6
f 10639/3/6 10640/3/6 10686/3/6
f 10685/1/6 10639/1/6 10686/1/6
f 10640/1/6 10671/1/6 10687/1/6
f 10686/3/6 10640/3/6 10687/3/6
f 10687/1/6 10671/1/6 10688/1/6
f 10678/1/6 10651/1/6 10689/1/6
f 10651/3/6 10652/3/6 10690/3/6
f 10689/1/6 10651/1/6 10690/1/6
f 10652/1/6 10663/1/6 10691/1/6
f 10690/3/6 10652/3/6 10691/3/6
f 10663/3/6 10679/3/6 10692/3/6
f 10691/1/6 10663/1/6 10692/1/6
f 10692/3/6 10679/3/6 10693/3/6
f 10679/4/6 10680/4/6 10694/4/6
f 10693/3/6 10679/3/6 10694/3/6
f 10680/4/6 10667/4/6 10695/4/6
f 10694/4/6 10680/4/6 10695/4/6
f 10695/4/6 10667/4/6 10696/4/6
f 10683/4/6 10684/4/6 10697/4/6
f 10682/4/6 10683/4/6 10697/4/6
f 10697/4/6 10684/4/6 10698/4/6
f 10684/3/6 10685/3/6 10699/3/6
f 10698/4/6 10684/4/6 10699/4/6
f 10685/3/6 10686/3/6 10699/3/6
f 10686/3/6 10687/3/6 10699/3/6
f 10687/3/6 10688/3/6 10699/3/6
f 10699/3/6 10688/3/6 10700/3/6
f 10688/1/6 10671/1/6 10701/1/6
f 10700/3/6 10688/3/6 10701/3/6
f 10701/1/6 10671/1/6 10702/1/6
f 10678/1/6 10689/1/6 10703/1/6
f 10692/3/6 10693/3/6 10704/3/6
f 10703/1/6 10689/1/6 10704/1/6
f 10689/3/6 10690/3/6 10704/3/6
f 10690/3/6 10691/3/6 10704/3/6
f 10691/3/6 10692/3/6 10704/3/6
f 10704/3/6 10693/3/6 10705/3/6
f 10693/4/6 10694/4/6 10706/4/6
f 10705/3/6 10693/3/6 10706/3/6
f 10694/4/6 10695/4/6 10706/4/6
f 10706/4/6 10695/4/6 10707/4/6
f 10707/4/6 10695/4/6 10708/4/6
f 10699/4/6 10700/4/6 10709/4/6
f 10698/4/6 10699/4/6 10709/4/6
f 10709/4/6 10700/4/6 10710/4/6
f 10701/3/6 10702/3/6 10711/3/6
f 10710/4/6 10700/4/6 10711/4/6
f 10700/3/6 10701/3/6 10711/3/6
f 10711/3/6 10702/3/6 10712/3/6
f 10702/1/6 10671/1/6 10713/1/6
f 10712/3/6 10702/3/6 10713/3/6
f 10713/1/6 10671/1/6 10714/1/6
f 10678/1/6 10703/1/6 10715/1/6
f 10704/3/6 10705/3/6 10716/3/6
f 10715/1/6 10703/1/6 10716/1/6
f 10703/3/6 10704/3/6 10716/3/6
f 10716/3/6 10705/3/6 10717/3/6
f 10706/4/6 10707/4/6 10718/4/6
f 10717/3/6 10705/3/6 10718/3/6
f 10705/4/6 10706/4/6 10718/4/6
f 10718/4/6 10707/4/6 10719/4/6
f 10719/4/6 10707/4/6 10720/4/6
f 10711/4/6 10712/4/6 10721/4/6
f 10710/4/6 10711/4/6 10721/4/6
f 10721/4/6 10712/4/6 10722/4/6
f 10713/3/6 10714/3/6 10723/3/6
f 10722/4/6 10712/4/6 10723/4/6
f 10712/3/6 10713/3/6 10723/3/6
f 10723/3/6 10714/3/6 10724/3/6
f 10714/1/6 10671/1/6 10725/1/6
f 10724/3/6 10714/3/6 10725/3/6
f 10725/1/6 10671/1/6 10726/1/6
f 10726/1/6 10671/1/6 10727/1/6
f 10674/1/6 10675/1/6 10728/1/6
f 10728/1/6 10675/1/6 10729/1/6
f 10678/1/6 10715/1/6 10730/1/6
f 10730/1/6 10715/1/6 10731/1/6
f 10716/3/6 10717/3/6 10732/3/6
f 10731/1/6 10715/1/6 10732/1/6
f 10715/3/6 10716/3/6 10732/3/6
f 10732/3/6 10717/3/6 10733/3/6
f 10718/4/6 10719/4/6 10734/4/6
f 10733/3/6 10717/3/6 10734/3/6
f 10717/4/6 10718/4/6 10734/4/6
f 10734/4/6 10719/4/6 10735/4/6
f 10735/4/6 10719/4/6 10736/4/6
f 10723/4/6 10724/4/6 10737/4/6
f 10722/4/6 10723/4/6 10737/4/6
f 10737/4/6 10724/4/6 10738/4/6
f 10725/3/6 10726/3/6 10739/3/6
f 10738/4/6 10724/4/6 10739/4/6
f 10724/3/6 10725/3/6 10739/3/6
f 10739/3/6 10726/3/6 10740/3/6
f 10732/3/6 10733/3/6 10741/3/6
f 10731/3/6 10732/3/6 10741/3/6
f 10734/4/6 10735/4/6 10742/4/6
f 10741/3/6 10733/3/6 10742/3/6
f 10733/4/6 10734/4/6 10742/4/6
f 10742/4/6 10735/4/6 10743/4/6
f 10743/4/6 10735/4/6 10744/4/6
f 10739/4/6 10740/4/6 10745/4/6
f 10738/4/6 10739/4/6 10745/4/6
f 10745/4/6 10740/4/6 10746/4/6
f 10742/4/6 10743/4/6 10747/4/6
f 10741/4/6 10742/4/6 10747/4/6
f 10747/4/6 10743/4/6 10748/4/6
f 10746/4/6 10740/4/6 10749/4/6
f 10749/4/6 10740/4/6 10750/4/6
f 10741/4/6 10747/4/6 10751/4/6
f 10751/4/6 10747/4/6 10752/4/6
f 10750/4/6 10740/4/6 10754/4/6
f 10741/4/6 10751/4/6 10755/4/6
f 10753/4/6 10754/4/6 10758/4/6
f 10755/4/6 10756/4/6 10759/4/6
f 10757/4/6 10758/4/6 10762/4/6
f 10758/4/6 10754/4/6 10763/4/6
f 10762/4/6 10758/4/6 10763/4/6
f 10754/4/6 10740/4/6 10764/4/6
f 10763/4/6 10754/4/6 10764/4/6
f 10759/4/6 10760/4/6 10765/4/6
f 10755/4/6 10759/4/6 10765/4/6
f 10741/4/6 10755/4/6 10765/4/6
f 10765/4/6 10760/4/6 10766/4/6
f 10766/4/6 10760/4/6 10767/4/6
f 10762/4/6 10763/4/6 10770/4/6
f 10761/4/6 10762/4/6 10770/4/6
f 10770/4/6 10763/4/6 10771/4/6
f 10763/3/6 10764/3/6 10772/3/6
f 10771/4/6 10763/4/6 10772/4/6
f 10772/3/6 10764/3/6 10773/3/6
f 10773/3/6 10764/3/6 10774/3/6
f 10765/3/6 10766/3/6 10779/3/6
f 10779/3/6 10766/3/6 10780/3/6
f 10766/4/6 10767/4/6 10781/4/6
f 10780/3/6 10766/3/6 10781/3/6
f 10767/4/6 10768/4/6 10781/4/6
f 10781/4/6 10768/4/6 10782/4/6
f 10782/4/6 10768/4/6 10783/4/6
f 10770/4/6 10771/4/6 10786/4/6
f 10769/4/6 10770/4/6 10786/4/6
f 10786/4/6 10771/4/6 10787/4/6
f 10771/3/6 10772/3/6 10788/3/6
f 10787/4/6 10771/4/6 10788/4/6
f 10772/3/6 10773/3/6 10788/3/6
f 10788/3/6 10773/3/6 10789/3/6
f 10773/1/6 10774/1/6 10790/1/6
f 10789/3/6 10773/3/6 10790/3/6
f 10774/1/6 10775/1/6 10790/1/6
f 10779/1/6 10780/1/6 10791/1/6
f 10778/1/6 10779/1/6 10791/1/6
f 10781/3/6 10782/3/6 10791/3/6
f 10780/3/6 10781/3/6 10791/3/6
f 10791/3/6 10782/3/6 10792/3/6
f 10782/4/6 10783/4/6 10793/4/6
f 10792/3/6 10782/3/6 10793/3/6
f 10783/4/6 10784/4/6 10793/4/6
f 10793/4/6 10784/4/6 10794/4/6
f 10794/4/6 10784/4/6 10795/4/6
f 10786/4/6 10787/4/6 10798/4/6
f 10785/4/6 10786/4/6 10798/4/6
f 10798/4/6 10787/4/6 10799/4/6
f 10788/3/6 10789/3/6 10800/3/6
f 10799/4/6 10787/4/6 10800/4/6
f 10787/3/6 10788/3/6 10800/3/6
f 10800/3/6 10789/3/6 10801/3/6
f 10789/1/6 10790/1/6 10802/1/6
f 10801/3/6 10789/3/6 10802/3/6
f 10791/1/6 10792/1/6 10803/1/6
f 10793/3/6 10794/3/6 10803/3/6
f 10792/3/6 10793/3/6 10803/3/6
f 10803/3/6 10794/3/6 10804/3/6
f 10794/4/6 10795/4/6 10805/4/6
f 10804/3/6 10794/3/6 10805/3/6
f 10795/4/6 10796/4/6 10805/4/6
f 10805/4/6 10796/4/6 10806/4/6
f 10806/4/6 10796/4/6 10807/4/6
f 10798/4/6 10799/4/6 10810/4/6
f 10797/4/6 10798/4/6 10810/4/6
f 10810/4/6 10799/4/6 10811/4/6
f 10800/3/6 10801/3/6 10812/3/6
f 10811/4/6 10799/4/6 10812/4/6
f 10799/3/6 10800/3/6 10812/3/6
f 10812/3/6 10801/3/6 10813/3/6
f 10801/1/6 10802/1/6 10814/1/6
f 10813/3/6 10801/3/6 10814/3/6
f 10803/1/6 10804/1/6 10815/1/6
f 10805/3/6 10806/3/6 10815/3/6
f 10804/3/6 10805/3/6 10815/3/6
f 10815/3/6 10806/3/6 10816/3/6
f 10806/4/6 10807/4/6 10817/4/6
f 10816/3/6 10806/3/6 10817/3/6
f 10807/4/6 10808/4/6 10817/4/6
f 10817/4/6 10808/4/6 10818/4/6
f 10818/4/6 10808/4/6 10819/4/6
f 10810/4/6 10811/4/6 10821/4/6
f 10809/4/6 10810/4/6 10821/4/6
f 10812/3/6 10813/3/6 10822/3/6
f 10821/4/6 10811/4/6 10822/4/6
f 10811/3/6 10812/3/6 10822/3/6
f 10822/3/6 10813/3/6 10823/3/6
f 10813/1/6 10814/1/6 10824/1/6
f 10823/3/6 10813/3/6 10824/3/6
f 10824/1/6 10814/1/6 10825/1/6
f 10814/1/6 10802/1/6 10826/1/6
f 10825/1/6 10814/1/6 10826/1/6
f 10802/1/6 10790/1/6 10826/1/6
f 10790/1/6 10775/1/6 10826/1/6
f 10776/1/6 10777/1/6 10829/1/6
f 10829/1/6 10777/1/6 10830/1/6
f 10815/1/6 10816/1/6 10833/1/6
f 10778/1/6 10791/1/6 10833/1/6
f 10791/1/6 10803/1/6 10833/1/6
f 10803/1/6 10815/1/6 10833/1/6
f 10833/1/6 10816/1/6 10834/1/6
f 10817/3/6 10818/3/6 10835/3/6
f 10834/1/6 10816/1/6 10835/1/6
f 10816/3/6 10817/3/6 10835/3/6
f 10835/3/6 10818/3/6 10836/3/6
f 10818/4/6 10819/4/6 10837/4/6
f 10836/3/6 10818/3/6 10837/3/6
f 10819/4/6 10820/4/6 10837/4/6
f 10837/4/6 10820/4/6 10838/4/6
f 10809/4/6 10821/4/6 10840/4/6
f 10840/4/6 10821/4/6 10841/4/6
f 10821/3/6 10822/3/6 10842/3/6
f 10841/4/6 10821/4/6 10842/4/6
f 10822/3/6 10823/3/6 10842/3/6
f 10842/3/6 10823/3/6 10843/3/6
f 10823/1/6 10824/1/6 10844/1/6
f 10843/3/6 10823/3/6 10844/3/6
f 10824/3/6 10825/3/6 10845/3/6
f 10844/1/6 10824/1/6 10845/1/6
f 10825/1/6 10826/1/6 10846/1/6
f 10845/3/6 10825/3/6 10846/3/6
f 10846/1/6 10826/1/6 10847/1/6
f 10826/3/6 10827/3/6 10848/3/6
f 10847/1/6 10826/1/6 10848/1/6
f 10848/3/6 10827/3/6 10849/3/6
f 10828/3/6 10829/3/6 10850/3/6
f 10830/1/6 10831/1/6 10851/1/6
f 10850/3/6 10829/3/6 10851/3/6
f 10829/1/6 10830/1/6 10851/1/6
f 10832/3/6 10833/3/6 10852/3/6
f 10833/1/6 10834/1/6 10853/1/6
f 10852/3/6 10833/3/6 10853/3/6
f 10853/1/6 10834/1/6 10854/1/6
f 10834/3/6 10835/3/6 10855/3/6
f 10854/1/6 10834/1/6 10855/1/6
f 10835/1/6 10836/1/6 10856/1/6
f 10855/3/6 10835/3/6 10856/3/6
f 10836/3/6 10837/3/6 10857/3/6
f 10856/1/6 10836/1/6 10857/1/6
f 10837/3/6 10838/3/6 10857/3/6
f 10857/3/6 10838/3/6 10858/3/6
f 10838/4/6 10820/4/6 10859/4/6
f 10858/3/6 10838/3/6 10859/3/6
f 10859/4/6 10820/4/6 10860/4/6
f 10860/4/6 10820/4/6 10861/4/6
f 10840/4/6 10841/4/6 10864/4/6
f 10839/4/6 10840/4/6 10864/4/6
f 10842/3/6 10843/3/6 10865/3/6
f 10841/3/6 10842/3/6 10865/3/6
f 10843/1/6 10844/1/6 10866/1/6
f 10865/3/6 10843/3/6 10866/3/6
f 10844/1/6 10845/1/6 10866/1/6
f 10845/1/6 10846/1/6 10866/1/6
f 10847/1/6 10848/1/6 10867/1/6
f 10848/1/6 10849/1/6 10867/1/6
f 10850/1/6 10851/1/6 10870/1/6
f 10851/1/6 10831/1/6 10871/1/6
f 10870/1/6 10851/1/6 10871/1/6
f 10853/1/6 10854/1/6 10874/1/6
f 10852/1/6 10853/1/6 10874/1/6
f 10857/1/6 10858/1/6 10875/1/6
f 10859/3/6 10860/3/6 10875/3/6
f 10855/1/6 10856/1/6 10875/1/6
f 10858/3/6 10859/3/6 10875/3/6
f 10856/1/6 10857/1/6 10875/1/6
f 10875/3/6 10860/3/6 10876/3/6
f 10860/4/6 10861/4/6 10877/4/6
f 10861/4/6 10862/4/6 10877/4/6
f 10863/4/6 10864/4/6 10879/4/6
f 10864/4/6 10841/4/6 10879/4/6
f 10841/3/6 10865/3/6 10880/3/6
f 10879/4/6 10841/4/6 10880/4/6
f 10866/1/6 10846/1/6 10881/1/6
f 10846/3/6 10847/3/6 10881/3/6
f 10865/1/6 10866/1/6 10881/1/6
f 10847/1/6 10867/1/6 10882/1/6
f 10881/3/6 10847/3/6 10882/3/6
f 10882/1/6 10867/1/6 10883/1/6
f 10867/3/6 10868/3/6 10884/3/6
f 10869/3/6 10870/3/6 10887/3/6
f 10871/1/6 10872/1/6 10888/1/6
f 10870/1/6 10871/1/6 10888/1/6
f 10873/3/6 10874/3/6 10891/3/6
f 10874/1/6 10854/1/6 10892/1/6
f 10854/3/6 10855/3/6 10893/3/6
f 10892/1/6 10854/1/6 10893/1/6
f 10875/1/6 10876/1/6 10894/1/6
f 10893/3/6 10855/3/6 10894/3/6
f 10855/1/6 10875/1/6 10894/1/6
f 10876/3/6 10860/3/6 10895/3/6
f 10877/4/6 10878/4/6 10895/4/6
f 10860/4/6 10877/4/6 10895/4/6
f 10895/4/6 10878/4/6 10896/4/6
f 10863/4/6 10879/4/6 10898/4/6
f 10880/3/6 10865/3/6 10899/3/6
f 10879/3/6 10880/3/6 10899/3/6
f 10865/1/6 10881/1/6 10900/1/6
f 10899/3/6 10865/3/6 10900/3/6
f 10881/1/6 10882/1/6 10900/1/6
f 10882/3/6 10883/3/6 10901/3/6
f 10900/1/6 10882/1/6 10901/1/6
f 10883/1/6 10867/1/6 10902/1/6
f 10901/3/6 10883/3/6 10902/3/6
f 10902/1/6 10867/1/6 10903/1/6
f 10874/1/6 10892/1/6 10904/1/6
f 10892/3/6 10893/3/6 10905/3/6
f 10904/1/6 10892/1/6 10905/1/6
f 10893/1/6 10894/1/6 10906/1/6
f 10905/3/6 10893/3/6 10906/3/6
f 10894/1/6 10876/1/6 10907/1/6
f 10906/1/6 10894/1/6 10907/1/6
f 10876/3/6 10895/3/6 10907/3/6
f 10895/3/6 10896/3/6 10907/3/6
f 10907/3/6 10896/3/6 10908/3/6
f 10896/4/6 10878/4/6 10909/4/6
f 10897/4/6 10898/4/6 10911/4/6
f 10898/4/6 10879/4/6 10911/4/6
f 10879/3/6 10899/3/6 10912/3/6
f 10911/4/6 10879/4/6 10912/4/6
f 10900/1/6 10901/1/6 10913/1/6
f 10899/1/6 10900/1/6 10913/1/6
f 10902/3/6 10903/3/6 10913/3/6
f 10901/1/6 10902/1/6 10913/1/6
f 10903/1/6 10867/1/6 10914/1/6
f 10913/3/6 10903/3/6 10914/3/6
f 10914/1/6 10867/1/6 10915/1/6
f 10884/1/6 10885/1/6 10916/1/6
f 10886/1/6 10887/1/6 10919/1/6
f 10888/1/6 10889/1/6 10920/1/6
f 10890/1/6 10891/1/6 10923/1/6
f 10874/1/6 10904/1/6 10924/1/6
f 10904/3/6 10905/3/6 10925/3/6
f 10924/1/6 10904/1/6 10925/1/6
f 10905/1/6 10906/1/6 10926/1/6
f 10925/3/6 10905/3/6 10926/3/6
f 10907/1/6 10908/1/6 10926/1/6
f 10906/1/6 10907/1/6 10926/1/6
f 10896/4/6 10909/4/6 10927/4/6
f 10908/3/6 10896/3/6 10927/3/6
f 10909/4/6 10910/4/6 10927/4/6
f 10927/4/6 10910/4/6 10928/4/6
f 10912/3/6 10899/3/6 10929/3/6
f 10911/3/6 10912/3/6 10929/3/6
f 10899/1/6 10913/1/6 10930/1/6
f 10929/3/6 10899/3/6 10930/3/6
f 10913/1/6 10914/1/6 10930/1/6
f 10914/3/6 10915/3/6 10931/3/6
f 10930/1/6 10914/1/6 10931/1/6
f 10915/1/6 10867/1/6 10932/1/6
f 10931/3/6 10915/3/6 10932/3/6
f 10867/3/6 10884/3/6 10933/3/6
f 10932/1/6 10867/1/6 10933/1/6
f 10916/1/6 10917/1/6 10934/1/6
f 10933/3/6 10884/3/6 10934/3/6
f 10884/1/6 10916/1/6 10934/1/6
f 10934/1/6 10917/1/6 10935/1/6
f 10918/1/6 10919/1/6 10938/1/6
f 10887/3/6 10870/3/6 10939/3/6
f 10919/1/6 10887/1/6 10939/1/6
f 10938/1/6 10919/1/6 10939/1/6
f 10888/1/6 10920/1/6 10940/1/6
f 10939/3/6 10870/3/6 10940/3/6
f 10920/1/6 10921/1/6 10940/1/6
f 10870/1/6 10888/1/6 10940/1/6
f 10940/1/6 10921/1/6 10941/1/6
f 10922/1/6 10923/1/6 10944/1/6
f 10923/1/6 10891/1/6 10945/1/6
f 10891/3/6 10874/3/6 10945/3/6
f 10944/1/6 10923/1/6 10945/1/6
f 10874/1/6 10924/1/6 10946/1/6
f 10945/3/6 10874/3/6 10946/3/6
f 10924/3/6 10925/3/6 10947/3/6
f 10946/1/6 10924/1/6 10947/1/6
f 10925/1/6 10926/1/6 10948/1/6
f 10947/3/6 10925/3/6 10948/3/6
f 10926/1/6 10908/1/6 10949/1/6
f 10948/1/6 10926/1/6 10949/1/6
f 10927/3/6 10928/3/6 10949/3/6
f 10908/3/6 10927/3/6 10949/3/6
f 10949/3/6 10928/3/6 10950/3/6
f 10897/4/6 10911/4/6 10951/4/6
f 10911/3/6 10929/3/6 10952/3/6
f 10951/4/6 10911/4/6 10952/4/6
f 10932/1/6 10933/1/6 10953/1/6
f 10935/1/6 10936/1/6 10953/1/6
f 10934/1/6 10935/1/6 10953/1/6
f 10930/1/6 10931/1/6 10953/1/6
f 10931/1/6 10932/1/6 10953/1/6
f 10933/1/6 10934/1/6 10953/1/6
f 10929/1/6 10930/1/6 10953/1/6
f 10941/1/6 10942/1/6 10956/1/6
f 10938/1/6 10939/1/6 10956/1/6
f 10937/1/6 10938/1/6 10956/1/6
f 10939/1/6 10940/1/6 10956/1/6
f 10940/1/6 10941/1/6 10956/1/6
f 10956/1/6 10942/1/6 10957/1/6
f 10947/1/6 10948/1/6 10960/1/6
f 10945/1/6 10946/1/6 10960/1/6
f 10946/1/6 10947/1/6 10960/1/6
f 10944/1/6 10945/1/6 10960/1/6
f 10943/1/6 10944/1/6 10960/1/6
f 10949/1/6 10950/1/6 10960/1/6
f 10948/1/6 10949/1/6 10960/1/6
f 10950/3/6 10928/3/6 10961/3/6
f 10928/4/6 10910/4/6 10961/4/6
f 10961/4/6 10910/4/6 10962/4/6
f 10897/4/6 10951/4/6 10964/4/6
f 10953/1/6 10954/1/6 10965/1/6
f 10929/1/6 10953/1/6 10965/1/6
f 10965/1/6 10954/1/6 10966/1/6
f 10957/1/6 10958/1/6 10971/1/6
f 10956/1/6 10957/1/6 10971/1/6
f 10955/1/6 10956/1/6 10971/1/6
f 10971/1/6 10958/1/6 10972/1/6
f 10972/1/6 10958/1/6 10973/1/6
f 10959/1/6 10960/1/6 10977/1/6
f 10960/1/6 10950/1/6 10978/1/6
f 10977/1/6 10960/1/6 10978/1/6
f 10962/4/6 10910/4/6 10979/4/6
f 10952/3/6 10929/3/6 10981/3/6
f 10951/3/6 10952/3/6 10981/3/6
f 10929/1/6 10965/1/6 10982/1/6
f 10981/3/6 10929/3/6 10982/3/6
f 10982/1/6 10965/1/6 10983/1/6
f 10983/1/6 10965/1/6 10984/1/6
f 10984/1/6 10965/1/6 10985/1/6
f 10966/3/6 10967/3/6 10986/3/6
f 10985/1/6 10965/1/6 10986/1/6
f 10965/3/6 10966/3/6 10986/3/6
f 10967/1/6 10968/1/6 10987/1/6
f 10986/3/6 10967/3/6 10987/3/6
f 10987/1/6 10968/1/6 10988/1/6
f 10969/1/6 10970/1/6 10991/1/6
f 10970/3/6 10971/3/6 10992/3/6
f 10971/3/6 10972/3/6 10992/3/6
f 10991/1/6 10970/1/6 10992/1/6
f 10972/1/6 10973/1/6 10993/1/6
f 10992/3/6 10972/3/6 10993/3/6
f 10973/1/6 10974/1/6 10993/1/6
f 10993/1/6 10974/1/6 10994/1/6
f 10994/1/6 10974/1/6 10995/1/6
f 10995/1/6 10974/1/6 10996/1/6
f 10996/1/6 10974/1/6 10997/1/6
f 10975/1/6 10976/1/6 11000/1/6
f 10977/3/6 10978/3/6 11001/3/6
f 10976/3/6 10977/3/6 11001/3/6
f 11000/1/6 10976/1/6 11001/1/6
f 10978/1/6 10950/1/6 11002/1/6
f 11001/3/6 10978/3/6 11002/3/6
f 11002/1/6 10950/1/6 11003/1/6
f 11003/1/6 10950/1/6 11004/1/6
f 11004/1/6 10950/1/6 11005/1/6
f 10950/3/6 10961/3/6 11006/3/6
f 11005/1/6 10950/1/6 11006/1/6
f 10961/3/6 10962/3/6 11006/3/6
f 11006/3/6 10962/3/6 11007/3/6
f 10981/1/6 10982/1/6 11008/1/6
f 10982/1/6 10983/1/6 11008/1/6
f 10983/3/6 10984/3/6 11009/3/6
f 11008/1/6 10983/1/6 11009/1/6
f 10984/1/6 10985/1/6 11010/1/6
f 11009/3/6 10984/3/6 11010/3/6
f 10985/3/6 10986/3/6 11011/3/6
f 11010/1/6 10985/1/6 11011/1/6
f 10988/1/6 10989/1/6 11012/1/6
f 11011/3/6 10986/3/6 11012/3/6
f 10987/1/6 10988/1/6 11012/1/6
f 10986/1/6 10987/1/6 11012/1/6
f 11012/1/6 10989/1/6 11013/1/6
f 10990/1/6 10991/1/6 11016/1/6
f 10991/1/6 10992/1/6 11016/1/6
f 10992/1/6 10993/1/6 11016/1/6
f 10993/3/6 10994/3/6 11017/3/6
f 11016/1/6 10993/1/6 11017/1/6
f 10994/1/6 10995/1/6 11018/1/6
f 11017/3/6 10994/3/6 11018/3/6
f 10995/3/6 10996/3/6 11019/3/6
f 11018/1/6 10995/1/6 11019/1/6
f 10997/1/6 10998/1/6 11020/1/6
f 11019/3/6 10996/3/6 11020/3/6
f 10996/1/6 10997/1/6 11020/1/6
f 11020/1/6 10998/1/6 11021/1/6
f 11021/1/6 10998/1/6 11022/1/6
f 11000/1/6 11001/1/6 11025/1/6
f 10999/1/6 11000/1/6 11025/1/6
f 11001/1/6 11002/1/6 11025/1/6
f 11002/3/6 11003/3/6 11026/3/6
f 11025/1/6 11002/1/6 11026/1/6
f 11003/1/6 11004/1/6 11027/1/6
f 11026/3/6 11003/3/6 11027/3/6
f 11004/3/6 11005/3/6 11028/3/6
f 11027/1/6 11004/1/6 11028/1/6
f 11005/1/6 11006/1/6 11029/1/6
f 11028/3/6 11005/3/6 11029/3/6
f 11006/1/6 11007/1/6 11029/1/6
f 11029/1/6 11007/1/6 11030/1/6
f 10981/1/6 11008/1/6 11031/1/6
f 11008/3/6 11009/3/6 11032/3/6
f 11031/1/6 11008/1/6 11032/1/6
f 11010/1/6 11011/1/6 11033/1/6
f 11032/3/6 11009/3/6 11033/3/6
f 11009/1/6 11010/1/6 11033/1/6
f 11013/1/6 11014/1/6 11033/1/6
f 11012/1/6 11013/1/6 11033/1/6
f 11011/1/6 11012/1/6 11033/1/6
f 11033/1/6 11014/1/6 11034/1/6
f 11018/1/6 11019/1/6 11037/1/6
f 11019/1/6 11020/1/6 11037/1/6
f 11015/1/6 11016/1/6 11037/1/6
f 11016/1/6 11017/1/6 11037/1/6
f 11017/1/6 11018/1/6 11037/1/6
f 11020/3/6 11021/3/6 11038/3/6
f 11037/1/6 11020/1/6 11038/1/6
f 11022/1/6 11023/1/6 11039/1/6
f 11038/3/6 11021/3/6 11039/3/6
f 11021/1/6 11022/1/6 11039/1/6
f 11039/1/6 11023/1/6 11040/1/6
f 11040/1/6 11023/1/6 11041/1/6
f 11026/1/6 11027/1/6 11044/1/6
f 11025/1/6 11026/1/6 11044/1/6
f 11028/1/6 11029/1/6 11044/1/6
f 11027/1/6 11028/1/6 11044/1/6
f 11024/1/6 11025/1/6 11044/1/6
f 11029/3/6 11030/3/6 11045/3/6
f 11044/1/6 11029/1/6 11045/1/6
f 11030/1/6 11007/1/6 11046/1/6
f 11045/3/6 11030/3/6 11046/3/6
f 11046/1/6 11007/1/6 11047/1/6
f 10981/1/6 11031/1/6 11048/1/6
f 11031/3/6 11032/3/6 11049/3/6
f 11048/1/6 11031/1/6 11049/1/6
f 11034/1/6 11035/1/6 11050/1/6
f 11049/3/6 11032/3/6 11050/3/6
f 11033/1/6 11034/1/6 11050/1/6
f 11032/1/6 11033/1/6 11050/1/6
f 11037/1/6 11038/1/6 11051/1/6
f 11039/3/6 11040/3/6 11051/3/6
f 11038/1/6 11039/1/6 11051/1/6
f 11036/1/6 11037/1/6 11051/1/6
f 11041/1/6 11042/1/6 11052/1/6
f 11051/3/6 11040/3/6 11052/3/6
f 11040/1/6 11041/1/6 11052/1/6
f 11052/1/6 11042/1/6 11053/1/6
f 11043/1/6 11044/1/6 11054/1/6
f 11045/1/6 11046/1/6 11054/1/6
f 11044/1/6 11045/1/6 11054/1/6
f 11046/3/6 11047/3/6 11054/3/6
f 11047/1/6 11007/1/6 11055/1/6
f 11054/3/6 11047/3/6 11055/3/6
f 11055/1/6 11007/1/6 11056/1/6
f 10981/1/6 11048/1/6 11057/1/6
f 11048/3/6 11049/3/6 11058/3/6
f 11057/1/6 11048/1/6 11058/1/6
f 11049/1/6 11050/1/6 11059/1/6
f 11058/3/6 11049/3/6 11059/3/6
f 11050/1/6 11035/1/6 11060/1/6
f 11059/1/6 11050/1/6 11060/1/6
f 11060/1/6 11035/1/6 11061/1/6
f 11061/1/6 11035/1/6 11062/1/6
f 11062/1/6 11035/1/6 11063/1/6
f 11036/1/6 11051/1/6 11064/1/6
f 11051/1/6 11052/1/6 11064/1/6
f 11064/1/6 11052/1/6 11065/1/6
f 11065/1/6 11052/1/6 11066/1/6
f 11066/1/6 11052/1/6 11067/1/6
f 11052/3/6 11053/3/6 11068/3/6
f 11067/1/6 11052/1/6 11068/1/6
f 11053/1/6 11042/1/6 11069/1/6
f 11068/3/6 11053/3/6 11069/3/6
f 11069/1/6 11042/1/6 11070/1/6
f 11043/1/6 11054/1/6 11071/1/6
f 11054/1/6 11055/1/6 11071/1/6
f 11071/1/6 11055/1/6 11072/1/6
f 11072/1/6 11055/1/6 11073/1/6
f 11073/1/6 11055/1/6 11074/1/6
f 11055/3/6 11056/3/6 11075/3/6
f 11074/1/6 11055/1/6 11075/1/6
f 11056/1/6 11007/1/6 11076/1/6
f 11075/3/6 11056/3/6 11076/3/6
f 11076/1/6 11007/1/6 11077/1/6
f 10981/1/6 11057/1/6 11078/1/6
f 11057/3/6 11058/3/6 11079/3/6
f 11078/1/6 11057/1/6 11079/1/6
f 11058/1/6 11059/1/6 11080/1/6
f 11079/3/6 11058/3/6 11080/3/6
f 11059/1/6 11060/1/6 11080/1/6
f 11080/1/6 11060/1/6 11081/1/6
f 11060/3/6 11061/3/6 11082/3/6
f 11081/1/6 11060/1/6 11082/1/6
f 11061/1/6 11062/1/6 11083/1/6
f 11082/3/6 11061/3/6 11083/3/6
f 11083/1/6 11062/1/6 11084/1/6
f 11084/1/6 11062/1/6 11085/1/6
f 11085/1/6 11062/1/6 11086/1/6
f 11086/1/6 11062/1/6 11087/1/6
f 11065/1/6 11066/1/6 11088/1/6
f 11088/1/6 11066/1/6 11089/1/6
f 11089/1/6 11066/1/6 11090/1/6
f 11090/1/6 11066/1/6 11091/1/6
f 11066/3/6 11067/3/6 11092/3/6
f 11091/1/6 11066/1/6 11092/1/6
f 11067/1/6 11068/1/6 11093/1/6
f 11092/3/6 11067/3/6 11093/3/6
f 11068/1/6 11069/1/6 11093/1/6
f 11093/1/6 11069/1/6 11094/1/6
f 11094/1/6 11069/1/6 11095/1/6
f 11095/1/6 11069/1/6 11096/1/6
f 11072/1/6 11073/1/6 11097/1/6
f 11097/1/6 11073/1/6 11098/1/6
f 11098/1/6 11073/1/6 11099/1/6
f 11099/1/6 11073/1/6 11100/1/6
f 11073/3/6 11074/3/6 11101/3/6
f 11100/1/6 11073/1/6 11101/1/6
f 11074/1/6 11075/1/6 11102/1/6
f 11101/3/6 11074/3/6 11102/3/6
f 11075/1/6 11076/1/6 11102/1/6
f 11102/1/6 11076/1/6 11103/1/6
f 11076/3/6 11077/3/6 11104/3/6
f 11103/1/6 11076/1/6 11104/1/6
f 11077/1/6 11007/1/6 11105/1/6
f 11104/3/6 11077/3/6 11105/3/6
f 11105/1/6 11007/1/6 11106/1/6
f 10951/3/6 10981/3/6 11107/3/6
f 10981/1/6 11078/1/6 11107/1/6
f 11078/3/6 11079/3/6 11108/3/6
f 11107/1/6 11078/1/6 11108/1/6
f 11080/1/6 11081/1/6 11109/1/6
f 11108/3/6 11079/3/6 11109/3/6
f 11079/1/6 11080/1/6 11109/1/6
f 11082/1/6 11083/1/6 11110/1/6
f 11083/1/6 11084/1/6 11110/1/6
f 11084/3/6 11085/3/6 11110/3/6
f 11085/1/6 11086/1/6 11111/1/6
f 11110/3/6 11085/3/6 11111/3/6
f 11111/1/6 11086/1/6 11112/1/6
f 11112/1/6 11086/1/6 11113/1/6
f 11113/1/6 11086/1/6 11114/1/6
f 11089/1/6 11090/1/6 11115/1/6
f 11115/1/6 11090/1/6 11116/1/6
f 11116/1/6 11090/1/6 11117/1/6
f 11090/3/6 11091/3/6 11118/3/6
f 11117/1/6 11090/1/6 11118/1/6
f 11091/1/6 11092/1/6 11119/1/6
f 11118/3/6 11091/3/6 11119/3/6
f 11092/1/6 11093/1/6 11119/1/6
f 11094/1/6 11095/1/6 11120/1/6
f 11120/1/6 11095/1/6 11121/1/6
f 11098/1/6 11099/1/6 11122/1/6
f 11122/1/6 11099/1/6 11123/1/6
f 11123/1/6 11099/1/6 11124/1/6
f 11099/3/6 11100/3/6 11125/3/6
f 11124/1/6 11099/1/6 11125/1/6
f 11100/1/6 11101/1/6 11126/1/6
f 11125/3/6 11100/3/6 11126/3/6
f 11101/1/6 11102/1/6 11126/1/6
f 11103/1/6 11104/1/6 11127/1/6
f 11105/3/6 11106/3/6 11127/3/6
f 11104/1/6 11105/1/6 11127/1/6
f 11106/1/6 11007/1/6 11128/1/6
f 11127/3/6 11106/3/6 11128/3/6
f 11007/3/6 10962/3/6 11129/3/6
f 11128/1/6 11007/1/6 11129/1/6
f 10963/4/6 10964/4/6 11130/4/6
f 10964/4/6 10951/4/6 11131/4/6
f 11130/4/6 10964/4/6 11131/4/6
f 11107/3/6 11108/3/6 11132/3/6
f 11108/1/6 11109/1/6 11133/1/6
f 11132/3/6 11108/3/6 11133/3/6
f 11109/1/6 11081/1/6 11134/1/6
f 11133/1/6 11109/1/6 11134/1/6
f 11081/3/6 11082/3/6 11135/3/6
f 11134/1/6 11081/1/6 11135/1/6
f 11082/1/6 11110/1/6 11136/1/6
f 11135/3/6 11082/3/6 11136/3/6
f 11110/1/6 11111/1/6 11136/1/6
f 11111/3/6 11112/3/6 11137/3/6
f 11136/1/6 11111/1/6 11137/1/6
f 11112/1/6 11113/1/6 11138/1/6
f 11137/3/6 11112/3/6 11138/3/6
f 11138/1/6 11113/1/6 11139/1/6
f 11116/1/6 11117/1/6 11140/1/6
f 11117/3/6 11118/3/6 11141/3/6
f 11140/1/6 11117/1/6 11141/1/6
f 11118/1/6 11119/1/6 11142/1/6
f 11141/3/6 11118/3/6 11142/3/6
f 11119/1/6 11093/1/6 11143/1/6
f 11142/1/6 11119/1/6 11143/1/6
f 11093/3/6 11094/3/6 11143/3/6
f 11094/1/6 11120/1/6 11144/1/6
f 11143/3/6 11094/3/6 11144/3/6
f 11144/1/6 11120/1/6 11145/1/6
f 11145/1/6 11120/1/6 11146/1/6
f 11146/1/6 11120/1/6 11147/1/6
f 11123/1/6 11124/1/6 11148/1/6
f 11124/3/6 11125/3/6 11149/3/6
f 11148/1/6 11124/1/6 11149/1/6
f 11125/1/6 11126/1/6 11150/1/6
f 11149/3/6 11125/3/6 11150/3/6
f 11126/1/6 11102/1/6 11151/1/6
f 11150/1/6 11126/1/6 11151/1/6
f 11102/3/6 11103/3/6 11151/3/6
f 11103/1/6 11127/1/6 11152/1/6
f 11151/3/6 11103/3/6 11152/3/6
f 11127/1/6 11128/1/6 11152/1/6
f 11152/1/6 11128/1/6 11153/1/6
f 11128/3/6 11129/3/6 11154/3/6
f 11153/1/6 11128/1/6 11154/1/6
f 11154/3/6 11129/3/6 11155/3/6
f 10962/4/6 10979/4/6 11156/4/6
f 10979/4/6 10980/4/6 11156/4/6
f 11156/4/6 10980/4/6 11157/4/6
f 10951/3/6 11107/3/6 11158/3/6
f 11131/4/6 10951/4/6 11158/4/6
f 11107/3/6 11132/3/6 11158/3/6
f 11158/3/6 11132/3/6 11159/3/6
f 11136/1/6 11137/1/6 11160/1/6
f 11135/1/6 11136/1/6 11160/1/6
f 11160/1/6 11137/1/6 11161/1/6
f 11142/1/6 11143/1/6 11162/1/6
f 11143/1/6 11144/1/6 11162/1/6
f 11162/1/6 11144/1/6 11163/1/6
f 11145/1/6 11146/1/6 11164/1/6
f 11144/3/6 11145/3/6 11164/3/6
f 11164/1/6 11146/1/6 11165/1/6
f 11150/1/6 11151/1/6 11166/1/6
f 11151/1/6 11152/1/6 11166/1/6
f 11166/1/6 11152/1/6 11167/1/6
f 11155/3/6 11129/3/6 11168/3/6
f 11129/3/6 10962/3/6 11168/3/6
f 10962/4/6 11156/4/6 11169/4/6
f 11168/3/6 10962/3/6 11169/3/6
f 11133/1/6 11134/1/6 11170/1/6
f 11159/3/6 11132/3/6 11170/3/6
f 11132/1/6 11133/1/6 11170/1/6
f 11170/1/6 11134/1/6 11171/1/6
f 11171/1/6 11134/1/6 11172/1/6
f 11134/3/6 11135/3/6 11173/3/6
f 11172/1/6 11134/1/6 11173/1/6
f 11135/1/6 11160/1/6 11174/1/6
f 11173/3/6 11135/3/6 11174/3/6
f 11174/1/6 11160/1/6 11175/1/6
f 11175/1/6 11160/1/6 11176/1/6
f 11163/1/6 11144/1/6 11177/1/6
f 11177/1/6 11144/1/6 11178/1/6
f 11144/3/6 11164/3/6 11179/3/6
f 11178/1/6 11144/1/6 11179/1/6
f 11179/3/6 11164/3/6 11180/3/6
f 11167/1/6 11152/1/6 11181/1/6
f 11181/1/6 11152/1/6 11182/1/6
f 11152/3/6 11153/3/6 11183/3/6
f 11182/1/6 11152/1/6 11183/1/6
f 11154/1/6 11155/1/6 11184/1/6
f 11183/3/6 11153/3/6 11184/3/6
f 11153/1/6 11154/1/6 11184/1/6
f 11184/1/6 11155/1/6 11185/1/6
f 11185/1/6 11155/1/6 11186/1/6
f 11155/3/6 11168/3/6 11187/3/6
f 11186/1/6 11155/1/6 11187/1/6
f 11158/4/6 11159/4/6 11188/4/6
f 11159/3/6 11170/3/6 11188/3/6
f 11170/3/6 11171/3/6 11188/3/6
f 11188/3/6 11171/3/6 11189/3/6
f 11174/1/6 11175/1/6 11190/1/6
f 11173/1/6 11174/1/6 11190/1/6
f 11190/1/6 11175/1/6 11191/1/6
f 11178/1/6 11179/1/6 11192/1/6
f 11192/1/6 11179/1/6 11193/1/6
f 11193/1/6 11179/1/6 11194/1/6
f 11194/1/6 11179/1/6 11195/1/6
f 11182/1/6 11183/1/6 11196/1/6
f 11183/1/6 11184/1/6 11196/1/6
f 11196/1/6 11184/1/6 11197/1/6
f 11187/3/6 11168/3/6 11198/3/6
f 11186/3/6 11187/3/6 11198/3/6
f 11168/4/6 11169/4/6 11199/4/6
f 11198/3/6 11168/3/6 11199/3/6
f 11131/4/6 11158/4/6 11200/4/6
f 11188/4/6 11189/4/6 11200/4/6
f 11158/4/6 11188/4/6 11200/4/6
f 11200/4/6 11189/4/6 11201/4/6
f 11171/1/6 11172/1/6 11202/1/6
f 11189/3/6 11171/3/6 11202/3/6
f 11202/1/6 11172/1/6 11203/1/6
f 11203/1/6 11172/1/6 11204/1/6
f 11172/3/6 11173/3/6 11205/3/6
f 11204/1/6 11172/1/6 11205/1/6
f 11173/1/6 11190/1/6 11206/1/6
f 11205/3/6 11173/3/6 11206/3/6
f 11197/1/6 11184/1/6 11207/1/6
f 11184/3/6 11185/3/6 11207/3/6
f 11185/1/6 11186/1/6 11208/1/6
f 11207/3/6 11185/3/6 11208/3/6
f 11208/1/6 11186/1/6 11209/1/6
f 11209/1/6 11186/1/6 11210/1/6
f 11186/3/6 11198/3/6 11211/3/6
f 11210/1/6 11186/1/6 11211/1/6
f 11169/4/6 11156/4/6 11212/4/6
f 11199/4/6 11169/4/6 11212/4/6
f 11198/4/6 11199/4/6 11212/4/6
f 11212/4/6 11156/4/6 11213/4/6
f 11201/4/6 11189/4/6 11214/4/6
f 11189/3/6 11202/3/6 11214/3/6
f 11202/3/6 11203/3/6 11214/3/6
f 11214/3/6 11203/3/6 11215/3/6
f 11203/1/6 11204/1/6 11216/1/6
f 11215/3/6 11203/3/6 11216/3/6
f 11216/1/6 11204/1/6 11217/1/6
f 11206/1/6 11190/1/6 11218/1/6
f 11205/1/6 11206/1/6 11218/1/6
f 11218/1/6 11190/1/6 11219/1/6
f 11193/1/6 11194/1/6 11220/1/6
f 11220/1/6 11194/1/6 11221/1/6
f 11221/1/6 11194/1/6 11222/1/6
f 11222/1/6 11194/1/6 11223/1/6
f 11197/1/6 11207/1/6 11224/1/6
f 11207/1/6 11208/1/6 11224/1/6
f 11224/1/6 11208/1/6 11225/1/6
f 11209/1/6 11210/1/6 11226/1/6
f 11210/3/6 11211/3/6 11227/3/6
f 11226/1/6 11210/1/6 11227/1/6
f 11211/3/6 11198/3/6 11228/3/6
f 11227/3/6 11211/3/6 11228/3/6
f 11198/4/6 11212/4/6 11229/4/6
f 11228/3/6 11198/3/6 11229/3/6
f 11214/4/6 11215/4/6 11230/4/6
f 11201/4/6 11214/4/6 11230/4/6
f 11230/4/6 11215/4/6 11231/4/6
f 11217/1/6 11204/1/6 11232/1/6
f 11216/3/6 11217/3/6 11232/3/6
f 11215/3/6 11216/3/6 11232/3/6
f 11232/1/6 11204/1/6 11233/1/6
f 11233/1/6 11204/1/6 11234/1/6
f 11204/3/6 11205/3/6 11235/3/6
f 11234/1/6 11204/1/6 11235/1/6
f 11205/1/6 11218/1/6 11236/1/6
f 11235/3/6 11205/3/6 11236/3/6
f 11236/1/6 11218/1/6 11237/1/6
f 11237/1/6 11218/1/6 11238/1/6
f 11221/1/6 11222/1/6 11239/1/6
f 11239/1/6 11222/1/6 11240/1/6
f 11240/1/6 11222/1/6 11241/1/6
f 11241/1/6 11222/1/6 11242/1/6
f 11225/1/6 11208/1/6 11243/1/6
f 11243/1/6 11208/1/6 11244/1/6
f 11208/3/6 11209/3/6 11245/3/6
f 11244/1/6 11208/1/6 11245/1/6
f 11209/1/6 11226/1/6 11246/1/6
f 11245/3/6 11209/3/6 11246/3/6
f 11246/1/6 11226/1/6 11247/1/6
f 11247/1/6 11226/1/6 11248/1/6
f 11226/3/6 11227/3/6 11249/3/6
f 11248/1/6 11226/1/6 11249/1/6
f 11227/3/6 11228/3/6 11249/3/6
f 11229/4/6 11212/4/6 11250/4/6
f 11228/4/6 11229/4/6 11250/4/6
f 11250/4/6 11212/4/6 11251/4/6
f 11231/4/6 11215/4/6 11252/4/6
f 11252/4/6 11215/4/6 11253/4/6
f 11215/3/6 11232/3/6 11254/3/6
f 11253/4/6 11215/4/6 11254/4/6
f 11232/3/6 11233/3/6 11254/3/6
f 11254/3/6 11233/3/6 11255/3/6
f 11233/1/6 11234/1/6 11256/1/6
f 11255/3/6 11233/3/6 11256/3/6
f 11256/1/6 11234/1/6 11257/1/6
f 11247/1/6 11248/1/6 11258/1/6
f 11248/3/6 11249/3/6 11259/3/6
f 11258/1/6 11248/1/6 11259/1/6
f 11249/3/6 11228/3/6 11260/3/6
f 11259/3/6 11249/3/6 11260/3/6
f 11228/4/6 11250/4/6 11261/4/6
f 11260/3/6 11228/3/6 11261/3/6
f 11261/4/6 11250/4/6 11262/4/6
f 11262/4/6 11250/4/6 11263/4/6
f 11254/4/6 11255/4/6 11264/4/6
f 11253/4/6 11254/4/6 11264/4/6
f 11255/3/6 11256/3/6 11264/3/6
f 11256/3/6 11257/3/6 11264/3/6
f 11264/3/6 11257/3/6 11265/3/6
f 11235/1/6 11236/1/6 11266/1/6
f 11236/1/6 11237/1/6 11266/1/6
f 11266/1/6 11237/1/6 11267/1/6
f 11240/1/6 11241/1/6 11268/1/6
f 11268/1/6 11241/1/6 11269/1/6
f 11269/1/6 11241/1/6 11270/1/6
f 11270/1/6 11241/1/6 11271/1/6
f 11244/1/6 11245/1/6 11272/1/6
f 11245/1/6 11246/1/6 11272/1/6
f 11272/1/6 11246/1/6 11273/1/6
f 11258/3/6 11259/3/6 11274/3/6
f 11259/3/6 11260/3/6 11274/3/6
f 11261/4/6 11262/4/6 11275/4/6
f 11274/3/6 11260/3/6 11275/3/6
f 11260/4/6 11261/4/6 11275/4/6
f 11264/4/6 11265/4/6 11276/4/6
f 11253/4/6 11264/4/6 11276/4/6
f 11276/4/6 11265/4/6 11277/4/6
f 11265/3/6 11257/3/6 11278/3/6
f 11277/4/6 11265/4/6 11278/4/6
f 11278/3/6 11257/3/6 11279/3/6
f 11257/1/6 11234/1/6 11280/1/6
f 11279/3/6 11257/3/6 11280/3/6
f 11234/3/6 11235/3/6 11281/3/6
f 11280/1/6 11234/1/6 11281/1/6
f 11235/1/6 11266/1/6 11282/1/6
f 11281/3/6 11235/3/6 11282/3/6
f 11282/1/6 11266/1/6 11283/1/6
f 11273/1/6 11246/1/6 11284/1/6
f 11246/3/6 11247/3/6 11285/3/6
f 11284/1/6 11246/1/6 11285/1/6
f 11247/1/6 11258/1/6 11286/1/6
f 11285/3/6 11247/3/6 11286/3/6
f 11258/3/6 11274/3/6 11287/3/6
f 11286/1/6 11258/1/6 11287/1/6
f 11287/3/6 11274/3/6 11288/3/6
f 11274/4/6 11275/4/6 11289/4/6
f 11288/3/6 11274/3/6 11289/3/6
f 11275/4/6 11262/4/6 11290/4/6
f 11289/4/6 11275/4/6 11290/4/6
f 11290/4/6 11262/4/6 11291/4/6
f 11278/4/6 11279/4/6 11292/4/6
f 11277/4/6 11278/4/6 11292/4/6
f 11292/4/6 11279/4/6 11293/4/6
f 11279/3/6 11280/3/6 11294/3/6
f 11293/4/6 11279/4/6 11294/4/6
f 11280/3/6 11281/3/6 11294/3/6
f 11281/3/6 11282/3/6 11294/3/6
f 11282/3/6 11283/3/6 11294/3/6
f 11294/3/6 11283/3/6 11295/3/6
f 11283/1/6 11266/1/6 11296/1/6
f 11295/3/6 11283/3/6 11296/3/6
f 11296/1/6 11266/1/6 11297/1/6
f 11273/1/6 11284/1/6 11298/1/6
f 11287/3/6 11288/3/6 11299/3/6
f 11298/1/6 11284/1/6 11299/1/6
f 11284/3/6 11285/3/6 11299/3/6
f 11285/3/6 11286/3/6 11299/3/6
f 11286/3/6 11287/3/6 11299/3/6
f 11299/3/6 11288/3/6 11300/3/6
f 11288/4/6 11289/4/6 11301/4/6
f 11300/3/6 11288/3/6 11301/3/6
f 11289/4/6 11290/4/6 11301/4/6
f 11301/4/6 11290/4/6 11302/4/6
f 11302/4/6 11290/4/6 11303/4/6
f 11294/4/6 11295/4/6 11304/4/6
f 11293/4/6 11294/4/6 11304/4/6
f 11304/4/6 11295/4/6 11305/4/6
f 11296/3/6 11297/3/6 11306/3/6
f 11305/4/6 11295/4/6 11306/4/6
f 11295/3/6 11296/3/6 11306/3/6
f 11306/3/6 11297/3/6 11307/3/6
f 11297/1/6 11266/1/6 11308/1/6
f 11307/3/6 11297/3/6 11308/3/6
f 11308/1/6 11266/1/6 11309/1/6
f 11273/1/6 11298/1/6 11310/1/6
f 11299/3/6 11300/3/6 11311/3/6
f 11310/1/6 11298/1/6 11311/1/6
f 11298/3/6 11299/3/6 11311/3/6
f 11311/3/6 11300/3/6 11312/3/6
f 11301/4/6 11302/4/6 11313/4/6
f 11312/3/6 11300/3/6 11313/3/6
f 11300/4/6 11301/4/6 11313/4/6
f 11313/4/6 11302/4/6 11314/4/6
f 11314/4/6 11302/4/6 11315/4/6
f 11306/4/6 11307/4/6 11316/4/6
f 11305/4/6 11306/4/6 11316/4/6
f 11316/4/6 11307/4/6 11317/4/6
f 11308/3/6 11309/3/6 11318/3/6
f 11317/4/6 11307/4/6 11318/4/6
f 11307/3/6 11308/3/6 11318/3/6
f 11318/3/6 11309/3/6 11319/3/6
f 11309/1/6 11266/1/6 11320/1/6
f 11319/3/6 11309/3/6 11320/3/6
f 11320/1/6 11266/1/6 11321/1/6
f 11321/1/6 11266/1/6 11322/1/6
f 11269/1/6 11270/1/6 11323/1/6
f 11323/1/6 11270/1/6 11324/1/6
f 11273/1/6 11310/1/6 11325/1/6
f 11325/1/6 11310/1/6 11326/1/6
f 11311/3/6 11312/3/6 11327/3/6
f 11326/1/6 11310/1/6 11327/1/6
f 11310/3/6 11311/3/6 11327/3/6
f 11327/3/6 11312/3/6 11328/3/6
f 11313/4/6 11314/4/6 11329/4/6
f 11328/3/6 11312/3/6 11329/3/6
f 11312/4/6 11313/4/6 11329/4/6
f 11329/4/6 11314/4/6 11330/4/6
f 11330/4/6 11314/4/6 11331/4/6
f 11318/4/6 11319/4/6 11332/4/6
f 11317/4/6 11318/4/6 11332/4/6
f 11332/4/6 11319/4/6 11333/4/6
f 11320/3/6 11321/3/6 11334/3/6
f 11333/4/6 11319/4/6 11334/4/6
f 11319/3/6 11320/3/6 11334/3/6
f 11334/3/6 11321/3/6 11335/3/6
f 11327/3/6 11328/3/6 11336/3/6
f 11326/3/6 11327/3/6 11336/3/6
f 11329/4/6 11330/4/6 11337/4/6
f 11336/3/6 11328/3/6 11337/3/6
f 11328/4/6 11329/4/6 11337/4/6
f 11337/4/6 11330/4/6 11338/4/6
f 11338/4/6 11330/4/6 11339/4/6
f 11334/4/6 11335/4/6 11340/4/6
f 11333/4/6 11334/4/6 11340/4/6
f 11340/4/6 11335/4/6 11341/4/6
f 11337/4/6 11338/4/6 11342/4/6
f 11336/4/6 11337/4/6 11342/4/6
f 11342/4/6 11338/4/6 11343/4/6
f 11341/4/6 11335/4/6 11344/4/6
f 11344/4/6 11335/4/6 11345/4/6
f 11336/4/6 11342/4/6 11346/4/6
f 11346/4/6 11342/4/6 11347/4/6
f 11345/4/6 11335/4/6 11349/4/6
f 11336/4/6 11346/4/6 11350/4/6
f 11348/4/6 11349/4/6 11353/4/6
f 11350/4/6 11351/4/6 11354/4/6
f 11352/4/6 11353/4/6 11357/4/6
f 11353/4/6 11349/4/6 11358/4/6
f 11357/4/6 11353/4/6 11358/4/6
f 11349/4/6 11335/4/6 11359/4/6
f 11358/4/6 11349/4/6 11359/4/6
f 11354/4/6 11355/4/6 11360/4/6
f 11350/4/6 11354/4/6 11360/4/6
f 11336/4/6 11350/4/6 11360/4/6
f 11360/4/6 11355/4/6 11361/4/6
f 11361/4/6 11355/4/6 11362/4/6
f 11357/4/6 11358/4/6 11365/4/6
f 11356/4/6 11357/4/6 11365/4/6
f 11365/4/6 11358/4/6 11366/4/6
f 11358/3/6 11359/3/6 11367/3/6
f 11366/4/6 11358/4/6 11367/4/6
f 11367/3/6 11359/3/6 11368/3/6
f 11368/3/6 11359/3/6 11369/3/6
f 11360/3/6 11361/3/6 11374/3/6
f 11374/3/6 11361/3/6 11375/3/6
f 11361/4/6 11362/4/6 11376/4/6
f 11375/3/6 11361/3/6 11376/3/6
f 11362/4/6 11363/4/6 11376/4/6
f 11376/4/6 11363/4/6 11377/4/6
f 11377/4/6 11363/4/6 11378/4/6
f 11365/4/6 11366/4/6 11381/4/6
f 11364/4/6 11365/4/6 11381/4/6
f 11381/4/6 11366/4/6 11382/4/6
f 11366/3/6 11367/3/6 11383/3/6
f 11382/4/6 11366/4/6 11383/4/6
f 11367/3/6 11368/3/6 11383/3/6
f 11383/3/6 11368/3/6 11384/3/6
f 11368/1/6 11369/1/6 11385/1/6
f 11384/3/6 11368/3/6 11385/3/6
f 11369/1/6 11370/1/6 11385/1/6
f 11374/1/6 11375/1/6 11386/1/6
f 11373/1/6 11374/1/6 11386/1/6
f 11376/3/6 11377/3/6 11386/3/6
f 11375/3/6 11376/3/6 11386/3/6
f 11386/3/6 11377/3/6 11387/3/6
f 11377/4/6 11378/4/6 11388/4/6
f 11387/3/6 11377/3/6 11388/3/6
f 11378/4/6 11379/4/6 11388/4/6
f 11388/4/6 11379/4/6 11389/4/6
f 11389/4/6 11379/4/6 11390/4/6
f 11381/4/6 11382/4/6 11393/4/6
f 11380/4/6 11381/4/6 11393/4/6
f 11393/4/6 11382/4/6 11394/4/6
f 11383/3/6 11384/3/6 11395/3/6
f 11394/4/6 11382/4/6 11395/4/6
f 11382/3/6 11383/3/6 11395/3/6
f 11395/3/6 11384/3/6 11396/3/6
f 11384/1/6 11385/1/6 11397/1/6
f 11396/3/6 11384/3/6 11397/3/6
f 11386/1/6 11387/1/6 11398/1/6
f 11388/3/6 11389/3/6 11398/3/6
f 11387/3/6 11388/3/6 11398/3/6
f 11398/3/6 11389/3/6 11399/3/6
f 11389/4/6 11390/4/6 11400/4/6
f 11399/3/6 11389/3/6 11400/3/6
f 11390/4/6 11391/4/6 11400/4/6
f 11400/4/6 11391/4/6 11401/4/6
f 11401/4/6 11391/4/6 11402/4/6
f 11393/4/6 11394/4/6 11405/4/6
f 11392/4/6 11393/4/6 11405/4/6
f 11405/4/6 11394/4/6 11406/4/6
f 11395/3/6 11396/3/6 11407/3/6
f 11406/4/6 11394/4/6 11407/4/6
f 11394/3/6 11395/3/6 11407/3/6
f 11407/3/6 11396/3/6 11408/3/6
f 11408/3/6 11396/3/6 11409/3/6
f 11409/3/6 11396/3/6 11410/3/6
f 11396/1/6 11397/1/6 11411/1/6
f 11410/3/6 11396/3/6 11411/3/6
f 11398/1/6 11399/1/6 11412/1/6
f 11400/3/6 11401/3/6 11412/3/6
f 11399/3/6 11400/3/6 11412/3/6
f 11412/3/6 11401/3/6 11413/3/6
f 11413/3/6 11401/3/6 11414/3/6
f 11414/3/6 11401/3/6 11415/3/6
f 11401/4/6 11402/4/6 11416/4/6
f 11415/3/6 11401/3/6 11416/3/6
f 11402/4/6 11403/4/6 11416/4/6
f 11416/4/6 11403/4/6 11417/4/6
f 11417/4/6 11403/4/6 11418/4/6
f 11405/4/6 11406/4/6 11420/4/6
f 11404/4/6 11405/4/6 11420/4/6
f 11406/3/6 11407/3/6 11421/3/6
f 11420/4/6 11406/4/6 11421/4/6
f 11407/3/6 11408/3/6 11421/3/6
f 11411/1/6 11397/1/6 11422/1/6
f 11397/1/6 11385/1/6 11422/1/6
f 11385/1/6 11370/1/6 11422/1/6
f 11410/1/6 11411/1/6 11422/1/6
f 11371/1/6 11372/1/6 11425/1/6
f 11425/1/6 11372/1/6 11426/1/6
f 11412/1/6 11413/1/6 11429/1/6
f 11373/1/6 11386/1/6 11429/1/6
f 11386/1/6 11398/1/6 11429/1/6
f 11398/1/6 11412/1/6 11429/1/6
f 11417/4/6 11418/4/6 11430/4/6
f 11418/4/6 11419/4/6 11430/4/6
f 11416/3/6 11417/3/6 11430/3/6
f 11415/3/6 11416/3/6 11430/3/6
f 11430/4/6 11419/4/6 11431/4/6
f 11404/4/6 11420/4/6 11433/4/6
f 11433/4/6 11420/4/6 11434/4/6
f 11420/3/6 11421/3/6 11435/3/6
f 11434/4/6 11420/4/6 11435/4/6
f 11421/3/6 11408/3/6 11436/3/6
f 11435/3/6 11421/3/6 11436/3/6
f 11408/1/6 11409/1/6 11437/1/6
f 11436/3/6 11408/3/6 11437/3/6
f 11414/1/6 11415/1/6 11438/1/6
f 11415/3/6 11430/3/6 11438/3/6
f 11430/3/6 11431/3/6 11438/3/6
f 11438/3/6 11431/3/6 11439/3/6
f 11431/4/6 11419/4/6 11440/4/6
f 11439/3/6 11431/3/6 11440/3/6
f 11440/4/6 11419/4/6 11441/4/6
f 11441/4/6 11419/4/6 11442/4/6
f 11433/4/6 11434/4/6 11445/4/6
f 11432/4/6 11433/4/6 11445/4/6
f 11434/3/6 11435/3/6 11446/3/6
f 11435/3/6 11436/3/6 11446/3/6
f 11436/1/6 11437/1/6 11447/1/6
f 11446/3/6 11436/3/6 11447/3/6
f 11437/1/6 11409/1/6 11448/1/6
f 11447/1/6 11437/1/6 11448/1/6
f 11409/3/6 11410/3/6 11448/3/6
f 11422/1/6 11423/1/6 11449/1/6
f 11448/3/6 11410/3/6 11449/3/6
f 11410/1/6 11422/1/6 11449/1/6
f 11449/1/6 11423/1/6 11450/1/6
f 11450/1/6 11423/1/6 11451/1/6
f 11426/1/6 11427/1/6 11454/1/6
f 11425/1/6 11426/1/6 11454/1/6
f 11424/1/6 11425/1/6 11454/1/6
f 11454/1/6 11427/1/6 11455/1/6
f 11428/1/6 11429/1/6 11458/1/6
f 11429/1/6 11413/1/6 11459/1/6
f 11458/1/6 11429/1/6 11459/1/6
f 11413/3/6 11414/3/6 11460/3/6
f 11459/1/6 11413/1/6 11460/1/6
f 11438/1/6 11439/1/6 11461/1/6
f 11460/3/6 11414/3/6 11461/3/6
f 11414/1/6 11438/1/6 11461/1/6
f 11439/3/6 11440/3/6 11462/3/6
f 11461/1/6 11439/1/6 11462/1/6
f 11440/3/6 11441/3/6 11462/3/6
f 11462/3/6 11441/3/6 11463/3/6
f 11441/4/6 11442/4/6 11464/4/6
f 11442/4/6 11443/4/6 11464/4/6
f 11444/4/6 11445/4/6 11466/4/6
f 11445/4/6 11434/4/6 11466/4/6
f 11434/3/6 11446/3/6 11467/3/6
f 11466/4/6 11434/4/6 11467/4/6
f 11467/3/6 11446/3/6 11468/3/6
f 11446/1/6 11447/1/6 11469/1/6
f 11468/3/6 11446/3/6 11469/3/6
f 11447/1/6 11448/1/6 11469/1/6
f 11448/1/6 11449/1/6 11469/1/6
f 11451/1/6 11452/1/6 11470/1/6
f 11450/1/6 11451/1/6 11470/1/6
f 11455/1/6 11456/1/6 11473/1/6
f 11454/1/6 11455/1/6 11473/1/6
f 11453/1/6 11454/1/6 11473/1/6
f 11473/1/6 11456/1/6 11474/1/6
f 11457/1/6 11458/1/6 11477/1/6
f 11458/1/6 11459/1/6 11477/1/6
f 11463/3/6 11441/3/6 11478/3/6
f 11462/1/6 11463/1/6 11478/1/6
f 11461/1/6 11462/1/6 11478/1/6
f 11460/1/6 11461/1/6 11478/1/6
f 11478/3/6 11441/3/6 11479/3/6
f 11464/4/6 11465/4/6 11480/4/6
f 11479/3/6 11441/3/6 11480/3/6
f 11441/4/6 11464/4/6 11480/4/6
f 11480/4/6 11465/4/6 11481/4/6
f 11444/4/6 11466/4/6 11483/4/6
f 11467/3/6 11468/3/6 11484/3/6
f 11466/3/6 11467/3/6 11484/3/6
f 11468/1/6 11469/1/6 11485/1/6
f 11484/3/6 11468/3/6 11485/3/6
f 11469/1/6 11449/1/6 11486/1/6
f 11485/1/6 11469/1/6 11486/1/6
f 11449/3/6 11450/3/6 11486/3/6
f 11470/1/6 11471/1/6 11487/1/6
f 11486/3/6 11450/3/6 11487/3/6
f 11450/1/6 11470/1/6 11487/1/6
f 11487/1/6 11471/1/6 11488/1/6
f 11476/1/6 11477/1/6 11489/1/6
f 11477/1/6 11459/1/6 11489/1/6
f 11459/3/6 11460/3/6 11490/3/6
f 11489/1/6 11459/1/6 11490/1/6
f 11478/1/6 11479/1/6 11491/1/6
f 11490/3/6 11460/3/6 11491/3/6
f 11460/1/6 11478/1/6 11491/1/6
f 11480/3/6 11481/3/6 11492/3/6
f 11491/1/6 11479/1/6 11492/1/6
f 11479/3/6 11480/3/6 11492/3/6
f 11492/3/6 11481/3/6 11493/3/6
f 11481/4/6 11465/4/6 11494/4/6
f 11482/4/6 11483/4/6 11496/4/6
f 11483/4/6 11466/4/6 11496/4/6
f 11466/3/6 11484/3/6 11497/3/6
f 11496/4/6 11466/4/6 11497/4/6
f 11488/1/6 11471/1/6 11498/1/6
f 11474/1/6 11475/1/6 11501/1/6
f 11473/1/6 11474/1/6 11501/1/6
f 11472/1/6 11473/1/6 11501/1/6
f 11501/1/6 11475/1/6 11502/1/6
f 11476/1/6 11489/1/6 11505/1/6
f 11481/4/6 11494/4/6 11506/4/6
f 11494/4/6 11495/4/6 11506/4/6
f 11493/3/6 11481/3/6 11506/3/6
f 11506/4/6 11495/4/6 11507/4/6
f 11497/3/6 11484/3/6 11508/3/6
f 11496/3/6 11497/3/6 11508/3/6
f 11485/1/6 11486/1/6 11509/1/6
f 11508/3/6 11484/3/6 11509/3/6
f 11486/1/6 11487/1/6 11509/1/6
f 11484/1/6 11485/1/6 11509/1/6
f 11487/3/6 11488/3/6 11510/3/6
f 11509/1/6 11487/1/6 11510/1/6
f 11498/1/6 11499/1/6 11511/1/6
f 11510/3/6 11488/3/6 11511/3/6
f 11488/1/6 11498/1/6 11511/1/6
f 11511/1/6 11499/1/6 11512/1/6
f 11512/1/6 11499/1/6 11513/1/6
f 11501/1/6 11502/1/6 11516/1/6
f 11500/1/6 11501/1/6 11516/1/6
f 11502/1/6 11503/1/6 11516/1/6
f 11516/1/6 11503/1/6 11517/1/6
f 11504/1/6 11505/1/6 11520/1/6
f 11505/1/6 11489/1/6 11521/1/6
f 11520/1/6 11505/1/6 11521/1/6
f 11489/3/6 11490/3/6 11522/3/6
f 11521/1/6 11489/1/6 11522/1/6
f 11492/1/6 11493/1/6 11523/1/6
f 11522/3/6 11490/3/6 11523/3/6
f 11490/1/6 11491/1/6 11523/1/6
f 11491/1/6 11492/1/6 11523/1/6
f 11493/3/6 11506/3/6 11524/3/6
f 11523/1/6 11493/1/6 11524/1/6
f 11506/3/6 11507/3/6 11524/3/6
f 11524/3/6 11507/3/6 11525/3/6
f 11482/4/6 11496/4/6 11526/4/6
f 11496/3/6 11508/3/6 11527/3/6
f 11526/4/6 11496/4/6 11527/4/6
f 11513/1/6 11514/1/6 11528/1/6
f 11512/1/6 11513/1/6 11528/1/6
f 11515/1/6 11516/1/6 11531/1/6
f 11516/1/6 11517/1/6 11531/1/6
f 11517/3/6 11518/3/6 11532/3/6
f 11520/1/6 11521/1/6 11535/1/6
f 11519/1/6 11520/1/6 11535/1/6
f 11507/4/6 11495/4/6 11536/4/6
f 11525/3/6 11507/3/6 11536/3/6
f 11536/4/6 11495/4/6 11537/4/6
f 11482/4/6 11526/4/6 11539/4/6
f 11508/1/6 11509/1/6 11540/1/6
f 11527/3/6 11508/3/6 11540/3/6
f 11509/1/6 11510/1/6 11540/1/6
f 11526/3/6 11527/3/6 11540/3/6
f 11510/1/6 11511/1/6 11540/1/6
f 11540/1/6 11511/1/6 11541/1/6
f 11511/3/6 11512/3/6 11542/3/6
f 11541/1/6 11511/1/6 11542/1/6
f 11528/1/6 11529/1/6 11543/1/6
f 11542/3/6 11512/3/6 11543/3/6
f 11512/1/6 11528/1/6 11543/1/6
f 11543/1/6 11529/1/6 11544/1/6
f 11544/1/6 11529/1/6 11545/1/6
f 11530/1/6 11531/1/6 11550/1/6
f 11531/1/6 11517/1/6 11551/1/6
f 11550/1/6 11531/1/6 11551/1/6
f 11517/3/6 11532/3/6 11552/3/6
f 11551/1/6 11517/1/6 11552/1/6
f 11532/1/6 11533/1/6 11553/1/6
f 11552/3/6 11532/3/6 11553/3/6
f 11553/1/6 11533/1/6 11554/1/6
f 11534/1/6 11535/1/6 11558/1/6
f 11535/1/6 11521/1/6 11559/1/6
f 11558/1/6 11535/1/6 11559/1/6
f 11521/3/6 11522/3/6 11560/3/6
f 11559/1/6 11521/1/6 11560/1/6
f 11522/1/6 11523/1/6 11561/1/6
f 11560/3/6 11522/3/6 11561/3/6
f 11523/1/6 11524/1/6 11561/1/6
f 11524/1/6 11525/1/6 11561/1/6
f 11561/1/6 11525/1/6 11562/1/6
f 11536/3/6 11537/3/6 11563/3/6
f 11562/1/6 11525/1/6 11563/1/6
f 11525/3/6 11536/3/6 11563/3/6
f 11537/4/6 11495/4/6 11564/4/6
f 11540/3/6 11541/3/6 11566/3/6
f 11526/3/6 11540/3/6 11566/3/6
f 11541/1/6 11542/1/6 11567/1/6
f 11566/3/6 11541/3/6 11567/3/6
f 11542/1/6 11543/1/6 11567/1/6
f 11567/1/6 11543/1/6 11568/1/6
f 11544/1/6 11545/1/6 11569/1/6
f 11545/3/6 11546/3/6 11570/3/6
f 11569/1/6 11545/1/6 11570/1/6
f 11546/1/6 11547/1/6 11571/1/6
f 11570/3/6 11546/3/6 11571/3/6
f 11571/1/6 11547/1/6 11572/1/6
f 11548/1/6 11549/1/6 11575/1/6
f 11549/3/6 11550/3/6 11576/3/6
f 11575/1/6 11549/1/6 11576/1/6
f 11550/1/6 11551/1/6 11577/1/6
f 11576/3/6 11550/3/6 11577/3/6
f 11577/1/6 11551/1/6 11578/1/6
f 11554/1/6 11555/1/6 11579/1/6
f 11553/1/6 11554/1/6 11579/1/6
f 11552/1/6 11553/1/6 11579/1/6
f 11556/1/6 11557/1/6 11582/1/6
f 11557/3/6 11558/3/6 11583/3/6
f 11582/1/6 11557/1/6 11583/1/6
f 11558/1/6 11559/1/6 11584/1/6
f 11583/3/6 11558/3/6 11584/3/6
f 11584/1/6 11559/1/6 11585/1/6
f 11561/1/6 11562/1/6 11586/1/6
f 11560/1/6 11561/1/6 11586/1/6
f 11562/3/6 11563/3/6 11587/3/6
f 11586/1/6 11562/1/6 11587/1/6
f 11563/3/6 11537/3/6 11588/3/6
f 11587/3/6 11563/3/6 11588/3/6
f 11566/1/6 11567/1/6 11589/1/6
f 11567/3/6 11568/3/6 11589/3/6
f 11568/1/6 11543/1/6 11590/1/6
f 11589/3/6 11568/3/6 11590/3/6
f 11590/1/6 11543/1/6 11591/1/6
f 11543/3/6 11544/3/6 11592/3/6
f 11591/1/6 11543/1/6 11592/1/6
f 11544/1/6 11569/1/6 11593/1/6
f 11592/3/6 11544/3/6 11593/3/6
f 11593/1/6 11569/1/6 11594/1/6
f 11569/3/6 11570/3/6 11595/3/6
f 11594/1/6 11569/1/6 11595/1/6
f 11572/1/6 11573/1/6 11596/1/6
f 11595/3/6 11570/3/6 11596/3/6
f 11570/1/6 11571/1/6 11596/1/6
f 11571/1/6 11572/1/6 11596/1/6
f 11596/1/6 11573/1/6 11597/1/6
f 11575/1/6 11576/1/6 11600/1/6
f 11574/1/6 11575/1/6 11600/1/6
f 11576/1/6 11577/1/6 11600/1/6
f 11577/3/6 11578/3/6 11601/3/6
f 11600/1/6 11577/1/6 11601/1/6
f 11578/1/6 11551/1/6 11602/1/6
f 11601/3/6 11578/3/6 11602/3/6
f 11602/1/6 11551/1/6 11603/1/6
f 11551/3/6 11552/3/6 11604/3/6
f 11603/1/6 11551/1/6 11604/1/6
f 11579/1/6 11580/1/6 11605/1/6
f 11604/3/6 11552/3/6 11605/3/6
f 11552/1/6 11579/1/6 11605/1/6
f 11605/1/6 11580/1/6 11606/1/6
f 11581/1/6 11582/1/6 11609/1/6
f 11582/1/6 11583/1/6 11609/1/6
f 11583/1/6 11584/1/6 11609/1/6
f 11584/3/6 11585/3/6 11610/3/6
f 11609/1/6 11584/1/6 11610/1/6
f 11585/1/6 11559/1/6 11611/1/6
f 11610/3/6 11585/3/6 11611/3/6
f 11611/1/6 11559/1/6 11612/1/6
f 11559/3/6 11560/3/6 11613/3/6
f 11612/1/6 11559/1/6 11613/1/6
f 11560/1/6 11586/1/6 11614/1/6
f 11613/3/6 11560/3/6 11614/3/6
f 11614/1/6 11586/1/6 11615/1/6
f 11586/3/6 11587/3/6 11616/3/6
f 11615/1/6 11586/1/6 11616/1/6
f 11587/1/6 11588/1/6 11617/1/6
f 11616/3/6 11587/3/6 11617/3/6
f 11590/3/6 11591/3/6 11618/3/6
f 11589/1/6 11590/1/6 11618/1/6
f 11591/1/6 11592/1/6 11619/1/6
f 11618/3/6 11591/3/6 11619/3/6
f 11592/1/6 11593/1/6 11619/1/6
f 11619/1/6 11593/1/6 11620/1/6
f 11593/3/6 11594/3/6 11621/3/6
f 11620/1/6 11593/1/6 11621/1/6
f 11594/1/6 11595/1/6 11622/1/6
f 11621/3/6 11594/3/6 11622/3/6
f 11597/1/6 11598/1/6 11622/1/6
f 11596/1/6 11597/1/6 11622/1/6
f 11595/1/6 11596/1/6 11622/1/6
f 11622/1/6 11598/1/6 11623/1/6
f 11602/1/6 11603/1/6 11626/1/6
f 11600/1/6 11601/1/6 11626/1/6
f 11599/1/6 11600/1/6 11626/1/6
f 11601/1/6 11602/1/6 11626/1/6
f 11603/3/6 11604/3/6 11627/3/6
f 11626/1/6 11603/1/6 11627/1/6
f 11606/1/6 11607/1/6 11628/1/6
f 11627/3/6 11604/3/6 11628/3/6
f 11605/1/6 11606/1/6 11628/1/6
f 11604/1/6 11605/1/6 11628/1/6
f 11628/1/6 11607/1/6 11629/1/6
f 11629/1/6 11607/1/6 11630/1/6
f 11611/1/6 11612/1/6 11633/1/6
f 11609/1/6 11610/1/6 11633/1/6
f 11608/1/6 11609/1/6 11633/1/6
f 11610/1/6 11611/1/6 11633/1/6
f 11612/3/6 11613/3/6 11634/3/6
f 11633/1/6 11612/1/6 11634/1/6
f 11614/1/6 11615/1/6 11635/1/6
f 11634/3/6 11613/3/6 11635/3/6
f 11613/1/6 11614/1/6 11635/1/6
f 11635/1/6 11615/1/6 11636/1/6
f 11615/3/6 11616/3/6 11637/3/6
f 11636/1/6 11615/1/6 11637/1/6
f 11616/1/6 11617/1/6 11638/1/6
f 11637/3/6 11616/3/6 11638/3/6
f 11618/1/6 11619/1/6 11639/1/6
f 11619/3/6 11620/3/6 11639/3/6
f 11620/1/6 11621/1/6 11640/1/6
f 11639/3/6 11620/3/6 11640/3/6
f 11623/1/6 11624/1/6 11640/1/6
f 11622/1/6 11623/1/6 11640/1/6
f 11621/1/6 11622/1/6 11640/1/6
f 11640/1/6 11624/1/6 11641/1/6
f 11641/1/6 11624/1/6 11642/1/6
f 11625/1/6 11626/1/6 11645/1/6
f 11626/1/6 11627/1/6 11645/1/6
f 11628/1/6 11629/1/6 11645/1/6
f 11627/1/6 11628/1/6 11645/1/6
f 11645/1/6 11629/1/6 11646/1/6
f 11629/3/6 11630/3/6 11647/3/6
f 11646/1/6 11629/1/6 11647/1/6
f 11630/1/6 11631/1/6 11648/1/6
f 11647/3/6 11630/3/6 11648/3/6
f 11648/1/6 11631/1/6 11649/1/6
f 11633/1/6 11634/1/6 11652/1/6
f 11634/1/6 11635/1/6 11652/1/6
f 11632/1/6 11633/1/6 11652/1/6
f 11635/1/6 11636/1/6 11652/1/6
f 11652/1/6 11636/1/6 11653/1/6
f 11636/3/6 11637/3/6 11654/3/6
f 11653/1/6 11636/1/6 11654/1/6
f 11637/1/6 11638/1/6 11655/1/6
f 11654/3/6 11637/3/6 11655/3/6
f 11640/3/6 11641/3/6 11656/3/6
f 11639/1/6 11640/1/6 11656/1/6
f 11641/1/6 11642/1/6 11657/1/6
f 11656/3/6 11641/3/6 11657/3/6
f 11657/1/6 11642/1/6 11658/1/6
f 11645/1/6 11646/1/6 11659/1/6
f 11646/3/6 11647/3/6 11660/3/6
f 11659/1/6 11646/1/6 11660/1/6
f 11648/1/6 11649/1/6 11661/1/6
f 11660/3/6 11647/3/6 11661/3/6
f 11647/1/6 11648/1/6 11661/1/6
f 11652/1/6 11653/1/6 11662/1/6
f 11653/3/6 11654/3/6 11663/3/6
f 11662/1/6 11653/1/6 11663/1/6
f 11654/1/6 11655/1/6 11664/1/6
f 11663/3/6 11654/3/6 11664/3/6
f 11657/3/6 11658/3/6 11665/3/6
f 11656/1/6 11657/1/6 11665/1/6
f 11658/1/6 11642/1/6 11666/1/6
f 11665/3/6 11658/3/6 11666/3/6
f 11666/1/6 11642/1/6 11667/1/6
f 11667/1/6 11642/1/6 11668/1/6
f 11668/1/6 11642/1/6 11669/1/6
f 11645/1/6 11659/1/6 11670/1/6
f 11670/1/6 11659/1/6 11671/1/6
f 11671/1/6 11659/1/6 11672/1/6
f 11659/3/6 11660/3/6 11673/3/6
f 11672/1/6 11659/1/6 11673/1/6
f 11660/1/6 11661/1/6 11674/1/6
f 11673/3/6 11660/3/6 11674/3/6
f 11652/1/6 11662/1/6 11675/1/6
f 11675/1/6 11662/1/6 11676/1/6
f 11676/1/6 11662/1/6 11677/1/6
f 11662/3/6 11663/3/6 11678/3/6
f 11677/1/6 11662/1/6 11678/1/6
f 11663/1/6 11664/1/6 11679/1/6
f 11678/3/6 11663/3/6 11679/3/6
f 11618/1/6 11639/1/6 11680/1/6
f 11656/1/6 11665/1/6 11680/1/6
f 11526/3/6 11566/3/6 11680/3/6
f 11639/1/6 11656/1/6 11680/1/6
f 11566/1/6 11589/1/6 11680/1/6
f 11589/1/6 11618/1/6 11680/1/6
f 11665/1/6 11666/1/6 11680/1/6
f 11680/1/6 11666/1/6 11681/1/6
f 11666/3/6 11667/3/6 11682/3/6
f 11681/1/6 11666/1/6 11682/1/6
f 11667/1/6 11668/1/6 11683/1/6
f 11682/3/6 11667/3/6 11683/3/6
f 11668/3/6 11669/3/6 11684/3/6
f 11683/1/6 11668/1/6 11684/1/6
f 11669/1/6 11642/1/6 11685/1/6
f 11684/3/6 11669/3/6 11685/3/6
f 11685/1/6 11642/1/6 11686/1/6
f 11645/1/6 11670/1/6 11687/1/6
f 11670/3/6 11671/3/6 11688/3/6
f 11687/1/6 11670/1/6 11688/1/6
f 11671/1/6 11672/1/6 11689/1/6
f 11688/3/6 11671/3/6 11689/3/6
f 11672/3/6 11673/3/6 11690/3/6
f 11689/1/6 11672/1/6 11690/1/6
f 11673/1/6 11674/1/6 11691/1/6
f 11690/3/6 11673/3/6 11691/3/6
f 11674/1/6 11661/1/6 11692/1/6
f 11691/1/6 11674/1/6 11692/1/6
f 11661/1/6 11649/1/6 11692/1/6
f 11649/3/6 11650/3/6 11693/3/6
f 11692/1/6 11649/1/6 11693/1/6
f 11652/1/6 11675/1/6 11694/1/6
f 11675/3/6 11676/3/6 11695/3/6
f 11694/1/6 11675/1/6 11695/1/6
f 11676/1/6 11677/1/6 11696/1/6
f 11695/3/6 11676/3/6 11696/3/6
f 11677/3/6 11678/3/6 11697/3/6
f 11696/1/6 11677/1/6 11697/1/6
f 11678/1/6 11679/1/6 11698/1/6
f 11697/3/6 11678/3/6 11698/3/6
f 11679/1/6 11664/1/6 11699/1/6
f 11698/1/6 11679/1/6 11699/1/6
f 11638/1/6 11617/1/6 11699/1/6
f 11655/1/6 11638/1/6 11699/1/6
f 11617/1/6 11588/1/6 11699/1/6
f 11664/1/6 11655/1/6 11699/1/6
f 11588/3/6 11537/3/6 11700/3/6
f 11699/1/6 11588/1/6 11700/1/6
f 11538/4/6 11539/4/6 11701/4/6
f 11539/4/6 11526/4/6 11702/4/6
f 11701/4/6 11539/4/6 11702/4/6
f 11683/1/6 11684/1/6 11703/1/6
f 11684/1/6 11685/1/6 11703/1/6
f 11682/1/6 11683/1/6 11703/1/6
f 11685/3/6 11686/3/6 11703/3/6
f 11681/1/6 11682/1/6 11703/1/6
f 11686/1/6 11642/1/6 11704/1/6
f 11703/3/6 11686/3/6 11704/3/6
f 11704/1/6 11642/1/6 11705/1/6
f 11705/1/6 11642/1/6 11706/1/6
f 11642/3/6 11643/3/6 11707/3/6
f 11706/1/6 11642/1/6 11707/1/6
f 11643/4/6 11644/4/6 11708/4/6
f 11708/4/6 11644/4/6 11709/4/6
f 11645/1/6 11687/1/6 11710/1/6
f 11644/3/6 11645/3/6 11710/3/6
f 11710/1/6 11687/1/6 11711/1/6
f 11711/1/6 11687/1/6 11712/1/6
f 11687/3/6 11688/3/6 11713/3/6
f 11712/1/6 11687/1/6 11713/1/6
f 11691/1/6 11692/1/6 11714/1/6
f 11713/3/6 11688/3/6 11714/3/6
f 11689/1/6 11690/1/6 11714/1/6
f 11690/1/6 11691/1/6 11714/1/6
f 11688/1/6 11689/1/6 11714/1/6
f 11650/4/6 11651/4/6 11715/4/6
f 11715/4/6 11651/4/6 11716/4/6
f 11652/1/6 11694/1/6 11717/1/6
f 11651/3/6 11652/3/6 11717/3/6
f 11717/1/6 11694/1/6 11718/1/6
f 11718/1/6 11694/1/6 11719/1/6
f 11694/3/6 11695/3/6 11720/3/6
f 11719/1/6 11694/1/6 11720/1/6
f 11697/1/6 11698/1/6 11721/1/6
f 11720/3/6 11695/3/6 11721/3/6
f 11696/1/6 11697/1/6 11721/1/6
f 11698/1/6 11699/1/6 11721/1/6
f 11695/1/6 11696/1/6 11721/1/6
f 11537/4/6 11564/4/6 11722/4/6
f 11564/4/6 11565/4/6 11722/4/6
f 11722/4/6 11565/4/6 11723/4/6
f 11702/4/6 11526/4/6 11724/4/6
f 11526/3/6 11680/3/6 11724/3/6
f 11680/3/6 11681/3/6 11724/3/6
f 11724/3/6 11681/3/6 11725/3/6
f 11704/3/6 11705/3/6 11726/3/6
f 11703/1/6 11704/1/6 11726/1/6
f 11705/1/6 11706/1/6 11727/1/6
f 11726/3/6 11705/3/6 11727/3/6
f 11727/1/6 11706/1/6 11728/1/6
f 11707/3/6 11643/3/6 11729/3/6
f 11706/3/6 11707/3/6 11729/3/6
f 11643/4/6 11708/4/6 11730/4/6
f 11729/3/6 11643/3/6 11730/3/6
f 11710/3/6 11711/3/6 11731/3/6
f 11709/4/6 11644/4/6 11731/4/6
f 11644/3/6 11710/3/6 11731/3/6
f 11731/3/6 11711/3/6 11732/3/6
f 11711/1/6 11712/1/6 11733/1/6
f 11712/3/6 11713/3/6 11734/3/6
f 11733/1/6 11712/1/6 11734/1/6
f 11713/1/6 11714/1/6 11735/1/6
f 11734/3/6 11713/3/6 11735/3/6
f 11692/3/6 11693/3/6 11736/3/6
f 11693/3/6 11650/3/6 11736/3/6
f 11650/4/6 11715/4/6 11737/4/6
f 11736/3/6 11650/3/6 11737/3/6
f 11717/3/6 11718/3/6 11738/3/6
f 11716/4/6 11651/4/6 11738/4/6
f 11651/3/6 11717/3/6 11738/3/6
f 11738/3/6 11718/3/6 11739/3/6
f 11718/1/6 11719/1/6 11740/1/6
f 11719/3/6 11720/3/6 11741/3/6
f 11740/1/6 11719/1/6 11741/1/6
f 11720/1/6 11721/1/6 11742/1/6
f 11741/3/6 11720/3/6 11742/3/6
f 11700/3/6 11537/3/6 11743/3/6
f 11699/3/6 11700/3/6 11743/3/6
f 11537/4/6 11722/4/6 11744/4/6
f 11743/3/6 11537/3/6 11744/3/6
f 11703/1/6 11726/1/6 11745/1/6
f 11726/1/6 11727/1/6 11745/1/6
f 11725/3/6 11681/3/6 11745/3/6
f 11681/1/6 11703/1/6 11745/1/6
f 11745/1/6 11727/1/6 11746/1/6
f 11746/1/6 11727/1/6 11747/1/6
f 11747/1/6 11727/1/6 11748/1/6
f 11748/1/6 11727/1/6 11749/1/6
f 11749/1/6 11727/1/6 11750/1/6
f 11727/3/6 11728/3/6 11751/3/6
f 11750/1/6 11727/1/6 11751/1/6
f 11728/1/6 11706/1/6 11752/1/6
f 11751/3/6 11728/3/6 11752/3/6
f 11752/1/6 11706/1/6 11753/1/6
f 11711/1/6 11733/1/6 11754/1/6
f 11733/3/6 11734/3/6 11755/3/6
f 11754/1/6 11733/1/6 11755/1/6
f 11734/1/6 11735/1/6 11756/1/6
f 11755/3/6 11734/3/6 11756/3/6
f 11714/1/6 11692/1/6 11757/1/6
f 11756/1/6 11735/1/6 11757/1/6
f 11735/1/6 11714/1/6 11757/1/6
f 11757/1/6 11692/1/6 11758/1/6
f 11758/1/6 11692/1/6 11759/1/6
f 11759/1/6 11692/1/6 11760/1/6
f 11760/1/6 11692/1/6 11761/1/6
f 11692/3/6 11736/3/6 11762/3/6
f 11761/1/6 11692/1/6 11762/1/6
f 11718/1/6 11740/1/6 11763/1/6
f 11740/3/6 11741/3/6 11764/3/6
f 11763/1/6 11740/1/6 11764/1/6
f 11741/1/6 11742/1/6 11765/1/6
f 11764/3/6 11741/3/6 11765/3/6
f 11721/1/6 11699/1/6 11766/1/6
f 11765/1/6 11742/1/6 11766/1/6
f 11742/1/6 11721/1/6 11766/1/6
f 11766/1/6 11699/1/6 11767/1/6
f 11767/1/6 11699/1/6 11768/1/6
f 11768/1/6 11699/1/6 11769/1/6
f 11769/1/6 11699/1/6 11770/1/6
f 11699/3/6 11743/3/6 11771/3/6
f 11770/1/6 11699/1/6 11771/1/6
f 11724/4/6 11725/4/6 11772/4/6
f 11725/3/6 11745/3/6 11772/3/6
f 11745/3/6 11746/3/6 11772/3/6
f 11772/3/6 11746/3/6 11773/3/6
f 11746/1/6 11747/1/6 11774/1/6
f 11747/3/6 11748/3/6 11775/3/6
f 11774/1/6 11747/1/6 11775/1/6
f 11748/1/6 11749/1/6 11776/1/6
f 11775/3/6 11748/3/6 11776/3/6
f 11750/1/6 11751/1/6 11777/1/6
f 11752/3/6 11753/3/6 11777/3/6
f 11751/1/6 11752/1/6 11777/1/6
f 11753/1/6 11706/1/6 11778/1/6
f 11777/3/6 11753/3/6 11778/3/6
f 11706/3/6 11729/3/6 11779/3/6
f 11778/1/6 11706/1/6 11779/1/6
f 11729/4/6 11730/4/6 11780/4/6
f 11779/3/6 11729/3/6 11780/3/6
f 11732/3/6 11711/3/6 11781/3/6
f 11731/4/6 11732/4/6 11781/4/6
f 11711/1/6 11754/1/6 11782/1/6
f 11781/3/6 11711/3/6 11782/3/6
f 11754/3/6 11755/3/6 11783/3/6
f 11782/1/6 11754/1/6 11783/1/6
f 11755/1/6 11756/1/6 11784/1/6
f 11783/3/6 11755/3/6 11784/3/6
f 11756/1/6 11757/1/6 11784/1/6
f 11758/1/6 11759/1/6 11785/1/6
f 11759/3/6 11760/3/6 11785/3/6
f 11760/1/6 11761/1/6 11786/1/6
f 11785/3/6 11760/3/6 11786/3/6
f 11786/1/6 11761/1/6 11787/1/6
f 11762/3/6 11736/3/6 11788/3/6
f 11761/3/6 11762/3/6 11788/3/6
f 11736/4/6 11737/4/6 11789/4/6
f 11788/3/6 11736/3/6 11789/3/6
f 11739/3/6 11718/3/6 11790/3/6
f 11738/4/6 11739/4/6 11790/4/6
f 11718/1/6 11763/1/6 11791/1/6
f 11790/3/6 11718/3/6 11791/3/6
f 11763/3/6 11764/3/6 11792/3/6
f 11791/1/6 11763/1/6 11792/1/6
f 11764/1/6 11765/1/6 11793/1/6
f 11792/3/6 11764/3/6 11793/3/6
f 11765/1/6 11766/1/6 11793/1/6
f 11768/3/6 11769/3/6 11794/3/6
f 11767/1/6 11768/1/6 11794/1/6
f 11769/1/6 11770/1/6 11795/1/6
f 11794/3/6 11769/3/6 11795/3/6
f 11795/1/6 11770/1/6 11796/1/6
f 11771/3/6 11743/3/6 11797/3/6
f 11770/3/6 11771/3/6 11797/3/6
f 11743/4/6 11744/4/6 11798/4/6
f 11797/3/6 11743/3/6 11798/3/6
f 11702/4/6 11724/4/6 11799/4/6
f 11772/4/6 11773/4/6 11799/4/6
f 11724/4/6 11772/4/6 11799/4/6
f 11799/4/6 11773/4/6 11800/4/6
f 11773/3/6 11746/3/6 11801/3/6
f 11746/1/6 11774/1/6 11801/1/6
f 11801/1/6 11774/1/6 11802/1/6
f 11802/1/6 11774/1/6 11803/1/6
f 11774/3/6 11775/3/6 11804/3/6
f 11803/1/6 11774/1/6 11804/1/6
f 11775/1/6 11776/1/6 11805/1/6
f 11804/3/6 11775/3/6 11805/3/6
f 11780/4/6 11730/4/6 11806/4/6
f 11730/4/6 11708/4/6 11806/4/6
f 11779/4/6 11780/4/6 11806/4/6
f 11806/4/6 11708/4/6 11807/4/6
f 11781/4/6 11782/4/6 11808/4/6
f 11731/4/6 11781/4/6 11808/4/6
f 11709/4/6 11731/4/6 11808/4/6
f 11808/4/6 11782/4/6 11809/4/6
f 11786/3/6 11787/3/6 11810/3/6
f 11785/1/6 11786/1/6 11810/1/6
f 11787/1/6 11761/1/6 11811/1/6
f 11810/3/6 11787/3/6 11811/3/6
f 11811/1/6 11761/1/6 11812/1/6
f 11812/1/6 11761/1/6 11813/1/6
f 11761/3/6 11788/3/6 11814/3/6
f 11813/1/6 11761/1/6 11814/1/6
f 11737/4/6 11715/4/6 11815/4/6
f 11789/4/6 11737/4/6 11815/4/6
f 11788/4/6 11789/4/6 11815/4/6
f 11815/4/6 11715/4/6 11816/4/6
f 11738/4/6 11790/4/6 11817/4/6
f 11790/4/6 11791/4/6 11817/4/6
f 11716/4/6 11738/4/6 11817/4/6
f 11817/4/6 11791/4/6 11818/4/6
f 11795/3/6 11796/3/6 11819/3/6
f 11794/1/6 11795/1/6 11819/1/6
f 11796/1/6 11770/1/6 11820/1/6
f 11819/3/6 11796/3/6 11820/3/6
f 11820/1/6 11770/1/6 11821/1/6
f 11821/1/6 11770/1/6 11822/1/6
f 11770/3/6 11797/3/6 11823/3/6
f 11822/1/6 11770/1/6 11823/1/6
f 11744/4/6 11722/4/6 11824/4/6
f 11798/4/6 11744/4/6 11824/4/6
f 11797/4/6 11798/4/6 11824/4/6
f 11824/4/6 11722/4/6 11825/4/6
f 11801/3/6 11802/3/6 11826/3/6
f 11773/3/6 11801/3/6 11826/3/6
f 11800/4/6 11773/4/6 11826/4/6
f 11826/3/6 11802/3/6 11827/3/6
f 11802/1/6 11803/1/6 11828/1/6
f 11803/3/6 11804/3/6 11829/3/6
f 11828/1/6 11803/1/6 11829/1/6
f 11804/1/6 11805/1/6 11830/1/6
f 11829/3/6 11804/3/6 11830/3/6
f 11778/3/6 11779/3/6 11831/3/6
f 11779/4/6 11806/4/6 11832/4/6
f 11831/3/6 11779/3/6 11832/3/6
f 11782/3/6 11783/3/6 11833/3/6
f 11809/4/6 11782/4/6 11833/4/6
f 11833/3/6 11783/3/6 11834/3/6
f 11811/3/6 11812/3/6 11835/3/6
f 11810/1/6 11811/1/6 11835/1/6
f 11812/1/6 11813/1/6 11836/1/6
f 11835/3/6 11812/3/6 11836/3/6
f 11836/1/6 11813/1/6 11837/1/6
f 11814/3/6 11788/3/6 11838/3/6
f 11813/3/6 11814/3/6 11838/3/6
f 11788/4/6 11815/4/6 11839/4/6
f 11838/3/6 11788/3/6 11839/3/6
f 11791/3/6 11792/3/6 11840/3/6
f 11818/4/6 11791/4/6 11840/4/6
f 11840/3/6 11792/3/6 11841/3/6
f 11819/1/6 11820/1/6 11842/1/6
f 11820/3/6 11821/3/6 11842/3/6
f 11821/1/6 11822/1/6 11843/1/6
f 11842/3/6 11821/3/6 11843/3/6
f 11843/1/6 11822/1/6 11844/1/6
f 11823/3/6 11797/3/6 11845/3/6
f 11822/3/6 11823/3/6 11845/3/6
f 11797/4/6 11824/4/6 11846/4/6
f 11845/3/6 11797/3/6 11846/3/6
f 11800/4/6 11826/4/6 11847/4/6
f 11826/4/6 11827/4/6 11847/4/6
f 11847/4/6 11827/4/6 11848/4/6
f 11802/1/6 11828/1/6 11849/1/6
f 11827/3/6 11802/3/6 11849/3/6
f 11849/1/6 11828/1/6 11850/1/6
f 11777/1/6 11778/1/6 11851/1/6
f 11778/3/6 11831/3/6 11852/3/6
f 11851/1/6 11778/1/6 11852/1/6
f 11832/4/6 11806/4/6 11853/4/6
f 11831/4/6 11832/4/6 11853/4/6
f 11853/4/6 11806/4/6 11854/4/6
f 11833/4/6 11834/4/6 11855/4/6
f 11809/4/6 11833/4/6 11855/4/6
f 11855/4/6 11834/4/6 11856/4/6
f 11834/3/6 11783/3/6 11857/3/6
f 11783/1/6 11784/1/6 11857/1/6
f 11857/1/6 11784/1/6 11858/1/6
f 11837/1/6 11813/1/6 11859/1/6
f 11813/3/6 11838/3/6 11860/3/6
f 11859/1/6 11813/1/6 11860/1/6
f 11839/4/6 11815/4/6 11861/4/6
f 11838/4/6 11839/4/6 11861/4/6
f 11861/4/6 11815/4/6 11862/4/6
f 11840/4/6 11841/4/6 11863/4/6
f 11818/4/6 11840/4/6 11863/4/6
f 11863/4/6 11841/4/6 11864/4/6
f 11841/3/6 11792/3/6 11865/3/6
f 11792/1/6 11793/1/6 11865/1/6
f 11865/1/6 11793/1/6 11866/1/6
f 11844/1/6 11822/1/6 11867/1/6
f 11822/3/6 11845/3/6 11868/3/6
f 11867/1/6 11822/1/6 11868/1/6
f 11846/4/6 11824/4/6 11869/4/6
f 11845/4/6 11846/4/6 11869/4/6
f 11869/4/6 11824/4/6 11870/4/6
f 11848/4/6 11827/4/6 11871/4/6
f 11871/4/6 11827/4/6 11872/4/6
f 11827/3/6 11849/3/6 11873/3/6
f 11872/4/6 11827/4/6 11873/4/6
f 11849/3/6 11850/3/6 11873/3/6
f 11873/3/6 11850/3/6 11874/3/6
f 11850/1/6 11828/1/6 11875/1/6
f 11874/3/6 11850/3/6 11875/3/6
f 11875/1/6 11828/1/6 11876/1/6
f 11876/1/6 11828/1/6 11877/1/6
f 11828/3/6 11829/3/6 11878/3/6
f 11877/1/6 11828/1/6 11878/1/6
f 11829/1/6 11830/1/6 11879/1/6
f 11878/3/6 11829/3/6 11879/3/6
f 11776/1/6 11749/1/6 11880/1/6
f 11879/1/6 11830/1/6 11880/1/6
f 11805/1/6 11776/1/6 11880/1/6
f 11830/1/6 11805/1/6 11880/1/6
f 11749/3/6 11750/3/6 11881/3/6
f 11880/1/6 11749/1/6 11881/1/6
f 11750/1/6 11777/1/6 11882/1/6
f 11881/3/6 11750/3/6 11882/3/6
f 11777/1/6 11851/1/6 11882/1/6
f 11882/1/6 11851/1/6 11883/1/6
f 11851/3/6 11852/3/6 11884/3/6
f 11883/1/6 11851/1/6 11884/1/6
f 11852/3/6 11831/3/6 11885/3/6
f 11884/3/6 11852/3/6 11885/3/6
f 11831/4/6 11853/4/6 11886/4/6
f 11885/3/6 11831/3/6 11886/3/6
f 11886/4/6 11853/4/6 11887/4/6
f 11887/4/6 11853/4/6 11888/4/6
f 11856/4/6 11834/4/6 11889/4/6
f 11889/4/6 11834/4/6 11890/4/6
f 11857/3/6 11858/3/6 11891/3/6
f 11890/4/6 11834/4/6 11891/4/6
f 11834/3/6 11857/3/6 11891/3/6
f 11891/3/6 11858/3/6 11892/3/6
f 11858/1/6 11784/1/6 11893/1/6
f 11892/3/6 11858/3/6 11893/3/6
f 11784/1/6 11757/1/6 11894/1/6
f 11893/1/6 11784/1/6 11894/1/6
f 11757/3/6 11758/3/6 11895/3/6
f 11894/1/6 11757/1/6 11895/1/6
f 11785/1/6 11810/1/6 11896/1/6
f 11895/3/6 11758/3/6 11896/3/6
f 11810/1/6 11835/1/6 11896/1/6
f 11758/1/6 11785/1/6 11896/1/6
f 11835/1/6 11836/1/6 11896/1/6
f 11896/1/6 11836/1/6 11897/1/6
f 11836/3/6 11837/3/6 11898/3/6
f 11897/1/6 11836/1/6 11898/1/6
f 11837/1/6 11859/1/6 11899/1/6
f 11898/3/6 11837/3/6 11899/3/6
f 11899/1/6 11859/1/6 11900/1/6
f 11900/1/6 11859/1/6 11901/1/6
f 11859/3/6 11860/3/6 11902/3/6
f 11901/1/6 11859/1/6 11902/1/6
f 11860/3/6 11838/3/6 11903/3/6
f 11902/3/6 11860/3/6 11903/3/6
f 11838/4/6 11861/4/6 11904/4/6
f 11903/3/6 11838/3/6 11904/3/6
f 11904/4/6 11861/4/6 11905/4/6
f 11905/4/6 11861/4/6 11906/4/6
f 11864/4/6 11841/4/6 11907/4/6
f 11907/4/6 11841/4/6 11908/4/6
f 11865/3/6 11866/3/6 11909/3/6
f 11908/4/6 11841/4/6 11909/4/6
f 11841/3/6 11865/3/6 11909/3/6
f 11909/3/6 11866/3/6 11910/3/6
f 11866/1/6 11793/1/6 11911/1/6
f 11910/3/6 11866/3/6 11911/3/6
f 11793/1/6 11766/1/6 11912/1/6
f 11911/1/6 11793/1/6 11912/1/6
f 11766/3/6 11767/3/6 11913/3/6
f 11912/1/6 11766/1/6 11913/1/6
f 11767/1/6 11794/1/6 11914/1/6
f 11913/3/6 11767/3/6 11914/3/6
f 11819/1/6 11842/1/6 11914/1/6
f 11794/1/6 11819/1/6 11914/1/6
f 11842/1/6 11843/1/6 11914/1/6
f 11914/1/6 11843/1/6 11915/1/6
f 11843/3/6 11844/3/6 11916/3/6
f 11915/1/6 11843/1/6 11916/1/6
f 11844/1/6 11867/1/6 11917/1/6
f 11916/3/6 11844/3/6 11917/3/6
f 11917/1/6 11867/1/6 11918/1/6
f 11918/1/6 11867/1/6 11919/1/6
f 11867/3/6 11868/3/6 11920/3/6
f 11919/1/6 11867/1/6 11920/1/6
f 11868/3/6 11845/3/6 11921/3/6
f 11920/3/6 11868/3/6 11921/3/6
f 11845/4/6 11869/4/6 11922/4/6
f 11921/3/6 11845/3/6 11922/3/6
f 11922/4/6 11869/4/6 11923/4/6
f 11923/4/6 11869/4/6 11924/4/6
f 11875/3/6 11876/3/6 11925/3/6
f 11872/4/6 11873/4/6 11925/4/6
f 11874/3/6 11875/3/6 11925/3/6
f 11873/4/6 11874/4/6 11925/4/6
f 11925/3/6 11876/3/6 11926/3/6
f 11876/1/6 11877/1/6 11927/1/6
f 11926/3/6 11876/3/6 11927/3/6
f 11877/3/6 11878/3/6 11928/3/6
f 11927/1/6 11877/1/6 11928/1/6
f 11878/1/6 11879/1/6 11929/1/6
f 11928/3/6 11878/3/6 11929/3/6
f 11879/1/6 11880/1/6 11929/1/6
f 11882/1/6 11883/1/6 11930/1/6
f 11881/1/6 11882/1/6 11930/1/6
f 11883/3/6 11884/3/6 11931/3/6
f 11930/1/6 11883/1/6 11931/1/6
f 11884/3/6 11885/3/6 11931/3/6
f 11931/3/6 11885/3/6 11932/3/6
f 11886/4/6 11887/4/6 11933/4/6
f 11932/3/6 11885/3/6 11933/3/6
f 11885/4/6 11886/4/6 11933/4/6
f 11891/4/6 11892/4/6 11934/4/6
f 11890/4/6 11891/4/6 11934/4/6
f 11893/3/6 11894/3/6 11934/3/6
f 11892/3/6 11893/3/6 11934/3/6
f 11934/3/6 11894/3/6 11935/3/6
f 11894/1/6 11895/1/6 11936/1/6
f 11935/3/6 11894/3/6 11936/3/6
f 11895/1/6 11896/1/6 11936/1/6
f 11936/1/6 11896/1/6 11937/1/6
f 11897/1/6 11898/1/6 11938/1/6
f 11899/3/6 11900/3/6 11938/3/6
f 11898/1/6 11899/1/6 11938/1/6
f 11900/1/6 11901/1/6 11939/1/6
f 11938/3/6 11900/3/6 11939/3/6
f 11901/3/6 11902/3/6 11940/3/6
f 11939/1/6 11901/1/6 11940/1/6
f 11902/3/6 11903/3/6 11940/3/6
f 11940/3/6 11903/3/6 11941/3/6
f 11904/4/6 11905/4/6 11942/4/6
f 11941/3/6 11903/3/6 11942/3/6
f 11903/4/6 11904/4/6 11942/4/6
f 11909/4/6 11910/4/6 11943/4/6
f 11908/4/6 11909/4/6 11943/4/6
f 11910/3/6 11911/3/6 11943/3/6
f 11911/3/6 11912/3/6 11943/3/6
f 11943/3/6 11912/3/6 11944/3/6
f 11912/1/6 11913/1/6 11945/1/6
f 11944/3/6 11912/3/6 11945/3/6
f 11913/1/6 11914/1/6 11945/1/6
f 11945/1/6 11914/1/6 11946/1/6
f 11915/1/6 11916/1/6 11947/1/6
f 11917/3/6 11918/3/6 11947/3/6
f 11916/1/6 11917/1/6 11947/1/6
f 11918/1/6 11919/1/6 11948/1/6
f 11947/3/6 11918/3/6 11948/3/6
f 11920/3/6 11921/3/6 11949/3/6
f 11948/1/6 11919/1/6 11949/1/6
f 11919/3/6 11920/3/6 11949/3/6
f 11949/3/6 11921/3/6 11950/3/6
f 11922/4/6 11923/4/6 11951/4/6
f 11950/3/6 11921/3/6 11951/3/6
f 11921/4/6 11922/4/6 11951/4/6
f 11925/4/6 11926/4/6 11952/4/6
f 11872/4/6 11925/4/6 11952/4/6
f 11952/4/6 11926/4/6 11953/4/6
f 11927/3/6 11928/3/6 11954/3/6
f 11953/4/6 11926/4/6 11954/4/6
f 11926/3/6 11927/3/6 11954/3/6
f 11954/3/6 11928/3/6 11955/3/6
f 11928/1/6 11929/1/6 11956/1/6
f 11955/3/6 11928/3/6 11956/3/6
f 11929/1/6 11880/1/6 11957/1/6
f 11956/1/6 11929/1/6 11957/1/6
f 11881/1/6 11930/1/6 11958/1/6
f 11931/3/6 11932/3/6 11959/3/6
f 11958/1/6 11930/1/6 11959/1/6
f 11930/3/6 11931/3/6 11959/3/6
f 11959/3/6 11932/3/6 11960/3/6
f 11932/4/6 11933/4/6 11961/4/6
f 11960/3/6 11932/3/6 11961/3/6
f 11933/4/6 11887/4/6 11962/4/6
f 11961/4/6 11933/4/6 11962/4/6
f 11962/4/6 11887/4/6 11963/4/6
f 11934/4/6 11935/4/6 11964/4/6
f 11890/4/6 11934/4/6 11964/4/6
f 11964/4/6 11935/4/6 11965/4/6
f 11936/3/6 11937/3/6 11966/3/6
f 11965/4/6 11935/4/6 11966/4/6
f 11935/3/6 11936/3/6 11966/3/6
f 11966/3/6 11937/3/6 11967/3/6
f 11937/1/6 11896/1/6 11968/1/6
f 11967/3/6 11937/3/6 11968/3/6
f 11968/1/6 11896/1/6 11969/1/6
f 11938/1/6 11939/1/6 11970/1/6
f 11897/1/6 11938/1/6 11970/1/6
f 11940/3/6 11941/3/6 11971/3/6
f 11970/1/6 11939/1/6 11971/1/6
f 11939/3/6 11940/3/6 11971/3/6
f 11971/3/6 11941/3/6 11972/3/6
f 11941/4/6 11942/4/6 11973/4/6
f 11972/3/6 11941/3/6 11973/3/6
f 11942/4/6 11905/4/6 11974/4/6
f 11973/4/6 11942/4/6 11974/4/6
f 11974/4/6 11905/4/6 11975/4/6
f 11943/4/6 11944/4/6 11976/4/6
f 11908/4/6 11943/4/6 11976/4/6
f 11976/4/6 11944/4/6 11977/4/6
f 11945/3/6 11946/3/6 11978/3/6
f 11977/4/6 11944/4/6 11978/4/6
f 11944/3/6 11945/3/6 11978/3/6
f 11978/3/6 11946/3/6 11979/3/6
f 11946/1/6 11914/1/6 11980/1/6
f 11979/3/6 11946/3/6 11980/3/6
f 11980/1/6 11914/1/6 11981/1/6
f 11947/1/6 11948/1/6 11982/1/6
f 11915/1/6 11947/1/6 11982/1/6
f 11949/3/6 11950/3/6 11983/3/6
f 11982/1/6 11948/1/6 11983/1/6
f 11948/3/6 11949/3/6 11983/3/6
f 11983/3/6 11950/3/6 11984/3/6
f 11950/4/6 11951/4/6 11985/4/6
f 11984/3/6 11950/3/6 11985/3/6
f 11951/4/6 11923/4/6 11986/4/6
f 11985/4/6 11951/4/6 11986/4/6
f 11986/4/6 11923/4/6 11987/4/6
f 11954/4/6 11955/4/6 11988/4/6
f 11953/4/6 11954/4/6 11988/4/6
f 11988/4/6 11955/4/6 11989/4/6
f 11955/3/6 11956/3/6 11990/3/6
f 11989/4/6 11955/4/6 11990/4/6
f 11956/3/6 11957/3/6 11990/3/6
f 11990/3/6 11957/3/6 11991/3/6
f 11957/1/6 11880/1/6 11992/1/6
f 11991/3/6 11957/3/6 11992/3/6
f 11992/1/6 11880/1/6 11993/1/6
f 11881/1/6 11958/1/6 11994/1/6
f 11959/3/6 11960/3/6 11995/3/6
f 11994/1/6 11958/1/6 11995/1/6
f 11958/3/6 11959/3/6 11995/3/6
f 11995/3/6 11960/3/6 11996/3/6
f 11960/4/6 11961/4/6 11997/4/6
f 11996/3/6 11960/3/6 11997/3/6
f 11961/4/6 11962/4/6 11997/4/6
f 11997/4/6 11962/4/6 11998/4/6
f 11998/4/6 11962/4/6 11999/4/6
f 11966/4/6 11967/4/6 12000/4/6
f 11965/4/6 11966/4/6 12000/4/6
f 12000/4/6 11967/4/6 12001/4/6
f 11968/3/6 11969/3/6 12002/3/6
f 12001/4/6 11967/4/6 12002/4/6
f 11967/3/6 11968/3/6 12002/3/6
f 12002/3/6 11969/3/6 12003/3/6
f 11969/1/6 11896/1/6 12004/1/6
f 12003/3/6 11969/3/6 12004/3/6
f 12004/1/6 11896/1/6 12005/1/6
f 11897/1/6 11970/1/6 12006/1/6
f 11971/3/6 11972/3/6 12007/3/6
f 12006/1/6 11970/1/6 12007/1/6
f 11970/3/6 11971/3/6 12007/3/6
f 12007/3/6 11972/3/6 12008/3/6
f 11972/4/6 11973/4/6 12009/4/6
f 12008/3/6 11972/3/6 12009/3/6
f 11973/4/6 11974/4/6 12009/4/6
f 12009/4/6 11974/4/6 12010/4/6
f 12010/4/6 11974/4/6 12011/4/6
f 11978/4/6 11979/4/6 12012/4/6
f 11977/4/6 11978/4/6 12012/4/6
f 12012/4/6 11979/4/6 12013/4/6
f 11979/3/6 11980/3/6 12014/3/6
f 12013/4/6 11979/4/6 12014/4/6
f 11980/3/6 11981/3/6 12014/3/6
f 12014/3/6 11981/3/6 12015/3/6
f 11981/1/6 11914/1/6 12016/1/6
f 12015/3/6 11981/3/6 12016/3/6
f 12016/1/6 11914/1/6 12017/1/6
f 11915/1/6 11982/1/6 12018/1/6
f 11982/3/6 11983/3/6 12019/3/6
f 12018/1/6 11982/1/6 12019/1/6
f 11983/3/6 11984/3/6 12019/3/6
f 12019/3/6 11984/3/6 12020/3/6
f 11985/4/6 11986/4/6 12021/4/6
f 12020/3/6 11984/3/6 12021/3/6
f 11984/4/6 11985/4/6 12021/4/6
f 12021/4/6 11986/4/6 12022/4/6
f 12022/4/6 11986/4/6 12023/4/6
f 11990/4/6 11991/4/6 12024/4/6
f 11989/4/6 11990/4/6 12024/4/6
f 12024/4/6 11991/4/6 12025/4/6
f 11992/3/6 11993/3/6 12026/3/6
f 12025/4/6 11991/4/6 12026/4/6
f 11991/3/6 11992/3/6 12026/3/6
f 12026/3/6 11993/3/6 12027/3/6
f 11993/1/6 11880/1/6 12028/1/6
f 12027/3/6 11993/3/6 12028/3/6
f 12028/1/6 11880/1/6 12029/1/6
f 11881/1/6 11994/1/6 12030/1/6
f 11995/3/6 11996/3/6 12031/3/6
f 12030/1/6 11994/1/6 12031/1/6
f 11994/3/6 11995/3/6 12031/3/6
f 12031/3/6 11996/3/6 12032/3/6
f 11997/4/6 11998/4/6 12033/4/6
f 12032/3/6 11996/3/6 12033/3/6
f 11996/4/6 11997/4/6 12033/4/6
f 12033/4/6 11998/4/6 12034/4/6
f 12034/4/6 11998/4/6 12035/4/6
f 12002/4/6 12003/4/6 12036/4/6
f 12001/4/6 12002/4/6 12036/4/6
f 12036/4/6 12003/4/6 12037/4/6
f 12004/3/6 12005/3/6 12038/3/6
f 12037/4/6 12003/4/6 12038/4/6
f 12003/3/6 12004/3/6 12038/3/6
f 12038/3/6 12005/3/6 12039/3/6
f 12005/1/6 11896/1/6 12040/1/6
f 12039/3/6 12005/3/6 12040/3/6
f 12040/1/6 11896/1/6 12041/1/6
f 11897/1/6 12006/1/6 12042/1/6
f 12007/3/6 12008/3/6 12043/3/6
f 12042/1/6 12006/1/6 12043/1/6
f 12006/3/6 12007/3/6 12043/3/6
f 12043/3/6 12008/3/6 12044/3/6
f 12009/4/6 12010/4/6 12045/4/6
f 12044/3/6 12008/3/6 12045/3/6
f 12008/4/6 12009/4/6 12045/4/6
f 12045/4/6 12010/4/6 12046/4/6
f 12046/4/6 12010/4/6 12047/4/6
f 12013/4/6 12014/4/6 12048/4/6
f 12014/4/6 12015/4/6 12048/4/6
f 12048/4/6 12015/4/6 12049/4/6
f 12015/3/6 12016/3/6 12050/3/6
f 12049/4/6 12015/4/6 12050/4/6
f 12016/3/6 12017/3/6 12050/3/6
f 12050/3/6 12017/3/6 12051/3/6
f 12017/1/6 11914/1/6 12052/1/6
f 12051/3/6 12017/3/6 12052/3/6
f 12052/1/6 11914/1/6 12053/1/6
f 11915/1/6 12018/1/6 12054/1/6
f 12019/3/6 12020/3/6 12055/3/6
f 12054/1/6 12018/1/6 12055/1/6
f 12018/3/6 12019/3/6 12055/3/6
f 12055/3/6 12020/3/6 12056/3/6
f 12021/4/6 12022/4/6 12057/4/6
f 12056/3/6 12020/3/6 12057/3/6
f 12020/4/6 12021/4/6 12057/4/6
f 12057/4/6 12022/4/6 12058/4/6
f 12058/4/6 12022/4/6 12059/4/6
f 12026/4/6 12027/4/6 12060/4/6
f 12025/4/6 12026/4/6 12060/4/6
f 12060/4/6 12027/4/6 12061/4/6
f 12028/3/6 12029/3/6 12062/3/6
f 12061/4/6 12027/4/6 12062/4/6
f 12027/3/6 12028/3/6 12062/3/6
f 12062/3/6 12029/3/6 12063/3/6
f 12029/1/6 11880/1/6 12064/1/6
f 12063/3/6 12029/3/6 12064/3/6
f 11880/3/6 11881/3/6 12065/3/6
f 12064/1/6 11880/1/6 12065/1/6
f 11881/1/6 12030/1/6 12066/1/6
f 12065/3/6 11881/3/6 12066/3/6
f 12031/3/6 12032/3/6 12067/3/6
f 12066/1/6 12030/1/6 12067/1/6
f 12030/3/6 12031/3/6 12067/3/6
f 12067/3/6 12032/3/6 12068/3/6
f 12033/4/6 12034/4/6 12069/4/6
f 12068/3/6 12032/3/6 12069/3/6
f 12032/4/6 12033/4/6 12069/4/6
f 12069/4/6 12034/4/6 12070/4/6
f 12070/4/6 12034/4/6 12071/4/6
f 12038/4/6 12039/4/6 12072/4/6
f 12037/4/6 12038/4/6 12072/4/6
f 12072/4/6 12039/4/6 12073/4/6
f 12040/3/6 12041/3/6 12074/3/6
f 12073/4/6 12039/4/6 12074/4/6
f 12039/3/6 12040/3/6 12074/3/6
f 12074/3/6 12041/3/6 12075/3/6
f 12041/1/6 11896/1/6 12076/1/6
f 12075/3/6 12041/3/6 12076/3/6
f 11896/3/6 11897/3/6 12077/3/6
f 12076/1/6 11896/1/6 12077/1/6
f 11897/1/6 12042/1/6 12078/1/6
f 12077/3/6 11897/3/6 12078/3/6
f 12043/3/6 12044/3/6 12079/3/6
f 12078/1/6 12042/1/6 12079/1/6
f 12042/3/6 12043/3/6 12079/3/6
f 12079/3/6 12044/3/6 12080/3/6
f 12045/4/6 12046/4/6 12081/4/6
f 12080/3/6 12044/3/6 12081/3/6
f 12044/4/6 12045/4/6 12081/4/6
f 12081/4/6 12046/4/6 12082/4/6
f 12082/4/6 12046/4/6 12083/4/6
f 12050/4/6 12051/4/6 12084/4/6
f 12049/4/6 12050/4/6 12084/4/6
f 12084/4/6 12051/4/6 12085/4/6
f 12052/3/6 12053/3/6 12086/3/6
f 12085/4/6 12051/4/6 12086/4/6
f 12051/3/6 12052/3/6 12086/3/6
f 12086/3/6 12053/3/6 12087/3/6
f 12053/1/6 11914/1/6 12088/1/6
f 12087/3/6 12053/3/6 12088/3/6
f 11914/3/6 11915/3/6 12089/3/6
f 12088/1/6 11914/1/6 12089/1/6
f 11915/1/6 12054/1/6 12090/1/6
f 12089/3/6 11915/3/6 12090/3/6
f 12055/3/6 12056/3/6 12091/3/6
f 12090/1/6 12054/1/6 12091/1/6
f 12054/3/6 12055/3/6 12091/3/6
f 12091/3/6 12056/3/6 12092/3/6
f 12057/4/6 12058/4/6 12093/4/6
f 12092/3/6 12056/3/6 12093/3/6
f 12056/4/6 12057/4/6 12093/4/6
f 12093/4/6 12058/4/6 12094/4/6
f 12094/4/6 12058/4/6 12095/4/6
f 12062/4/6 12063/4/6 12096/4/6
f 12061/4/6 12062/4/6 12096/4/6
f 12096/4/6 12063/4/6 12097/4/6
f 12063/3/6 12064/3/6 12098/3/6
f 12097/4/6 12063/4/6 12098/4/6
f 12064/3/6 12065/3/6 12098/3/6
f 12065/3/6 12066/3/6 12098/3/6
f 12066/3/6 12067/3/6 12098/3/6
f 12067/3/6 12068/3/6 12098/3/6
f 12068/4/6 12069/4/6 12099/4/6
f 12098/3/6 12068/3/6 12099/3/6
f 12069/4/6 12070/4/6 12099/4/6
f 12099/4/6 12070/4/6 12100/4/6
f 12100/4/6 12070/4/6 12101/4/6
f 12074/4/6 12075/4/6 12102/4/6
f 12073/4/6 12074/4/6 12102/4/6
f 12102/4/6 12075/4/6 12103/4/6
f 12076/3/6 12077/3/6 12104/3/6
f 12103/4/6 12075/4/6 12104/4/6
f 12077/3/6 12078/3/6 12104/3/6
f 12075/3/6 12076/3/6 12104/3/6
f 12079/3/6 12080/3/6 12104/3/6
f 12078/3/6 12079/3/6 12104/3/6
f 12080/4/6 12081/4/6 12105/4/6
f 12104/3/6 12080/3/6 12105/3/6
f 12081/4/6 12082/4/6 12105/4/6
f 12105/4/6 12082/4/6 12106/4/6
f 12106/4/6 12082/4/6 12107/4/6
f 12085/4/6 12086/4/6 12108/4/6
f 12086/4/6 12087/4/6 12108/4/6
f 12108/4/6 12087/4/6 12109/4/6
f 12088/3/6 12089/3/6 12110/3/6
f 12109/4/6 12087/4/6 12110/4/6
f 12089/3/6 12090/3/6 12110/3/6
f 12091/3/6 12092/3/6 12110/3/6
f 12090/3/6 12091/3/6 12110/3/6
f 12087/3/6 12088/3/6 12110/3/6
f 12093/4/6 12094/4/6 12111/4/6
f 12110/3/6 12092/3/6 12111/3/6
f 12092/4/6 12093/4/6 12111/4/6
f 12111/4/6 12094/4/6 12112/4/6
f 12112/4/6 12094/4/6 12113/4/6
f 12098/4/6 12099/4/6 12114/4/6
f 12097/4/6 12098/4/6 12114/4/6
f 12099/4/6 12100/4/6 12114/4/6
f 12114/4/6 12100/4/6 12115/4/6
f 12115/4/6 12100/4/6 12116/4/6
f 12116/4/6 12100/4/6 12117/4/6
f 12105/4/6 12106/4/6 12118/4/6
f 12104/4/6 12105/4/6 12118/4/6
f 12103/4/6 12104/4/6 12118/4/6
f 12118/4/6 12106/4/6 12119/4/6
f 12119/4/6 12106/4/6 12120/4/6
f 12120/4/6 12106/4/6 12121/4/6
f 12111/4/6 12112/4/6 12122/4/6
f 12110/4/6 12111/4/6 12122/4/6
f 12109/4/6 12110/4/6 12122/4/6
f 12122/4/6 12112/4/6 12123/4/6
f 12123/4/6 12112/4/6 12124/4/6
f 12124/4/6 12112/4/6 12125/4/6
f 12115/4/6 12116/4/6 12126/4/6
f 12126/4/6 12116/4/6 12127/4/6
f 12127/4/6 12116/4/6 12128/4/6
f 12128/4/6 12116/4/6 12129/4/6
f 12119/4/6 12120/4/6 12130/4/6
f 12130/4/6 12120/4/6 12131/4/6
f 12131/4/6 12120/4/6 12132/4/6
f 12132/4/6 12120/4/6 12133/4/6
f 12123/4/6 12124/4/6 12134/4/6
f 12134/4/6 12124/4/6 12135/4/6
f 12135/4/6 12124/4/6 12136/4/6
f 12136/4/6 12124/4/6 12137/4/6
f 12127/4/6 12128/4/6 12138/4/6
f 12138/4/6 12128/4/6 12139/4/6
f 12131/4/6 12132/4/6 12140/4/6
f 12140/4/6 12132/4/6 12141/4/6
f 12135/4/6 12136/4/6 12142/4/6
f 12142/4/6 12136/4/6 12143/4/6
f 12144/4/6 12145/4/6 12148/4/6
f 12148/4/6 12145/4/6 12149/4/6
f 12146/4/6 12147/4/6 12154/4/6
f 12154/4/6 12147/4/6 12155/4/6
f 12150/4/6 12151/4/6 12158/4/6
f 12152/4/6 12153/4/6 12159/4/6
f 12150/4/6 12158/4/6 12162/4/6
f 12162/4/6 12158/4/6 12163/4/6
f 12159/4/6 12153/4/6 12164/4/6
f 12164/4/6 12153/4/6 12165/4/6
f 12156/4/6 12157/4/6 12166/4/6
f 12166/4/6 12157/4/6 12167/4/6
f 12160/4/6 12161/4/6 12170/4/6
f 12170/4/6 12161/4/6 12171/4/6
f 12167/4/6 12168/4/6 12172/4/6
f 12172/4/6 12168/4/6 12173/4/6
f 12169/4/6 12170/4/6 12174/4/6
f 12174/4/6 12170/4/6 12175/4/6
f 12176/4/6 12177/4/6 12181/4/6
f 12181/4/6 12177/4/6 12182/4/6
f 12178/4/6 12179/4/6 12183/4/6
f 12183/4/6 12179/4/6 12184/4/6
f 12180/4/6 12181/4/6 12190/4/6
f 12190/4/6 12181/4/6 12191/4/6
f 12186/4/6 12187/4/6 12192/4/6
f 12188/4/6 12189/4/6 12193/4/6
f 12184/4/6 12185/4/6 12194/4/6
f 12194/4/6 12185/4/6 12195/4/6
f 12186/4/6 12192/4/6 12198/4/6
f 12198/4/6 12192/4/6 12199/4/6
f 12193/4/6 12189/4/6 12200/4/6
f 12200/4/6 12189/4/6 12201/4/6
f 12196/4/6 12197/4/6 12204/4/6
f 12204/4/6 12197/4/6 12205/4/6
f 12202/4/6 12203/4/6 12206/4/6
f 12206/4/6 12203/4/6 12207/4/6
f 12208/4/6 12209/4/6 12212/4/6
f 12212/4/6 12209/4/6 12213/4/6
f 12210/4/6 12211/4/6 12214/4/6
f 12214/4/6 12211/4/6 12215/4/6
f 12213/4/6 12209/4/6 12216/4/6
f 12210/4/6 12214/4/6 12217/4/6
f 12213/4/6 12216/4/6 12218/4/6
f 12218/4/6 12216/4/6 12219/4/6
f 12217/4/6 12214/4/6 12220/4/6
f 12220/4/6 12214/4/6 12221/4/6
f 12213/4/6 12218/4/6 12222/4/6
f 12222/4/6 12218/4/6 12223/4/6
f 12221/4/6 12214/4/6 12224/4/6
f 12224/4/6 12214/4/6 12225/4/6
f 12213/4/6 12222/4/6 12226/4/6
f 12226/4/6 12222/4/6 12227/4/6
f 12225/4/6 12214/4/6 12228/4/6
f 12228/4/6 12214/4/6 12229/4/6
f 12230/4/6 12231/4/6 12234/4/6
f 12232/4/6 12233/4/6 12237/4/6
f 12234/4/6 12235/4/6 12238/4/6
f 12236/4/6 12237/4/6 12241/4/6
f 12238/4/6 12239/4/6 12242/4/6
f 12240/4/6 12241/4/6 12243/4/6
f 12238/4/6 12242/4/6 12245/4/6
f 12230/4/6 12234/4/6 12245/4/6
f 12234/4/6 12238/4/6 12245/4/6
f 12243/4/6 12241/4/6 12246/4/6
f 12237/4/6 12233/4/6 12246/4/6
f 12241/4/6 12237/4/6 12246/4/6
f 12244/4/6 12245/4/6 12248/4/6
f 12245/4/6 12242/4/6 12249/4/6
f 12248/4/6 12245/4/6 12249/4/6
f 12243/4/6 12246/4/6 12250/4/6
f 12246/4/6 12247/4/6 12250/4/6
f 12250/4/6 12247/4/6 12251/4/6
f 12252/4/6 12253/4/6 12257/4/6
f 12257/4/6 12253/4/6 12258/4/6
f 12254/4/6 12255/4/6 12261/4/6
f 12261/4/6 12255/4/6 12262/4/6
f 12258/4/6 12259/4/6 12265/4/6
f 12256/4/6 12257/4/6 12265/4/6
f 12257/4/6 12258/4/6 12265/4/6
f 12265/4/6 12259/4/6 12266/4/6
f 12262/4/6 12263/4/6 12269/4/6
f 12261/4/6 12262/4/6 12269/4/6
f 12260/4/6 12261/4/6 12269/4/6
f 12269/4/6 12263/4/6 12270/4/6
f 12266/4/6 12267/4/6 12273/4/6
f 12265/4/6 12266/4/6 12273/4/6
f 12264/4/6 12265/4/6 12273/4/6
f 12273/4/6 12267/4/6 12274/4/6
f 12274/4/6 12267/4/6 12275/4/6
f 12275/4/6 12267/4/6 12276/4/6
f 12270/4/6 12271/4/6 12279/4/6
f 12269/4/6 12270/4/6 12279/4/6
f 12268/4/6 12269/4/6 12279/4/6
f 12279/4/6 12271/4/6 12280/4/6
f 12280/4/6 12271/4/6 12281/4/6
f 12281/4/6 12271/4/6 12282/4/6
f 12272/4/6 12273/4/6 12285/4/6
f 12273/4/6 12274/4/6 12285/4/6
f 12285/4/6 12274/4/6 12286/4/6
f 12274/3/6 12275/3/6 12287/3/6
f 12286/4/6 12274/4/6 12287/4/6
f 12287/3/6 12275/3/6 12288/3/6
f 12288/3/6 12275/3/6 12289/3/6
f 12289/3/6 12275/3/6 12290/3/6
f 12290/3/6 12275/3/6 12291/3/6
f 12276/4/6 12277/4/6 12292/4/6
f 12291/3/6 12275/3/6 12292/3/6
f 12275/4/6 12276/4/6 12292/4/6
f 12292/4/6 12277/4/6 12293/4/6
f 12293/4/6 12277/4/6 12294/4/6
f 12278/4/6 12279/4/6 12297/4/6
f 12279/4/6 12280/4/6 12297/4/6
f 12297/4/6 12280/4/6 12298/4/6
f 12280/3/6 12281/3/6 12299/3/6
f 12298/4/6 12280/4/6 12299/4/6
f 12299/3/6 12281/3/6 12300/3/6
f 12300/3/6 12281/3/6 12301/3/6
f 12301/3/6 12281/3/6 12302/3/6
f 12302/3/6 12281/3/6 12303/3/6
f 12282/4/6 12283/4/6 12304/4/6
f 12303/3/6 12281/3/6 12304/3/6
f 12281/4/6 12282/4/6 12304/4/6
f 12304/4/6 12283/4/6 12305/4/6
f 12305/4/6 12283/4/6 12306/4/6
f 12285/4/6 12286/4/6 12309/4/6
f 12284/4/6 12285/4/6 12309/4/6
f 12309/4/6 12286/4/6 12310/4/6
f 12286/3/6 12287/3/6 12311/3/6
f 12310/4/6 12286/4/6 12311/4/6
f 12287/3/6 12288/3/6 12311/3/6
f 12311/3/6 12288/3/6 12312/3/6
f 12288/1/6 12289/1/6 12313/1/6
f 12312/3/6 12288/3/6 12313/3/6
f 12290/1/6 12291/1/6 12314/1/6
f 12291/3/6 12292/3/6 12314/3/6
f 12292/3/6 12293/3/6 12314/3/6
f 12314/3/6 12293/3/6 12315/3/6
f 12294/4/6 12295/4/6 12316/4/6
f 12315/3/6 12293/3/6 12316/3/6
f 12293/4/6 12294/4/6 12316/4/6
f 12316/4/6 12295/4/6 12317/4/6
f 12317/4/6 12295/4/6 12318/4/6
f 12297/4/6 12298/4/6 12321/4/6
f 12296/4/6 12297/4/6 12321/4/6
f 12321/4/6 12298/4/6 12322/4/6
f 12298/3/6 12299/3/6 12323/3/6
f 12322/4/6 12298/4/6 12323/4/6
f 12299/3/6 12300/3/6 12323/3/6
f 12323/3/6 12300/3/6 12324/3/6
f 12300/1/6 12301/1/6 12325/1/6
f 12324/3/6 12300/3/6 12325/3/6
f 12302/1/6 12303/1/6 12326/1/6
f 12303/3/6 12304/3/6 12326/3/6
f 12304/3/6 12305/3/6 12326/3/6
f 12326/3/6 12305/3/6 12327/3/6
f 12306/4/6 12307/4/6 12328/4/6
f 12327/3/6 12305/3/6 12328/3/6
f 12305/4/6 12306/4/6 12328/4/6
f 12328/4/6 12307/4/6 12329/4/6
f 12329/4/6 12307/4/6 12330/4/6
f 12309/4/6 12310/4/6 12333/4/6
f 12308/4/6 12309/4/6 12333/4/6
f 12333/4/6 12310/4/6 12334/4/6
f 12311/3/6 12312/3/6 12335/3/6
f 12334/4/6 12310/4/6 12335/4/6
f 12310/3/6 12311/3/6 12335/3/6
f 12335/3/6 12312/3/6 12336/3/6
f 12312/1/6 12313/1/6 12337/1/6
f 12336/3/6 12312/3/6 12337/3/6
f 12314/1/6 12315/1/6 12338/1/6
f 12315/3/6 12316/3/6 12338/3/6
f 12316/3/6 12317/3/6 12338/3/6
f 12338/3/6 12317/3/6 12339/3/6
f 12318/4/6 12319/4/6 12340/4/6
f 12339/3/6 12317/3/6 12340/3/6
f 12317/4/6 12318/4/6 12340/4/6
f 12340/4/6 12319/4/6 12341/4/6
f 12341/4/6 12319/4/6 12342/4/6
f 12321/4/6 12322/4/6 12345/4/6
f 12320/4/6 12321/4/6 12345/4/6
f 12345/4/6 12322/4/6 12346/4/6
f 12323/3/6 12324/3/6 12347/3/6
f 12346/4/6 12322/4/6 12347/4/6
f 12322/3/6 12323/3/6 12347/3/6
f 12347/3/6 12324/3/6 12348/3/6
f 12324/1/6 12325/1/6 12349/1/6
f 12348/3/6 12324/3/6 12349/3/6
f 12326/1/6 12327/1/6 12350/1/6
f 12327/3/6 12328/3/6 12350/3/6
f 12328/3/6 12329/3/6 12350/3/6
f 12350/3/6 12329/3/6 12351/3/6
f 12330/4/6 12331/4/6 12352/4/6
f 12351/3/6 12329/3/6 12352/3/6
f 12329/4/6 12330/4/6 12352/4/6
f 12352/4/6 12331/4/6 12353/4/6
f 12353/4/6 12331/4/6 12354/4/6
f 12333/4/6 12334/4/6 12357/4/6
f 12332/4/6 12333/4/6 12357/4/6
f 12357/4/6 12334/4/6 12358/4/6
f 12335/3/6 12336/3/6 12359/3/6
f 12358/4/6 12334/4/6 12359/4/6
f 12334/3/6 12335/3/6 12359/3/6
f 12359/3/6 12336/3/6 12360/3/6
f 12336/1/6 12337/1/6 12361/1/6
f 12360/3/6 12336/3/6 12361/3/6
f 12338/1/6 12339/1/6 12362/1/6
f 12339/3/6 12340/3/6 12362/3/6
f 12340/3/6 12341/3/6 12362/3/6
f 12362/3/6 12341/3/6 12363/3/6
f 12342/4/6 12343/4/6 12364/4/6
f 12363/3/6 12341/3/6 12364/3/6
f 12341/4/6 12342/4/6 12364/4/6
f 12364/4/6 12343/4/6 12365/4/6
f 12365/4/6 12343/4/6 12366/4/6
f 12345/4/6 12346/4/6 12369/4/6
f 12344/4/6 12345/4/6 12369/4/6
f 12369/4/6 12346/4/6 12370/4/6
f 12347/3/6 12348/3/6 12371/3/6
f 12370/4/6 12346/4/6 12371/4/6
f 12346/3/6 12347/3/6 12371/3/6
f 12371/3/6 12348/3/6 12372/3/6
f 12348/1/6 12349/1/6 12373/1/6
f 12372/3/6 12348/3/6 12373/3/6
f 12350/1/6 12351/1/6 12374/1/6
f 12351/3/6 12352/3/6 12374/3/6
f 12352/3/6 12353/3/6 12374/3/6
f 12374/3/6 12353/3/6 12375/3/6
f 12354/4/6 12355/4/6 12376/4/6
f 12375/3/6 12353/3/6 12376/3/6
f 12353/4/6 12354/4/6 12376/4/6
f 12376/4/6 12355/4/6 12377/4/6
f 12377/4/6 12355/4/6 12378/4/6
f 12357/4/6 12358/4/6 12380/4/6
f 12356/4/6 12357/4/6 12380/4/6
f 12359/3/6 12360/3/6 12381/3/6
f 12380/4/6 12358/4/6 12381/4/6
f 12358/3/6 12359/3/6 12381/3/6
f 12381/3/6 12360/3/6 12382/3/6
f 12360/1/6 12361/1/6 12383/1/6
f 12382/3/6 12360/3/6 12383/3/6
f 12362/1/6 12363/1/6 12384/1/6
f 12363/3/6 12364/3/6 12385/3/6
f 12384/1/6 12363/1/6 12385/1/6
f 12364/3/6 12365/3/6 12385/3/6
f 12385/3/6 12365/3/6 12386/3/6
f 12366/4/6 12367/4/6 12387/4/6
f 12386/3/6 12365/3/6 12387/3/6
f 12365/4/6 12366/4/6 12387/4/6
f 12387/4/6 12367/4/6 12388/4/6
f 12369/4/6 12370/4/6 12389/4/6
f 12368/4/6 12369/4/6 12389/4/6
f 12371/3/6 12372/3/6 12390/3/6
f 12389/4/6 12370/4/6 12390/4/6
f 12370/3/6 12371/3/6 12390/3/6
f 12390/3/6 12372/3/6 12391/3/6
f 12372/1/6 12373/1/6 12392/1/6
f 12391/3/6 12372/3/6 12392/3/6
f 12392/1/6 12373/1/6 12393/1/6
f 12374/1/6 12375/1/6 12394/1/6
f 12376/3/6 12377/3/6 12394/3/6
f 12375/3/6 12376/3/6 12394/3/6
f 12394/3/6 12377/3/6 12395/3/6
f 12378/4/6 12379/4/6 12396/4/6
f 12395/3/6 12377/3/6 12396/3/6
f 12377/4/6 12378/4/6 12396/4/6
f 12396/4/6 12379/4/6 12397/4/6
f 12356/4/6 12380/4/6 12399/4/6
f 12399/4/6 12380/4/6 12400/4/6
f 12381/3/6 12382/3/6 12401/3/6
f 12400/4/6 12380/4/6 12401/4/6
f 12380/3/6 12381/3/6 12401/3/6
f 12401/3/6 12382/3/6 12402/3/6
f 12382/1/6 12383/1/6 12403/1/6
f 12402/3/6 12382/3/6 12403/3/6
f 12313/1/6 12289/1/6 12404/1/6
f 12403/1/6 12383/1/6 12404/1/6
f 12337/1/6 12313/1/6 12404/1/6
f 12361/1/6 12337/1/6 12404/1/6
f 12383/1/6 12361/1/6 12404/1/6
f 12289/3/6 12290/3/6 12405/3/6
f 12404/1/6 12289/1/6 12405/1/6
f 12290/1/6 12314/1/6 12406/1/6
f 12405/3/6 12290/3/6 12406/3/6
f 12314/1/6 12338/1/6 12406/1/6
f 12338/1/6 12362/1/6 12406/1/6
f 12362/1/6 12384/1/6 12406/1/6
f 12406/1/6 12384/1/6 12407/1/6
f 12384/3/6 12385/3/6 12408/3/6
f 12407/1/6 12384/1/6 12408/1/6
f 12385/1/6 12386/1/6 12409/1/6
f 12408/3/6 12385/3/6 12409/3/6
f 12387/3/6 12388/3/6 12410/3/6
f 12409/1/6 12386/1/6 12410/1/6
f 12386/3/6 12387/3/6 12410/3/6
f 12410/3/6 12388/3/6 12411/3/6
f 12388/4/6 12367/4/6 12412/4/6
f 12411/3/6 12388/3/6 12412/3/6
f 12412/4/6 12367/4/6 12413/4/6
f 12413/4/6 12367/4/6 12414/4/6
f 12368/4/6 12389/4/6 12417/4/6
f 12417/4/6 12389/4/6 12418/4/6
f 12389/3/6 12390/3/6 12419/3/6
f 12418/4/6 12389/4/6 12419/4/6
f 12390/3/6 12391/3/6 12419/3/6
f 12419/3/6 12391/3/6 12420/3/6
f 12391/1/6 12392/1/6 12421/1/6
f 12420/3/6 12391/3/6 12421/3/6
f 12392/3/6 12393/3/6 12422/3/6
f 12421/1/6 12392/1/6 12422/1/6
f 12393/1/6 12373/1/6 12423/1/6
f 12422/3/6 12393/3/6 12423/3/6
f 12373/1/6 12349/1/6 12424/1/6
f 12423/1/6 12373/1/6 12424/1/6
f 12349/1/6 12325/1/6 12425/1/6
f 12424/1/6 12349/1/6 12425/1/6
f 12325/1/6 12301/1/6 12425/1/6
f 12301/3/6 12302/3/6 12425/3/6
f 12302/1/6 12326/1/6 12426/1/6
f 12425/3/6 12302/3/6 12426/3/6
f 12326/1/6 12350/1/6 12426/1/6
f 12394/1/6 12395/1/6 12426/1/6
f 12350/1/6 12374/1/6 12426/1/6
f 12374/1/6 12394/1/6 12426/1/6
f 12426/1/6 12395/1/6 12427/1/6
f 12395/3/6 12396/3/6 12428/3/6
f 12427/1/6 12395/1/6 12428/1/6
f 12396/3/6 12397/3/6 12428/3/6
f 12428/3/6 12397/3/6 12429/3/6
f 12397/4/6 12379/4/6 12430/4/6
f 12429/3/6 12397/3/6 12430/3/6
f 12430/4/6 12379/4/6 12431/4/6
f 12431/4/6 12379/4/6 12432/4/6
f 12399/4/6 12400/4/6 12435/4/6
f 12398/4/6 12399/4/6 12435/4/6
f 12400/3/6 12401/3/6 12436/3/6
f 12401/3/6 12402/3/6 12436/3/6
f 12402/1/6 12403/1/6 12437/1/6
f 12436/3/6 12402/3/6 12437/3/6
f 12403/1/6 12404/1/6 12437/1/6
f 12412/3/6 12413/3/6 12438/3/6
f 12411/3/6 12412/3/6 12438/3/6
f 12410/1/6 12411/1/6 12438/1/6
f 12409/1/6 12410/1/6 12438/1/6
f 12408/1/6 12409/1/6 12438/1/6
f 12438/3/6 12413/3/6 12439/3/6
f 12413/4/6 12414/4/6 12440/4/6
f 12414/4/6 12415/4/6 12440/4/6
f 12417/4/6 12418/4/6 12443/4/6
f 12416/4/6 12417/4/6 12443/4/6
f 12418/3/6 12419/3/6 12444/3/6
f 12419/3/6 12420/3/6 12444/3/6
f 12422/1/6 12423/1/6 12445/1/6
f 12444/3/6 12420/3/6 12445/3/6
f 12421/1/6 12422/1/6 12445/1/6
f 12420/1/6 12421/1/6 12445/1/6
f 12430/3/6 12431/3/6 12446/3/6
f 12428/1/6 12429/1/6 12446/1/6
f 12429/3/6 12430/3/6 12446/3/6
f 12427/1/6 12428/1/6 12446/1/6
f 12446/3/6 12431/3/6 12447/3/6
f 12432/4/6 12433/4/6 12448/4/6
f 12431/4/6 12432/4/6 12448/4/6
f 12434/4/6 12435/4/6 12450/4/6
f 12435/4/6 12400/4/6 12450/4/6
f 12400/3/6 12436/3/6 12451/3/6
f 12450/4/6 12400/4/6 12451/4/6
f 12406/1/6 12407/1/6 12452/1/6
f 12405/1/6 12406/1/6 12452/1/6
f 12407/3/6 12408/3/6 12453/3/6
f 12452/1/6 12407/1/6 12453/1/6
f 12438/1/6 12439/1/6 12454/1/6
f 12453/3/6 12408/3/6 12454/3/6
f 12408/1/6 12438/1/6 12454/1/6
f 12439/3/6 12413/3/6 12455/3/6
f 12440/4/6 12441/4/6 12455/4/6
f 12413/4/6 12440/4/6 12455/4/6
f 12455/4/6 12441/4/6 12456/4/6
f 12442/4/6 12443/4/6 12457/4/6
f 12443/4/6 12418/4/6 12457/4/6
f 12418/3/6 12444/3/6 12458/3/6
f 12457/4/6 12418/4/6 12458/4/6
f 12423/3/6 12424/3/6 12459/3/6
f 12445/1/6 12423/1/6 12459/1/6
f 12444/1/6 12445/1/6 12459/1/6
f 12424/1/6 12425/1/6 12460/1/6
f 12459/3/6 12424/3/6 12460/3/6
f 12425/1/6 12426/1/6 12460/1/6
f 12460/1/6 12426/1/6 12461/1/6
f 12448/4/6 12449/4/6 12462/4/6
f 12447/3/6 12431/3/6 12462/3/6
f 12431/4/6 12448/4/6 12462/4/6
f 12462/4/6 12449/4/6 12463/4/6
f 12434/4/6 12450/4/6 12465/4/6
f 12405/1/6 12452/1/6 12466/1/6
f 12452/3/6 12453/3/6 12467/3/6
f 12466/1/6 12452/1/6 12467/1/6
f 12453/1/6 12454/1/6 12468/1/6
f 12467/3/6 12453/3/6 12468/3/6
f 12454/1/6 12439/1/6 12469/1/6
f 12468/1/6 12454/1/6 12469/1/6
f 12439/3/6 12455/3/6 12469/3/6
f 12455/3/6 12456/3/6 12469/3/6
f 12469/3/6 12456/3/6 12470/3/6
f 12456/4/6 12441/4/6 12471/4/6
f 12442/4/6 12457/4/6 12474/4/6
f 12458/3/6 12444/3/6 12475/3/6
f 12457/3/6 12458/3/6 12475/3/6
f 12444/1/6 12459/1/6 12476/1/6
f 12475/3/6 12444/3/6 12476/3/6
f 12459/1/6 12460/1/6 12476/1/6
f 12460/3/6 12461/3/6 12477/3/6
f 12476/1/6 12460/1/6 12477/1/6
f 12461/1/6 12426/1/6 12478/1/6
f 12477/3/6 12461/3/6 12478/3/6
f 12478/1/6 12426/1/6 12479/1/6
f 12463/4/6 12449/4/6 12480/4/6
f 12464/4/6 12465/4/6 12482/4/6
f 12465/4/6 12450/4/6 12482/4/6
f 12450/3/6 12451/3/6 12483/3/6
f 12482/4/6 12450/4/6 12483/4/6
f 12436/1/6 12437/1/6 12484/1/6
f 12483/3/6 12451/3/6 12484/3/6
f 12451/3/6 12436/3/6 12484/3/6
f 12437/1/6 12404/1/6 12485/1/6
f 12484/1/6 12437/1/6 12485/1/6
f 12405/1/6 12466/1/6 12486/1/6
f 12466/3/6 12467/3/6 12487/3/6
f 12486/1/6 12466/1/6 12487/1/6
f 12467/1/6 12468/1/6 12488/1/6
f 12487/3/6 12467/3/6 12488/3/6
f 12468/1/6 12469/1/6 12488/1/6
f 12469/1/6 12470/1/6 12488/1/6
f 12470/3/6 12456/3/6 12489/3/6
f 12471/4/6 12472/4/6 12489/4/6
f 12456/4/6 12471/4/6 12489/4/6
f 12489/4/6 12472/4/6 12490/4/6
f 12473/4/6 12474/4/6 12491/4/6
f 12474/4/6 12457/4/6 12491/4/6
f 12457/3/6 12475/3/6 12492/3/6
f 12491/4/6 12457/4/6 12492/4/6
f 12476/1/6 12477/1/6 12493/1/6
f 12478/3/6 12479/3/6 12493/3/6
f 12475/1/6 12476/1/6 12493/1/6
f 12477/1/6 12478/1/6 12493/1/6
f 12479/1/6 12426/1/6 12494/1/6
f 12493/3/6 12479/3/6 12494/3/6
f 12494/1/6 12426/1/6 12495/1/6
f 12446/1/6 12447/1/6 12496/1/6
f 12427/1/6 12446/1/6 12496/1/6
f 12447/3/6 12462/3/6 12497/3/6
f 12496/1/6 12447/1/6 12497/1/6
f 12462/3/6 12463/3/6 12497/3/6
f 12480/4/6 12481/4/6 12498/4/6
f 12497/3/6 12463/3/6 12498/3/6
f 12463/4/6 12480/4/6 12498/4/6
f 12498/4/6 12481/4/6 12499/4/6
f 12483/1/6 12484/1/6 12500/1/6
f 12484/3/6 12485/3/6 12500/3/6
f 12485/1/6 12404/1/6 12501/1/6
f 12500/3/6 12485/3/6 12501/3/6
f 12501/1/6 12404/1/6 12502/1/6
f 12404/3/6 12405/3/6 12503/3/6
f 12502/1/6 12404/1/6 12503/1/6
f 12405/1/6 12486/1/6 12504/1/6
f 12503/3/6 12405/3/6 12504/3/6
f 12486/3/6 12487/3/6 12505/3/6
f 12504/1/6 12486/1/6 12505/1/6
f 12487/1/6 12488/1/6 12506/1/6
f 12505/3/6 12487/3/6 12506/3/6
f 12488/1/6 12470/1/6 12507/1/6
f 12506/1/6 12488/1/6 12507/1/6
f 12489/3/6 12490/3/6 12507/3/6
f 12470/3/6 12489/3/6 12507/3/6
f 12507/3/6 12490/3/6 12508/3/6
f 12492/3/6 12475/3/6 12509/3/6
f 12491/3/6 12492/3/6 12509/3/6
f 12475/1/6 12493/1/6 12510/1/6
f 12509/3/6 12475/3/6 12510/3/6
f 12493/1/6 12494/1/6 12510/1/6
f 12494/3/6 12495/3/6 12511/3/6
f 12510/1/6 12494/1/6 12511/1/6
f 12495/1/6 12426/1/6 12512/1/6
f 12511/3/6 12495/3/6 12512/3/6
f 12426/3/6 12427/3/6 12513/3/6
f 12512/1/6 12426/1/6 12513/1/6
f 12427/1/6 12496/1/6 12514/1/6
f 12513/3/6 12427/3/6 12514/3/6
f 12514/1/6 12496/1/6 12515/1/6
f 12496/3/6 12497/3/6 12516/3/6
f 12515/1/6 12496/1/6 12516/1/6
f 12497/1/6 12498/1/6 12517/1/6
f 12516/3/6 12497/3/6 12517/3/6
f 12464/4/6 12482/4/6 12518/4/6
f 12482/3/6 12483/3/6 12519/3/6
f 12518/4/6 12482/4/6 12519/4/6
f 12501/3/6 12502/3/6 12520/3/6
f 12500/1/6 12501/1/6 12520/1/6
f 12505/1/6 12506/1/6 12521/1/6
f 12520/3/6 12502/3/6 12521/3/6
f 12504/1/6 12505/1/6 12521/1/6
f 12503/1/6 12504/1/6 12521/1/6
f 12502/1/6 12503/1/6 12521/1/6
f 12506/1/6 12507/1/6 12521/1/6
f 12507/1/6 12508/1/6 12521/1/6
f 12521/1/6 12508/1/6 12522/1/6
f 12490/4/6 12472/4/6 12523/4/6
f 12508/3/6 12490/3/6 12523/3/6
f 12523/4/6 12472/4/6 12524/4/6
f 12473/4/6 12491/4/6 12525/4/6
f 12491/3/6 12509/3/6 12526/3/6
f 12525/4/6 12491/4/6 12526/4/6
f 12513/1/6 12514/1/6 12527/1/6
f 12511/1/6 12512/1/6 12527/1/6
f 12510/1/6 12511/1/6 12527/1/6
f 12512/1/6 12513/1/6 12527/1/6
f 12514/1/6 12515/1/6 12527/1/6
f 12509/1/6 12510/1/6 12527/1/6
f 12515/3/6 12516/3/6 12528/3/6
f 12527/1/6 12515/1/6 12528/1/6
f 12516/1/6 12517/1/6 12529/1/6
f 12528/3/6 12516/3/6 12529/3/6
f 12499/4/6 12481/4/6 12530/4/6
f 12498/3/6 12499/3/6 12530/3/6
f 12530/4/6 12481/4/6 12531/4/6
f 12464/4/6 12518/4/6 12533/4/6
f 12519/3/6 12483/3/6 12534/3/6
f 12518/3/6 12519/3/6 12534/3/6
f 12500/1/6 12520/1/6 12535/1/6
f 12534/3/6 12483/3/6 12535/3/6
f 12520/1/6 12521/1/6 12535/1/6
f 12483/1/6 12500/1/6 12535/1/6
f 12521/3/6 12522/3/6 12536/3/6
f 12535/1/6 12521/1/6 12536/1/6
f 12522/1/6 12508/1/6 12537/1/6
f 12536/3/6 12522/3/6 12537/3/6
f 12537/1/6 12508/1/6 12538/1/6
f 12524/4/6 12472/4/6 12539/4/6
f 12473/4/6 12525/4/6 12540/4/6
f 12509/1/6 12527/1/6 12541/1/6
f 12527/3/6 12528/3/6 12542/3/6
f 12541/1/6 12527/1/6 12542/1/6
f 12528/1/6 12529/1/6 12543/1/6
f 12542/3/6 12528/3/6 12543/3/6
f 12529/1/6 12517/1/6 12544/1/6
f 12543/1/6 12529/1/6 12544/1/6
f 12530/3/6 12531/3/6 12544/3/6
f 12517/1/6 12498/1/6 12544/1/6
f 12498/3/6 12530/3/6 12544/3/6
f 12544/3/6 12531/3/6 12545/3/6
f 12531/4/6 12481/4/6 12546/4/6
f 12535/1/6 12536/1/6 12548/1/6
f 12534/1/6 12535/1/6 12548/1/6
f 12537/3/6 12538/3/6 12548/3/6
f 12536/1/6 12537/1/6 12548/1/6
f 12538/1/6 12508/1/6 12549/1/6
f 12548/3/6 12538/3/6 12549/3/6
f 12549/1/6 12508/1/6 12550/1/6
f 12550/1/6 12508/1/6 12551/1/6
f 12551/1/6 12508/1/6 12552/1/6
f 12523/3/6 12524/3/6 12553/3/6
f 12552/1/6 12508/1/6 12553/1/6
f 12508/3/6 12523/3/6 12553/3/6
f 12553/3/6 12524/3/6 12554/3/6
f 12526/3/6 12509/3/6 12555/3/6
f 12525/3/6 12526/3/6 12555/3/6
f 12509/1/6 12541/1/6 12556/1/6
f 12555/3/6 12509/3/6 12556/3/6
f 12556/1/6 12541/1/6 12557/1/6
f 12557/1/6 12541/1/6 12558/1/6
f 12558/1/6 12541/1/6 12559/1/6
f 12541/3/6 12542/3/6 12560/3/6
f 12559/1/6 12541/1/6 12560/1/6
f 12542/1/6 12543/1/6 12561/1/6
f 12560/3/6 12542/3/6 12561/3/6
f 12544/1/6 12545/1/6 12561/1/6
f 12543/1/6 12544/1/6 12561/1/6
f 12548/1/6 12549/1/6 12562/1/6
f 12549/3/6 12550/3/6 12562/3/6
f 12550/1/6 12551/1/6 12563/1/6
f 12562/3/6 12550/3/6 12563/3/6
f 12551/3/6 12552/3/6 12564/3/6
f 12563/1/6 12551/1/6 12564/1/6
f 12553/1/6 12554/1/6 12565/1/6
f 12564/3/6 12552/3/6 12565/3/6
f 12552/1/6 12553/1/6 12565/1/6
f 12565/1/6 12554/1/6 12566/1/6
f 12556/1/6 12557/1/6 12567/1/6
f 12555/1/6 12556/1/6 12567/1/6
f 12557/3/6 12558/3/6 12568/3/6
f 12567/1/6 12557/1/6 12568/1/6
f 12558/1/6 12559/1/6 12569/1/6
f 12568/3/6 12558/3/6 12569/3/6
f 12559/3/6 12560/3/6 12570/3/6
f 12569/1/6 12559/1/6 12570/1/6
f 12560/1/6 12561/1/6 12571/1/6
f 12570/3/6 12560/3/6 12571/3/6
f 12563/1/6 12564/1/6 12572/1/6
f 12562/1/6 12563/1/6 12572/1/6
f 12565/3/6 12566/3/6 12572/3/6
f 12564/1/6 12565/1/6 12572/1/6
f 12566/1/6 12554/1/6 12573/1/6
f 12572/3/6 12566/3/6 12573/3/6
f 12573/1/6 12554/1/6 12574/1/6
f 12555/1/6 12567/1/6 12575/1/6
f 12567/3/6 12568/3/6 12576/3/6
f 12575/1/6 12567/1/6 12576/1/6
f 12568/1/6 12569/1/6 12577/1/6
f 12576/3/6 12568/3/6 12577/3/6
f 12570/1/6 12571/1/6 12577/1/6
f 12569/1/6 12570/1/6 12577/1/6
f 12573/3/6 12574/3/6 12578/3/6
f 12572/1/6 12573/1/6 12578/1/6
f 12574/1/6 12554/1/6 12579/1/6
f 12578/3/6 12574/3/6 12579/3/6
f 12579/1/6 12554/1/6 12580/1/6
f 12555/1/6 12575/1/6 12581/1/6
f 12575/3/6 12576/3/6 12582/3/6
f 12581/1/6 12575/1/6 12582/1/6
f 12576/1/6 12577/1/6 12583/1/6
f 12582/3/6 12576/3/6 12583/3/6
f 12572/1/6 12578/1/6 12584/1/6
f 12562/1/6 12572/1/6 12584/1/6
f 12578/1/6 12579/1/6 12584/1/6
f 12584/1/6 12579/1/6 12585/1/6
f 12579/3/6 12580/3/6 12586/3/6
f 12585/1/6 12579/1/6 12586/1/6
f 12580/1/6 12554/1/6 12587/1/6
f 12586/3/6 12580/3/6 12587/3/6
f 12587/1/6 12554/1/6 12588/1/6
f 12555/1/6 12581/1/6 12589/1/6
f 12581/3/6 12582/3/6 12590/3/6
f 12589/1/6 12581/1/6 12590/1/6
f 12582/1/6 12583/1/6 12591/1/6
f 12590/3/6 12582/3/6 12591/3/6
f 12577/1/6 12571/1/6 12592/1/6
f 12591/1/6 12583/1/6 12592/1/6
f 12583/1/6 12577/1/6 12592/1/6
f 12592/1/6 12571/1/6 12593/1/6
f 12548/1/6 12562/1/6 12594/1/6
f 12562/1/6 12584/1/6 12594/1/6
f 12594/1/6 12584/1/6 12595/1/6
f 12584/3/6 12585/3/6 12596/3/6
f 12595/1/6 12584/1/6 12596/1/6
f 12585/1/6 12586/1/6 12597/1/6
f 12596/3/6 12585/3/6 12597/3/6
f 12586/1/6 12587/1/6 12597/1/6
f 12597/1/6 12587/1/6 12598/1/6
f 12587/3/6 12588/3/6 12599/3/6
f 12598/1/6 12587/1/6 12599/1/6
f 12588/1/6 12554/1/6 12600/1/6
f 12599/3/6 12588/3/6 12600/3/6
f 12600/1/6 12554/1/6 12601/1/6
f 12555/1/6 12589/1/6 12602/1/6
f 12589/3/6 12590/3/6 12603/3/6
f 12602/1/6 12589/1/6 12603/1/6
f 12590/1/6 12591/1/6 12604/1/6
f 12603/3/6 12590/3/6 12604/3/6
f 12591/1/6 12592/1/6 12604/1/6
f 12604/1/6 12592/1/6 12605/1/6
f 12592/3/6 12593/3/6 12606/3/6
f 12605/1/6 12592/1/6 12606/1/6
f 12593/1/6 12571/1/6 12607/1/6
f 12606/3/6 12593/3/6 12607/3/6
f 12571/1/6 12561/1/6 12608/1/6
f 12607/1/6 12571/1/6 12608/1/6
f 12608/1/6 12561/1/6 12609/1/6
f 12534/1/6 12548/1/6 12610/1/6
f 12548/1/6 12594/1/6 12610/1/6
f 12594/3/6 12595/3/6 12611/3/6
f 12610/1/6 12594/1/6 12611/1/6
f 12595/1/6 12596/1/6 12612/1/6
f 12611/3/6 12595/3/6 12612/3/6
f 12596/1/6 12597/1/6 12612/1/6
f 12598/1/6 12599/1/6 12613/1/6
f 12600/3/6 12601/3/6 12613/3/6
f 12599/1/6 12600/1/6 12613/1/6
f 12601/1/6 12554/1/6 12614/1/6
f 12613/3/6 12601/3/6 12614/3/6
f 12554/3/6 12524/3/6 12615/3/6
f 12614/1/6 12554/1/6 12615/1/6
f 12525/3/6 12555/3/6 12616/3/6
f 12555/1/6 12602/1/6 12616/1/6
f 12602/3/6 12603/3/6 12617/3/6
f 12616/1/6 12602/1/6 12617/1/6
f 12604/1/6 12605/1/6 12618/1/6
f 12617/3/6 12603/3/6 12618/3/6
f 12603/1/6 12604/1/6 12618/1/6
f 12606/1/6 12607/1/6 12619/1/6
f 12608/3/6 12609/3/6 12619/3/6
f 12607/1/6 12608/1/6 12619/1/6
f 12609/1/6 12561/1/6 12620/1/6
f 12619/3/6 12609/3/6 12620/3/6
f 12561/1/6 12545/1/6 12621/1/6
f 12620/1/6 12561/1/6 12621/1/6
f 12532/4/6 12533/4/6 12622/4/6
f 12533/4/6 12518/4/6 12623/4/6
f 12622/4/6 12533/4/6 12623/4/6
f 12612/1/6 12597/1/6 12624/1/6
f 12597/3/6 12598/3/6 12624/3/6
f 12611/1/6 12612/1/6 12624/1/6
f 12613/1/6 12614/1/6 12625/1/6
f 12624/3/6 12598/3/6 12625/3/6
f 12598/1/6 12613/1/6 12625/1/6
f 12625/1/6 12614/1/6 12626/1/6
f 12614/3/6 12615/3/6 12627/3/6
f 12626/1/6 12614/1/6 12627/1/6
f 12627/3/6 12615/3/6 12628/3/6
f 12524/4/6 12539/4/6 12629/4/6
f 12539/4/6 12540/4/6 12629/4/6
f 12540/4/6 12525/4/6 12630/4/6
f 12629/4/6 12540/4/6 12630/4/6
f 12616/3/6 12617/3/6 12631/3/6
f 12617/1/6 12618/1/6 12632/1/6
f 12631/3/6 12617/3/6 12632/3/6
f 12618/1/6 12605/1/6 12633/1/6
f 12632/1/6 12618/1/6 12633/1/6
f 12605/3/6 12606/3/6 12634/3/6
f 12633/1/6 12605/1/6 12634/1/6
f 12606/1/6 12619/1/6 12635/1/6
f 12634/3/6 12606/3/6 12635/3/6
f 12619/1/6 12620/1/6 12635/1/6
f 12546/4/6 12547/4/6 12636/4/6
f 12531/4/6 12546/4/6 12636/4/6
f 12636/4/6 12547/4/6 12637/4/6
f 12518/3/6 12534/3/6 12638/3/6
f 12623/4/6 12518/4/6 12638/4/6
f 12534/1/6 12610/1/6 12639/1/6
f 12638/3/6 12534/3/6 12639/3/6
f 12639/1/6 12610/1/6 12640/1/6
f 12640/1/6 12610/1/6 12641/1/6
f 12610/3/6 12611/3/6 12642/3/6
f 12641/1/6 12610/1/6 12642/1/6
f 12611/1/6 12624/1/6 12643/1/6
f 12642/3/6 12611/3/6 12643/3/6
f 12624/1/6 12625/1/6 12643/1/6
f 12628/3/6 12615/3/6 12644/3/6
f 12615/3/6 12524/3/6 12644/3/6
f 12524/4/6 12629/4/6 12645/4/6
f 12644/3/6 12524/3/6 12645/3/6
f 12525/3/6 12616/3/6 12646/3/6
f 12630/4/6 12525/4/6 12646/4/6
f 12616/3/6 12631/3/6 12646/3/6
f 12646/3/6 12631/3/6 12647/3/6
f 12635/1/6 12620/1/6 12648/1/6
f 12634/1/6 12635/1/6 12648/1/6
f 12620/3/6 12621/3/6 12648/3/6
f 12621/1/6 12545/1/6 12649/1/6
f 12648/3/6 12621/3/6 12649/3/6
f 12649/1/6 12545/1/6 12650/1/6
f 12650/1/6 12545/1/6 12651/1/6
f 12545/3/6 12531/3/6 12652/3/6
f 12651/1/6 12545/1/6 12652/1/6
f 12531/4/6 12636/4/6 12653/4/6
f 12652/3/6 12531/3/6 12653/3/6
f 12640/1/6 12641/1/6 12654/1/6
f 12641/3/6 12642/3/6 12655/3/6
f 12654/1/6 12641/1/6 12655/1/6
f 12642/1/6 12643/1/6 12656/1/6
f 12655/3/6 12642/3/6 12656/3/6
f 12643/1/6 12625/1/6 12657/1/6
f 12656/1/6 12643/1/6 12657/1/6
f 12625/3/6 12626/3/6 12657/3/6
f 12627/1/6 12628/1/6 12658/1/6
f 12657/3/6 12626/3/6 12658/3/6
f 12626/1/6 12627/1/6 12658/1/6
f 12658/1/6 12628/1/6 12659/1/6
f 12659/1/6 12628/1/6 12660/1/6
f 12628/3/6 12644/3/6 12661/3/6
f 12660/1/6 12628/1/6 12661/1/6
f 12647/3/6 12631/3/6 12662/3/6
f 12631/1/6 12632/1/6 12662/1/6
f 12632/1/6 12633/1/6 12662/1/6
f 12662/1/6 12633/1/6 12663/1/6
f 12663/1/6 12633/1/6 12664/1/6
f 12633/3/6 12634/3/6 12665/3/6
f 12664/1/6 12633/1/6 12665/1/6
f 12634/1/6 12648/1/6 12666/1/6
f 12665/3/6 12634/3/6 12666/3/6
f 12648/1/6 12649/1/6 12666/1/6
f 12649/3/6 12650/3/6 12667/3/6
f 12666/1/6 12649/1/6 12667/1/6
f 12650/1/6 12651/1/6 12668/1/6
f 12667/3/6 12650/3/6 12668/3/6
f 12668/1/6 12651/1/6 12669/1/6
f 12639/3/6 12640/3/6 12670/3/6
f 12638/4/6 12639/4/6 12670/4/6
f 12640/1/6 12654/1/6 12671/1/6
f 12670/3/6 12640/3/6 12671/3/6
f 12671/1/6 12654/1/6 12672/1/6
f 12654/3/6 12655/3/6 12673/3/6
f 12672/1/6 12654/1/6 12673/1/6
f 12655/1/6 12656/1/6 12674/1/6
f 12673/3/6 12655/3/6 12674/3/6
f 12656/1/6 12657/1/6 12674/1/6
f 12657/1/6 12658/1/6 12674/1/6
f 12661/3/6 12644/3/6 12675/3/6
f 12660/3/6 12661/3/6 12675/3/6
f 12644/4/6 12645/4/6 12676/4/6
f 12675/3/6 12644/3/6 12676/3/6
f 12646/4/6 12647/4/6 12677/4/6
f 12662/3/6 12663/3/6 12677/3/6
f 12647/3/6 12662/3/6 12677/3/6
f 12677/3/6 12663/3/6 12678/3/6
f 12666/1/6 12667/1/6 12679/1/6
f 12665/1/6 12666/1/6 12679/1/6
f 12668/3/6 12669/3/6 12679/3/6
f 12667/1/6 12668/1/6 12679/1/6
f 12669/1/6 12651/1/6 12680/1/6
f 12679/3/6 12669/3/6 12680/3/6
f 12680/1/6 12651/1/6 12681/1/6
f 12651/3/6 12652/3/6 12682/3/6
f 12681/1/6 12651/1/6 12682/1/6
f 12652/4/6 12653/4/6 12683/4/6
f 12682/3/6 12652/3/6 12683/3/6
f 12638/4/6 12670/4/6 12684/4/6
f 12670/4/6 12671/4/6 12684/4/6
f 12623/4/6 12638/4/6 12684/4/6
f 12684/4/6 12671/4/6 12685/4/6
f 12671/1/6 12672/1/6 12686/1/6
f 12685/4/6 12671/4/6 12686/4/6
f 12686/1/6 12672/1/6 12687/1/6
f 12674/1/6 12658/1/6 12688/1/6
f 12673/1/6 12674/1/6 12688/1/6
f 12658/3/6 12659/3/6 12688/3/6
f 12659/1/6 12660/1/6 12689/1/6
f 12688/3/6 12659/3/6 12689/3/6
f 12689/1/6 12660/1/6 12690/1/6
f 12690/1/6 12660/1/6 12691/1/6
f 12660/3/6 12675/3/6 12692/3/6
f 12691/1/6 12660/1/6 12692/1/6
f 12676/4/6 12645/4/6 12693/4/6
f 12645/4/6 12629/4/6 12693/4/6
f 12675/4/6 12676/4/6 12693/4/6
f 12693/4/6 12629/4/6 12694/4/6
f 12677/4/6 12678/4/6 12695/4/6
f 12630/4/6 12646/4/6 12695/4/6
f 12646/4/6 12677/4/6 12695/4/6
f 12695/4/6 12678/4/6 12696/4/6
f 12663/1/6 12664/1/6 12697/1/6
f 12678/3/6 12663/3/6 12697/3/6
f 12697/1/6 12664/1/6 12698/1/6
f 12698/1/6 12664/1/6 12699/1/6
f 12664/3/6 12665/3/6 12700/3/6
f 12699/1/6 12664/1/6 12700/1/6
f 12665/1/6 12679/1/6 12701/1/6
f 12700/3/6 12665/3/6 12701/3/6
f 12679/1/6 12680/1/6 12701/1/6
f 12681/1/6 12682/1/6 12702/1/6
f 12682/4/6 12683/4/6 12703/4/6
f 12702/1/6 12682/1/6 12703/1/6
f 12683/4/6 12653/4/6 12704/4/6
f 12703/4/6 12683/4/6 12704/4/6
f 12653/4/6 12636/4/6 12704/4/6
f 12704/4/6 12636/4/6 12705/4/6
f 12686/3/6 12687/3/6 12706/3/6
f 12685/4/6 12686/4/6 12706/4/6
f 12687/1/6 12672/1/6 12707/1/6
f 12706/3/6 12687/3/6 12707/3/6
f 12707/1/6 12672/1/6 12708/1/6
f 12672/3/6 12673/3/6 12709/3/6
f 12708/1/6 12672/1/6 12709/1/6
f 12673/1/6 12688/1/6 12710/1/6
f 12709/3/6 12673/3/6 12710/3/6
f 12688/1/6 12689/1/6 12710/1/6
f 12690/1/6 12691/1/6 12711/1/6
f 12691/3/6 12692/3/6 12712/3/6
f 12711/1/6 12691/1/6 12712/1/6
f 12692/3/6 12675/3/6 12713/3/6
f 12712/3/6 12692/3/6 12713/3/6
f 12675/4/6 12693/4/6 12714/4/6
f 12713/3/6 12675/3/6 12714/3/6
f 12696/4/6 12678/4/6 12715/4/6
f 12678/3/6 12697/3/6 12715/3/6
f 12697/3/6 12698/3/6 12715/3/6
f 12715/3/6 12698/3/6 12716/3/6
f 12698/1/6 12699/1/6 12717/1/6
f 12716/3/6 12698/3/6 12717/3/6
f 12717/1/6 12699/1/6 12718/1/6
f 12680/3/6 12681/3/6 12719/3/6
f 12700/1/6 12701/1/6 12719/1/6
f 12701/1/6 12680/1/6 12719/1/6
f 12681/1/6 12702/1/6 12720/1/6
f 12719/3/6 12681/3/6 12720/3/6
f 12720/1/6 12702/1/6 12721/1/6
f 12702/3/6 12703/3/6 12722/3/6
f 12721/1/6 12702/1/6 12722/1/6
f 12703/4/6 12704/4/6 12723/4/6
f 12722/3/6 12703/3/6 12723/3/6
f 12685/4/6 12706/4/6 12724/4/6
f 12706/4/6 12707/4/6 12724/4/6
f 12724/4/6 12707/4/6 12725/4/6
f 12707/1/6 12708/1/6 12726/1/6
f 12725/4/6 12707/4/6 12726/4/6
f 12708/3/6 12709/3/6 12727/3/6
f 12726/1/6 12708/1/6 12727/1/6
f 12709/1/6 12710/1/6 12728/1/6
f 12727/3/6 12709/3/6 12728/3/6
f 12710/1/6 12689/1/6 12729/1/6
f 12728/1/6 12710/1/6 12729/1/6
f 12689/3/6 12690/3/6 12729/3/6
f 12690/1/6 12711/1/6 12730/1/6
f 12729/3/6 12690/3/6 12730/3/6
f 12730/1/6 12711/1/6 12731/1/6
f 12731/1/6 12711/1/6 12732/1/6
f 12711/3/6 12712/3/6 12733/3/6
f 12732/1/6 12711/1/6 12733/1/6
f 12712/3/6 12713/3/6 12733/3/6
f 12714/4/6 12693/4/6 12734/4/6
f 12713/4/6 12714/4/6 12734/4/6
f 12734/4/6 12693/4/6 12735/4/6
f 12715/4/6 12716/4/6 12736/4/6
f 12696/4/6 12715/4/6 12736/4/6
f 12736/4/6 12716/4/6 12737/4/6
f 12718/1/6 12699/1/6 12738/1/6
f 12717/3/6 12718/3/6 12738/3/6
f 12716/3/6 12717/3/6 12738/3/6
f 12738/1/6 12699/1/6 12739/1/6
f 12739/1/6 12699/1/6 12740/1/6
f 12699/3/6 12700/3/6 12741/3/6
f 12740/1/6 12699/1/6 12741/1/6
f 12700/1/6 12719/1/6 12742/1/6
f 12741/3/6 12700/3/6 12742/3/6
f 12719/1/6 12720/1/6 12742/1/6
f 12720/3/6 12721/3/6 12743/3/6
f 12742/1/6 12720/1/6 12743/1/6
f 12721/1/6 12722/1/6 12744/1/6
f 12743/3/6 12721/3/6 12744/3/6
f 12722/4/6 12723/4/6 12745/4/6
f 12744/1/6 12722/1/6 12745/1/6
f 12723/4/6 12704/4/6 12746/4/6
f 12745/4/6 12723/4/6 12746/4/6
f 12746/4/6 12704/4/6 12747/4/6
f 12725/4/6 12726/4/6 12748/4/6
f 12748/4/6 12726/4/6 12749/4/6
f 12726/3/6 12727/3/6 12750/3/6
f 12749/4/6 12726/4/6 12750/4/6
f 12750/3/6 12727/3/6 12751/3/6
f 12728/1/6 12729/1/6 12752/1/6
f 12751/3/6 12727/3/6 12752/3/6
f 12729/1/6 12730/1/6 12752/1/6
f 12727/1/6 12728/1/6 12752/1/6
f 12752/1/6 12730/1/6 12753/1/6
f 12731/1/6 12732/1/6 12754/1/6
f 12732/3/6 12733/3/6 12755/3/6
f 12754/1/6 12732/1/6 12755/1/6
f 12733/3/6 12713/3/6 12756/3/6
f 12755/3/6 12733/3/6 12756/3/6
f 12713/4/6 12734/4/6 12757/4/6
f 12756/3/6 12713/3/6 12757/3/6
f 12757/4/6 12734/4/6 12758/4/6
f 12758/4/6 12734/4/6 12759/4/6
f 12737/4/6 12716/4/6 12760/4/6
f 12760/4/6 12716/4/6 12761/4/6
f 12716/3/6 12738/3/6 12762/3/6
f 12761/4/6 12716/4/6 12762/4/6
f 12738/3/6 12739/3/6 12762/3/6
f 12762/3/6 12739/3/6 12763/3/6
f 12739/1/6 12740/1/6 12764/1/6
f 12763/3/6 12739/3/6 12764/3/6
f 12764/1/6 12740/1/6 12765/1/6
f 12741/1/6 12742/1/6 12766/1/6
f 12742/1/6 12743/1/6 12766/1/6
f 12743/1/6 12744/1/6 12766/1/6
f 12744/3/6 12745/3/6 12767/3/6
f 12766/1/6 12744/1/6 12767/1/6
f 12767/3/6 12745/3/6 12768/3/6
f 12745/4/6 12746/4/6 12769/4/6
f 12768/3/6 12745/3/6 12769/3/6
f 12769/4/6 12746/4/6 12770/4/6
f 12770/4/6 12746/4/6 12771/4/6
f 12750/4/6 12751/4/6 12772/4/6
f 12749/4/6 12750/4/6 12772/4/6
f 12751/3/6 12752/3/6 12772/3/6
f 12752/3/6 12753/3/6 12772/3/6
f 12772/3/6 12753/3/6 12773/3/6
f 12754/3/6 12755/3/6 12774/3/6
f 12755/3/6 12756/3/6 12774/3/6
f 12757/4/6 12758/4/6 12775/4/6
f 12774/3/6 12756/3/6 12775/3/6
f 12756/4/6 12757/4/6 12775/4/6
f 12764/3/6 12765/3/6 12776/3/6
f 12762/4/6 12763/4/6 12776/4/6
f 12761/4/6 12762/4/6 12776/4/6
f 12763/3/6 12764/3/6 12776/3/6
f 12776/3/6 12765/3/6 12777/3/6
f 12767/3/6 12768/3/6 12778/3/6
f 12766/3/6 12767/3/6 12778/3/6
f 12769/4/6 12770/4/6 12779/4/6
f 12778/3/6 12768/3/6 12779/3/6
f 12768/4/6 12769/4/6 12779/4/6
f 12749/4/6 12772/4/6 12780/4/6
f 12772/4/6 12773/4/6 12780/4/6
f 12780/4/6 12773/4/6 12781/4/6
f 12773/3/6 12753/3/6 12782/3/6
f 12781/4/6 12773/4/6 12782/4/6
f 12753/1/6 12730/1/6 12783/1/6
f 12782/3/6 12753/3/6 12783/3/6
f 12783/1/6 12730/1/6 12784/1/6
f 12784/1/6 12730/1/6 12785/1/6
f 12730/3/6 12731/3/6 12786/3/6
f 12785/1/6 12730/1/6 12786/1/6
f 12731/1/6 12754/1/6 12787/1/6
f 12786/3/6 12731/3/6 12787/3/6
f 12754/3/6 12774/3/6 12788/3/6
f 12787/1/6 12754/1/6 12788/1/6
f 12788/3/6 12774/3/6 12789/3/6
f 12774/4/6 12775/4/6 12790/4/6
f 12789/3/6 12774/3/6 12790/3/6
f 12775/4/6 12758/4/6 12791/4/6
f 12790/4/6 12775/4/6 12791/4/6
f 12791/4/6 12758/4/6 12792/4/6
f 12761/4/6 12776/4/6 12793/4/6
f 12776/4/6 12777/4/6 12793/4/6
f 12793/4/6 12777/4/6 12794/4/6
f 12777/3/6 12765/3/6 12795/3/6
f 12794/4/6 12777/4/6 12795/4/6
f 12795/3/6 12765/3/6 12796/3/6
f 12765/1/6 12740/1/6 12797/1/6
f 12796/3/6 12765/3/6 12797/3/6
f 12740/3/6 12741/3/6 12798/3/6
f 12797/1/6 12740/1/6 12798/1/6
f 12741/1/6 12766/1/6 12799/1/6
f 12798/3/6 12741/3/6 12799/3/6
f 12799/1/6 12766/1/6 12800/1/6
f 12800/1/6 12766/1/6 12801/1/6
f 12766/3/6 12778/3/6 12802/3/6
f 12801/1/6 12766/1/6 12802/1/6
f 12778/4/6 12779/4/6 12803/4/6
f 12802/3/6 12778/3/6 12803/3/6
f 12779/4/6 12770/4/6 12804/4/6
f 12803/4/6 12779/4/6 12804/4/6
f 12804/4/6 12770/4/6 12805/4/6
f 12781/4/6 12782/4/6 12806/4/6
f 12782/4/6 12783/4/6 12806/4/6
f 12806/4/6 12783/4/6 12807/4/6
f 12783/3/6 12784/3/6 12808/3/6
f 12807/4/6 12783/4/6 12808/4/6
f 12784/1/6 12785/1/6 12809/1/6
f 12808/3/6 12784/3/6 12809/3/6
f 12809/1/6 12785/1/6 12810/1/6
f 12810/1/6 12785/1/6 12811/1/6
f 12785/3/6 12786/3/6 12812/3/6
f 12811/1/6 12785/1/6 12812/1/6
f 12788/3/6 12789/3/6 12812/3/6
f 12786/3/6 12787/3/6 12812/3/6
f 12787/3/6 12788/3/6 12812/3/6
f 12812/3/6 12789/3/6 12813/3/6
f 12789/4/6 12790/4/6 12814/4/6
f 12813/3/6 12789/3/6 12814/3/6
f 12790/4/6 12791/4/6 12814/4/6
f 12814/4/6 12791/4/6 12815/4/6
f 12815/4/6 12791/4/6 12816/4/6
f 12795/4/6 12796/4/6 12817/4/6
f 12794/4/6 12795/4/6 12817/4/6
f 12817/4/6 12796/4/6 12818/4/6
f 12797/3/6 12798/3/6 12819/3/6
f 12818/4/6 12796/4/6 12819/4/6
f 12799/3/6 12800/3/6 12819/3/6
f 12798/3/6 12799/3/6 12819/3/6
f 12796/3/6 12797/3/6 12819/3/6
f 12819/3/6 12800/3/6 12820/3/6
f 12800/1/6 12801/1/6 12821/1/6
f 12820/3/6 12800/3/6 12821/3/6
f 12821/1/6 12801/1/6 12822/1/6
f 12822/1/6 12801/1/6 12823/1/6
f 12801/3/6 12802/3/6 12824/3/6
f 12823/1/6 12801/1/6 12824/1/6
f 12803/4/6 12804/4/6 12825/4/6
f 12824/3/6 12802/3/6 12825/3/6
f 12802/4/6 12803/4/6 12825/4/6
f 12825/4/6 12804/4/6 12826/4/6
f 12826/4/6 12804/4/6 12827/4/6
f 12807/4/6 12808/4/6 12828/4/6
f 12808/4/6 12809/4/6 12828/4/6
f 12828/4/6 12809/4/6 12829/4/6
f 12809/3/6 12810/3/6 12830/3/6
f 12829/4/6 12809/4/6 12830/4/6
f 12830/3/6 12810/3/6 12831/3/6
f 12810/1/6 12811/1/6 12832/1/6
f 12831/3/6 12810/3/6 12832/3/6
f 12832/1/6 12811/1/6 12833/1/6
f 12833/1/6 12811/1/6 12834/1/6
f 12812/3/6 12813/3/6 12835/3/6
f 12834/1/6 12811/1/6 12835/1/6
f 12811/3/6 12812/3/6 12835/3/6
f 12835/3/6 12813/3/6 12836/3/6
f 12813/4/6 12814/4/6 12837/4/6
f 12836/3/6 12813/3/6 12837/3/6
f 12814/4/6 12815/4/6 12837/4/6
f 12837/4/6 12815/4/6 12838/4/6
f 12838/4/6 12815/4/6 12839/4/6
f 12819/4/6 12820/4/6 12840/4/6
f 12818/4/6 12819/4/6 12840/4/6
f 12840/4/6 12820/4/6 12841/4/6
f 12821/3/6 12822/3/6 12842/3/6
f 12841/4/6 12820/4/6 12842/4/6
f 12820/3/6 12821/3/6 12842/3/6
f 12842/3/6 12822/3/6 12843/3/6
f 12822/1/6 12823/1/6 12844/1/6
f 12843/3/6 12822/3/6 12844/3/6
f 12844/1/6 12823/1/6 12845/1/6
f 12845/1/6 12823/1/6 12846/1/6
f 12823/3/6 12824/3/6 12847/3/6
f 12846/1/6 12823/1/6 12847/1/6
f 12847/3/6 12824/3/6 12848/3/6
f 12825/4/6 12826/4/6 12849/4/6
f 12848/3/6 12824/3/6 12849/3/6
f 12824/4/6 12825/4/6 12849/4/6
f 12849/4/6 12826/4/6 12850/4/6
f 12850/4/6 12826/4/6 12851/4/6
f 12830/4/6 12831/4/6 12852/4/6
f 12829/4/6 12830/4/6 12852/4/6
f 12852/4/6 12831/4/6 12853/4/6
f 12832/3/6 12833/3/6 12854/3/6
f 12853/4/6 12831/4/6 12854/4/6
f 12831/3/6 12832/3/6 12854/3/6
f 12854/3/6 12833/3/6 12855/3/6
f 12833/1/6 12834/1/6 12856/1/6
f 12855/3/6 12833/3/6 12856/3/6
f 12835/3/6 12836/3/6 12857/3/6
f 12856/1/6 12834/1/6 12857/1/6
f 12834/3/6 12835/3/6 12857/3/6
f 12857/3/6 12836/3/6 12858/3/6
f 12837/4/6 12838/4/6 12859/4/6
f 12858/3/6 12836/3/6 12859/3/6
f 12836/4/6 12837/4/6 12859/4/6
f 12859/4/6 12838/4/6 12860/4/6
f 12860/4/6 12838/4/6 12861/4/6
f 12842/4/6 12843/4/6 12862/4/6
f 12841/4/6 12842/4/6 12862/4/6
f 12862/4/6 12843/4/6 12863/4/6
f 12844/3/6 12845/3/6 12864/3/6
f 12863/4/6 12843/4/6 12864/4/6
f 12843/3/6 12844/3/6 12864/3/6
f 12864/3/6 12845/3/6 12865/3/6
f 12845/1/6 12846/1/6 12866/1/6
f 12865/3/6 12845/3/6 12866/3/6
f 12847/3/6 12848/3/6 12867/3/6
f 12866/1/6 12846/1/6 12867/1/6
f 12846/3/6 12847/3/6 12867/3/6
f 12867/3/6 12848/3/6 12868/3/6
f 12849/4/6 12850/4/6 12869/4/6
f 12868/3/6 12848/3/6 12869/3/6
f 12848/4/6 12849/4/6 12869/4/6
f 12869/4/6 12850/4/6 12870/4/6
f 12870/4/6 12850/4/6 12871/4/6
f 12854/4/6 12855/4/6 12872/4/6
f 12853/4/6 12854/4/6 12872/4/6
f 12872/4/6 12855/4/6 12873/4/6
f 12855/3/6 12856/3/6 12874/3/6
f 12873/4/6 12855/4/6 12874/4/6
f 12857/3/6 12858/3/6 12874/3/6
f 12856/3/6 12857/3/6 12874/3/6
f 12858/4/6 12859/4/6 12875/4/6
f 12874/3/6 12858/3/6 12875/3/6
f 12859/4/6 12860/4/6 12875/4/6
f 12875/4/6 12860/4/6 12876/4/6
f 12876/4/6 12860/4/6 12877/4/6
f 12864/4/6 12865/4/6 12878/4/6
f 12863/4/6 12864/4/6 12878/4/6
f 12878/4/6 12865/4/6 12879/4/6
f 12865/3/6 12866/3/6 12880/3/6
f 12879/4/6 12865/4/6 12880/4/6
f 12867/3/6 12868/3/6 12880/3/6
f 12866/3/6 12867/3/6 12880/3/6
f 12869/4/6 12870/4/6 12881/4/6
f 12880/3/6 12868/3/6 12881/3/6
f 12868/4/6 12869/4/6 12881/4/6
f 12881/4/6 12870/4/6 12882/4/6
f 12882/4/6 12870/4/6 12883/4/6
f 12874/4/6 12875/4/6 12884/4/6
f 12875/4/6 12876/4/6 12884/4/6
f 12873/4/6 12874/4/6 12884/4/6
f 12884/4/6 12876/4/6 12885/4/6
f 12885/4/6 12876/4/6 12886/4/6
f 12886/4/6 12876/4/6 12887/4/6
f 12881/4/6 12882/4/6 12888/4/6
f 12880/4/6 12881/4/6 12888/4/6
f 12879/4/6 12880/4/6 12888/4/6
f 12888/4/6 12882/4/6 12889/4/6
f 12889/4/6 12882/4/6 12890/4/6
f 12890/4/6 12882/4/6 12891/4/6
f 12885/4/6 12886/4/6 12892/4/6
f 12892/4/6 12886/4/6 12893/4/6
f 12893/4/6 12886/4/6 12894/4/6
f 12894/4/6 12886/4/6 12895/4/6
f 12889/4/6 12890/4/6 12896/4/6
f 12896/4/6 12890/4/6 12897/4/6
f 12897/4/6 12890/4/6 12898/4/6
f 12898/4/6 12890/4/6 12899/4/6
f 12893/4/6 12894/4/6 12901/4/6
f 12901/4/6 12894/4/6 12902/4/6
f 12897/4/6 12898/4/6 12905/4/6
f 12905/4/6 12898/4/6 12906/4/6
f 12902/4/6 12903/4/6 12909/4/6
f 12900/4/6 12901/4/6 12909/4/6
f 12901/4/6 12902/4/6 12909/4/6
f 12909/4/6 12903/4/6 12910/4/6
f 12906/4/6 12907/4/6 12913/4/6
f 12905/4/6 12906/4/6 12913/4/6
f 12904/4/6 12905/4/6 12913/4/6
f 12913/4/6 12907/4/6 12914/4/6
f 12910/4/6 12911/4/6 12917/4/6
f 12909/4/6 12910/4/6 12917/4/6
f 12908/4/6 12909/4/6 12917/4/6
f 12917/4/6 12911/4/6 12918/4/6
f 12918/4/6 12911/4/6 12919/4/6
f 12919/4/6 12911/4/6 12920/4/6
f 12913/4/6 12914/4/6 12923/4/6
f 12914/4/6 12915/4/6 12923/4/6
f 12912/4/6 12913/4/6 12923/4/6
f 12923/4/6 12915/4/6 12924/4/6
f 12924/4/6 12915/4/6 12925/4/6
f 12925/4/6 12915/4/6 12926/4/6
f 12916/4/6 12917/4/6 12929/4/6
f 12917/4/6 12918/4/6 12929/4/6
f 12929/4/6 12918/4/6 12930/4/6
f 12918/3/6 12919/3/6 12931/3/6
f 12930/4/6 12918/4/6 12931/4/6
f 12931/3/6 12919/3/6 12932/3/6
f 12932/3/6 12919/3/6 12933/3/6
f 12920/4/6 12921/4/6 12934/4/6
f 12933/3/6 12919/3/6 12934/3/6
f 12919/4/6 12920/4/6 12934/4/6
f 12934/4/6 12921/4/6 12935/4/6
f 12935/4/6 12921/4/6 12936/4/6
f 12922/4/6 12923/4/6 12939/4/6
f 12923/4/6 12924/4/6 12939/4/6
f 12939/4/6 12924/4/6 12940/4/6
f 12924/3/6 12925/3/6 12941/3/6
f 12940/4/6 12924/4/6 12941/4/6
f 12941/3/6 12925/3/6 12942/3/6
f 12942/3/6 12925/3/6 12943/3/6
f 12925/4/6 12926/4/6 12944/4/6
f 12943/3/6 12925/3/6 12944/3/6
f 12926/4/6 12927/4/6 12944/4/6
f 12944/4/6 12927/4/6 12945/4/6
f 12945/4/6 12927/4/6 12946/4/6
f 12929/4/6 12930/4/6 12949/4/6
f 12928/4/6 12929/4/6 12949/4/6
f 12949/4/6 12930/4/6 12950/4/6
f 12931/3/6 12932/3/6 12951/3/6
f 12950/4/6 12930/4/6 12951/4/6
f 12930/3/6 12931/3/6 12951/3/6
f 12951/3/6 12932/3/6 12952/3/6
f 12932/1/6 12933/1/6 12953/1/6
f 12952/3/6 12932/3/6 12953/3/6
f 12933/3/6 12934/3/6 12954/3/6
f 12953/1/6 12933/1/6 12954/1/6
f 12934/3/6 12935/3/6 12954/3/6
f 12954/3/6 12935/3/6 12955/3/6
f 12936/4/6 12937/4/6 12956/4/6
f 12955/3/6 12935/3/6 12956/3/6
f 12935/4/6 12936/4/6 12956/4/6
f 12956/4/6 12937/4/6 12957/4/6
f 12957/4/6 12937/4/6 12958/4/6
f 12939/4/6 12940/4/6 12961/4/6
f 12938/4/6 12939/4/6 12961/4/6
f 12961/4/6 12940/4/6 12962/4/6
f 12941/3/6 12942/3/6 12963/3/6
f 12962/4/6 12940/4/6 12963/4/6
f 12940/3/6 12941/3/6 12963/3/6
f 12963/3/6 12942/3/6 12964/3/6
f 12942/1/6 12943/1/6 12965/1/6
f 12964/3/6 12942/3/6 12965/3/6
f 12944/3/6 12945/3/6 12966/3/6
f 12965/1/6 12943/1/6 12966/1/6
f 12943/3/6 12944/3/6 12966/3/6
f 12966/3/6 12945/3/6 12967/3/6
f 12945/4/6 12946/4/6 12968/4/6
f 12967/3/6 12945/3/6 12968/3/6
f 12946/4/6 12947/4/6 12968/4/6
f 12968/4/6 12947/4/6 12969/4/6
f 12969/4/6 12947/4/6 12970/4/6
f 12949/4/6 12950/4/6 12973/4/6
f 12948/4/6 12949/4/6 12973/4/6
f 12973/4/6 12950/4/6 12974/4/6
f 12951/3/6 12952/3/6 12975/3/6
f 12974/4/6 12950/4/6 12975/4/6
f 12950/3/6 12951/3/6 12975/3/6
f 12954/1/6 12955/1/6 12976/1/6
f 12975/3/6 12952/3/6 12976/3/6
f 12953/1/6 12954/1/6 12976/1/6
f 12952/1/6 12953/1/6 12976/1/6
f 12955/3/6 12956/3/6 12977/3/6
f 12976/1/6 12955/1/6 12977/1/6
f 12956/3/6 12957/3/6 12977/3/6
f 12977/3/6 12957/3/6 12978/3/6
f 12958/4/6 12959/4/6 12979/4/6
f 12978/3/6 12957/3/6 12979/3/6
f 12957/4/6 12958/4/6 12979/4/6
f 12979/4/6 12959/4/6 12980/4/6
f 12980/4/6 12959/4/6 12981/4/6
f 12961/4/6 12962/4/6 12984/4/6
f 12960/4/6 12961/4/6 12984/4/6
f 12984/4/6 12962/4/6 12985/4/6
f 12963/3/6 12964/3/6 12986/3/6
f 12985/4/6 12962/4/6 12986/4/6
f 12962/3/6 12963/3/6 12986/3/6
f 12986/3/6 12964/3/6 12987/3/6
f 12966/1/6 12967/1/6 12988/1/6
f 12987/3/6 12964/3/6 12988/3/6
f 12965/1/6 12966/1/6 12988/1/6
f 12964/1/6 12965/1/6 12988/1/6
f 12968/3/6 12969/3/6 12989/3/6
f 12988/1/6 12967/1/6 12989/1/6
f 12967/3/6 12968/3/6 12989/3/6
f 12969/4/6 12970/4/6 12990/4/6
f 12989/3/6 12969/3/6 12990/3/6
f 12970/4/6 12971/4/6 12990/4/6
f 12990/4/6 12971/4/6 12991/4/6
f 12991/4/6 12971/4/6 12992/4/6
f 12973/4/6 12974/4/6 12995/4/6
f 12972/4/6 12973/4/6 12995/4/6
f 12995/4/6 12974/4/6 12996/4/6
f 12974/3/6 12975/3/6 12997/3/6
f 12996/4/6 12974/4/6 12997/4/6
f 12977/1/6 12978/1/6 12998/1/6
f 12997/3/6 12975/3/6 12998/3/6
f 12976/1/6 12977/1/6 12998/1/6
f 12975/1/6 12976/1/6 12998/1/6
f 12978/3/6 12979/3/6 12999/3/6
f 12998/1/6 12978/1/6 12999/1/6
f 12979/3/6 12980/3/6 12999/3/6
f 12999/3/6 12980/3/6 13000/3/6
f 13000/3/6 12980/3/6 13001/3/6
f 13001/3/6 12980/3/6 13002/3/6
f 12981/4/6 12982/4/6 13003/4/6
f 13002/3/6 12980/3/6 13003/3/6
f 12980/4/6 12981/4/6 13003/4/6
f 13003/4/6 12982/4/6 13004/4/6
f 13004/4/6 12982/4/6 13005/4/6
f 12984/4/6 12985/4/6 13008/4/6
f 12983/4/6 12984/4/6 13008/4/6
f 13008/4/6 12985/4/6 13009/4/6
f 12986/3/6 12987/3/6 13010/3/6
f 13009/4/6 12985/4/6 13010/4/6
f 12985/3/6 12986/3/6 13010/3/6
f 13010/3/6 12987/3/6 13011/3/6
f 13011/3/6 12987/3/6 13012/3/6
f 13012/3/6 12987/3/6 13013/3/6
f 12988/1/6 12989/1/6 13014/1/6
f 13013/3/6 12987/3/6 13014/3/6
f 12987/1/6 12988/1/6 13014/1/6
f 12989/1/6 12990/1/6 13014/1/6
f 12990/3/6 12991/3/6 13015/3/6
f 13014/1/6 12990/1/6 13015/1/6
f 12991/4/6 12992/4/6 13016/4/6
f 13015/3/6 12991/3/6 13016/3/6
f 12992/4/6 12993/4/6 13016/4/6
f 13016/4/6 12993/4/6 13017/4/6
f 13017/4/6 12993/4/6 13018/4/6
f 12995/4/6 12996/4/6 13020/4/6
f 12994/4/6 12995/4/6 13020/4/6
f 12996/3/6 12997/3/6 13021/3/6
f 13020/4/6 12996/4/6 13021/4/6
f 13005/4/6 13006/4/6 13022/4/6
f 13004/4/6 13005/4/6 13022/4/6
f 13002/3/6 13003/3/6 13022/3/6
f 13003/3/6 13004/3/6 13022/3/6
f 13022/4/6 13006/4/6 13023/4/6
f 13008/4/6 13009/4/6 13024/4/6
f 13007/4/6 13008/4/6 13024/4/6
f 13009/3/6 13010/3/6 13025/3/6
f 13024/4/6 13009/4/6 13025/4/6
f 13010/3/6 13011/3/6 13025/3/6
f 13017/4/6 13018/4/6 13026/4/6
f 13018/4/6 13019/4/6 13026/4/6
f 13016/3/6 13017/3/6 13026/3/6
f 13026/4/6 13019/4/6 13027/4/6
f 12994/4/6 13020/4/6 13029/4/6
f 13029/4/6 13020/4/6 13030/4/6
f 13020/3/6 13021/3/6 13031/3/6
f 13030/4/6 13020/4/6 13031/4/6
f 13021/3/6 12997/3/6 13032/3/6
f 13031/3/6 13021/3/6 13032/3/6
f 12997/1/6 12998/1/6 13033/1/6
f 13032/3/6 12997/3/6 13033/3/6
f 12998/1/6 12999/1/6 13033/1/6
f 12999/1/6 13000/1/6 13033/1/6
f 13022/3/6 13023/3/6 13034/3/6
f 13001/1/6 13002/1/6 13034/1/6
f 13002/3/6 13022/3/6 13034/3/6
f 13034/3/6 13023/3/6 13035/3/6
f 13023/4/6 13006/4/6 13036/4/6
f 13035/3/6 13023/3/6 13036/3/6
f 13036/4/6 13006/4/6 13037/4/6
f 13037/4/6 13006/4/6 13038/4/6
f 13007/4/6 13024/4/6 13041/4/6
f 13041/4/6 13024/4/6 13042/4/6
f 13024/3/6 13025/3/6 13043/3/6
f 13042/4/6 13024/4/6 13043/4/6
f 13025/3/6 13011/3/6 13044/3/6
f 13043/3/6 13025/3/6 13044/3/6
f 13011/1/6 13012/1/6 13045/1/6
f 13044/3/6 13011/3/6 13045/3/6
f 13014/1/6 13015/1/6 13046/1/6
f 13026/3/6 13027/3/6 13046/3/6
f 13013/1/6 13014/1/6 13046/1/6
f 13015/1/6 13016/1/6 13046/1/6
f 13016/3/6 13026/3/6 13046/3/6
f 13046/3/6 13027/3/6 13047/3/6
f 13027/4/6 13019/4/6 13048/4/6
f 13047/3/6 13027/3/6 13048/3/6
f 13048/4/6 13019/4/6 13049/4/6
f 13049/4/6 13019/4/6 13050/4/6
f 13029/4/6 13030/4/6 13053/4/6
f 13028/4/6 13029/4/6 13053/4/6
f 13030/3/6 13031/3/6 13054/3/6
f 13031/3/6 13032/3/6 13054/3/6
f 13053/4/6 13030/4/6 13054/4/6
f 13032/1/6 13033/1/6 13055/1/6
f 13054/3/6 13032/3/6 13055/3/6
f 13033/1/6 13000/1/6 13056/1/6
f 13055/1/6 13033/1/6 13056/1/6
f 13056/1/6 13000/1/6 13057/1/6
f 13000/3/6 13001/3/6 13058/3/6
f 13057/1/6 13000/1/6 13058/1/6
f 13034/1/6 13035/1/6 13059/1/6
f 13058/3/6 13001/3/6 13059/3/6
f 13001/1/6 13034/1/6 13059/1/6
f 13035/3/6 13036/3/6 13060/3/6
f 13059/1/6 13035/1/6 13060/1/6
f 13036/3/6 13037/3/6 13060/3/6
f 13060/3/6 13037/3/6 13061/3/6
f 13038/4/6 13039/4/6 13062/4/6
f 13037/4/6 13038/4/6 13062/4/6
f 13041/4/6 13042/4/6 13065/4/6
f 13040/4/6 13041/4/6 13065/4/6
f 13042/3/6 13043/3/6 13066/3/6
f 13043/3/6 13044/3/6 13066/3/6
f 13044/1/6 13045/1/6 13067/1/6
f 13066/3/6 13044/3/6 13067/3/6
f 13012/3/6 13013/3/6 13068/3/6
f 13067/1/6 13045/1/6 13068/1/6
f 13045/1/6 13012/1/6 13068/1/6
f 13046/1/6 13047/1/6 13069/1/6
f 13068/3/6 13013/3/6 13069/3/6
f 13013/1/6 13046/1/6 13069/1/6
f 13069/1/6 13047/1/6 13070/1/6
f 13070/1/6 13047/1/6 13071/1/6
f 13048/3/6 13049/3/6 13072/3/6
f 13071/1/6 13047/1/6 13072/1/6
f 13047/3/6 13048/3/6 13072/3/6
f 13049/4/6 13050/4/6 13073/4/6
f 13072/3/6 13049/3/6 13073/3/6
f 13050/4/6 13051/4/6 13073/4/6
f 13073/4/6 13051/4/6 13074/4/6
f 13052/4/6 13053/4/6 13076/4/6
f 13053/4/6 13054/4/6 13076/4/6
f 13054/1/6 13055/1/6 13077/1/6
f 13076/4/6 13054/4/6 13077/4/6
f 13055/3/6 13056/3/6 13078/3/6
f 13077/1/6 13055/1/6 13078/1/6
f 13056/1/6 13057/1/6 13079/1/6
f 13078/3/6 13056/3/6 13079/3/6
f 13079/1/6 13057/1/6 13080/1/6
f 13061/3/6 13037/3/6 13081/3/6
f 13060/1/6 13061/1/6 13081/1/6
f 13058/1/6 13059/1/6 13081/1/6
f 13059/1/6 13060/1/6 13081/1/6
f 13081/3/6 13037/3/6 13082/3/6
f 13062/4/6 13063/4/6 13083/4/6
f 13082/3/6 13037/3/6 13083/3/6
f 13037/4/6 13062/4/6 13083/4/6
f 13083/4/6 13063/4/6 13084/4/6
f 13064/4/6 13065/4/6 13085/4/6
f 13065/4/6 13042/4/6 13085/4/6
f 13042/3/6 13066/3/6 13086/3/6
f 13085/4/6 13042/4/6 13086/4/6
f 13086/3/6 13066/3/6 13087/3/6
f 13066/1/6 13067/1/6 13088/1/6
f 13087/3/6 13066/3/6 13088/3/6
f 13067/1/6 13068/1/6 13088/1/6
f 13068/1/6 13069/1/6 13088/1/6
f 13070/1/6 13071/1/6 13089/1/6
f 13071/3/6 13072/3/6 13090/3/6
f 13089/1/6 13071/1/6 13090/1/6
f 13072/1/6 13073/1/6 13091/1/6
f 13090/3/6 13072/3/6 13091/3/6
f 13074/4/6 13075/4/6 13092/4/6
f 13091/1/6 13073/1/6 13092/1/6
f 13073/4/6 13074/4/6 13092/4/6
f 13092/4/6 13075/4/6 13093/4/6
f 13052/4/6 13076/4/6 13095/4/6
f 13076/3/6 13077/3/6 13096/3/6
f 13095/4/6 13076/4/6 13096/4/6
f 13077/1/6 13078/1/6 13097/1/6
f 13096/3/6 13077/3/6 13097/3/6
f 13078/1/6 13079/1/6 13097/1/6
f 13080/1/6 13057/1/6 13098/1/6
f 13057/3/6 13058/3/6 13099/3/6
f 13098/1/6 13057/1/6 13099/1/6
f 13081/1/6 13082/1/6 13100/1/6
f 13099/3/6 13058/3/6 13100/3/6
f 13058/1/6 13081/1/6 13100/1/6
f 13083/3/6 13084/3/6 13101/3/6
f 13100/1/6 13082/1/6 13101/1/6
f 13082/3/6 13083/3/6 13101/3/6
f 13101/3/6 13084/3/6 13102/3/6
f 13084/4/6 13063/4/6 13103/4/6
f 13064/4/6 13085/4/6 13106/4/6
f 13086/3/6 13087/3/6 13107/3/6
f 13085/3/6 13086/3/6 13107/3/6
f 13087/1/6 13088/1/6 13108/1/6
f 13107/3/6 13087/3/6 13108/3/6
f 13088/1/6 13069/1/6 13109/1/6
f 13108/1/6 13088/1/6 13109/1/6
f 13069/3/6 13070/3/6 13109/3/6
f 13070/1/6 13089/1/6 13110/1/6
f 13109/3/6 13070/3/6 13110/3/6
f 13110/1/6 13089/1/6 13111/1/6
f 13090/1/6 13091/1/6 13112/1/6
f 13092/3/6 13093/3/6 13112/3/6
f 13091/1/6 13092/1/6 13112/1/6
f 13093/4/6 13075/4/6 13113/4/6
f 13112/3/6 13093/3/6 13113/3/6
f 13113/4/6 13075/4/6 13114/4/6
f 13095/4/6 13096/4/6 13116/4/6
f 13094/4/6 13095/4/6 13116/4/6
f 13096/1/6 13097/1/6 13117/1/6
f 13116/4/6 13096/4/6 13117/4/6
f 13097/1/6 13079/1/6 13118/1/6
f 13117/1/6 13097/1/6 13118/1/6
f 13079/3/6 13080/3/6 13118/3/6
f 13080/1/6 13098/1/6 13119/1/6
f 13118/3/6 13080/3/6 13119/3/6
f 13119/1/6 13098/1/6 13120/1/6
f 13102/3/6 13084/3/6 13121/3/6
f 13103/4/6 13104/4/6 13121/4/6
f 13084/4/6 13103/4/6 13121/4/6
f 13121/4/6 13104/4/6 13122/4/6
f 13105/4/6 13106/4/6 13123/4/6
f 13106/4/6 13085/4/6 13123/4/6
f 13085/3/6 13107/3/6 13124/3/6
f 13123/4/6 13085/4/6 13124/4/6
f 13111/1/6 13089/1/6 13125/1/6
f 13089/3/6 13090/3/6 13126/3/6
f 13125/1/6 13089/1/6 13126/1/6
f 13090/1/6 13112/1/6 13127/1/6
f 13126/3/6 13090/3/6 13127/3/6
f 13112/1/6 13113/1/6 13127/1/6
f 13113/4/6 13114/4/6 13128/4/6
f 13127/1/6 13113/1/6 13128/1/6
f 13114/4/6 13115/4/6 13128/4/6
f 13128/4/6 13115/4/6 13129/4/6
f 13117/1/6 13118/1/6 13130/1/6
f 13119/3/6 13120/3/6 13130/3/6
f 13118/1/6 13119/1/6 13130/1/6
f 13120/1/6 13098/1/6 13131/1/6
f 13130/3/6 13120/3/6 13131/3/6
f 13131/1/6 13098/1/6 13132/1/6
f 13132/1/6 13098/1/6 13133/1/6
f 13098/3/6 13099/3/6 13134/3/6
f 13133/1/6 13098/1/6 13134/1/6
f 13099/1/6 13100/1/6 13135/1/6
f 13134/3/6 13099/3/6 13135/3/6
f 13100/1/6 13101/1/6 13135/1/6
f 13101/1/6 13102/1/6 13135/1/6
f 13121/3/6 13122/3/6 13136/3/6
f 13135/1/6 13102/1/6 13136/1/6
f 13102/3/6 13121/3/6 13136/3/6
f 13136/3/6 13122/3/6 13137/3/6
f 13124/3/6 13107/3/6 13138/3/6
f 13123/3/6 13124/3/6 13138/3/6
f 13108/1/6 13109/1/6 13139/1/6
f 13138/3/6 13107/3/6 13139/3/6
f 13107/1/6 13108/1/6 13139/1/6
f 13109/1/6 13110/1/6 13139/1/6
f 13110/3/6 13111/3/6 13140/3/6
f 13139/1/6 13110/1/6 13140/1/6
f 13111/1/6 13125/1/6 13141/1/6
f 13140/3/6 13111/3/6 13141/3/6
f 13141/1/6 13125/1/6 13142/1/6
f 13142/1/6 13125/1/6 13143/1/6
f 13125/3/6 13126/3/6 13144/3/6
f 13143/1/6 13125/1/6 13144/1/6
f 13126/1/6 13127/1/6 13145/1/6
f 13144/3/6 13126/3/6 13145/3/6
f 13127/1/6 13128/1/6 13145/1/6
f 13094/4/6 13116/4/6 13146/4/6
f 13116/3/6 13117/3/6 13147/3/6
f 13146/4/6 13116/4/6 13147/4/6
f 13117/1/6 13130/1/6 13148/1/6
f 13147/3/6 13117/3/6 13148/3/6
f 13130/1/6 13131/1/6 13148/1/6
f 13131/3/6 13132/3/6 13149/3/6
f 13148/1/6 13131/1/6 13149/1/6
f 13132/1/6 13133/1/6 13150/1/6
f 13149/3/6 13132/3/6 13150/3/6
f 13150/1/6 13133/1/6 13151/1/6
f 13137/3/6 13122/3/6 13152/3/6
f 13122/4/6 13104/4/6 13152/4/6
f 13152/4/6 13104/4/6 13153/4/6
f 13105/4/6 13123/4/6 13154/4/6
f 13123/3/6 13138/3/6 13155/3/6
f 13154/4/6 13123/4/6 13155/4/6
f 13142/1/6 13143/1/6 13156/1/6
f 13143/3/6 13144/3/6 13157/3/6
f 13156/1/6 13143/1/6 13157/1/6
f 13144/1/6 13145/1/6 13158/1/6
f 13157/3/6 13144/3/6 13158/3/6
f 13128/3/6 13129/3/6 13159/3/6
f 13158/1/6 13145/1/6 13159/1/6
f 13145/1/6 13128/1/6 13159/1/6
f 13129/4/6 13115/4/6 13160/4/6
f 13159/3/6 13129/3/6 13160/3/6
f 13160/4/6 13115/4/6 13161/4/6
f 13094/4/6 13146/4/6 13163/4/6
f 13151/1/6 13133/1/6 13164/1/6
f 13133/3/6 13134/3/6 13165/3/6
f 13164/1/6 13133/1/6 13165/1/6
f 13134/1/6 13135/1/6 13166/1/6
f 13165/3/6 13134/3/6 13166/3/6
f 13135/1/6 13136/1/6 13166/1/6
f 13136/1/6 13137/1/6 13166/1/6
f 13166/1/6 13137/1/6 13167/1/6
f 13137/3/6 13152/3/6 13168/3/6
f 13167/1/6 13137/1/6 13168/1/6
f 13152/3/6 13153/3/6 13168/3/6
f 13153/4/6 13104/4/6 13169/4/6
f 13105/4/6 13154/4/6 13170/4/6
f 13155/3/6 13138/3/6 13171/3/6
f 13139/1/6 13140/1/6 13171/1/6
f 13154/3/6 13155/3/6 13171/3/6
f 13138/1/6 13139/1/6 13171/1/6
f 13140/1/6 13141/1/6 13171/1/6
f 13171/1/6 13141/1/6 13172/1/6
f 13141/3/6 13142/3/6 13173/3/6
f 13172/1/6 13141/1/6 13173/1/6
f 13142/1/6 13156/1/6 13174/1/6
f 13173/3/6 13142/3/6 13174/3/6
f 13174/1/6 13156/1/6 13175/1/6
f 13161/4/6 13115/4/6 13176/4/6
f 13150/3/6 13151/3/6 13178/3/6
f 13148/1/6 13149/1/6 13178/1/6
f 13147/1/6 13148/1/6 13178/1/6
f 13149/1/6 13150/1/6 13178/1/6
f 13151/1/6 13164/1/6 13179/1/6
f 13178/3/6 13151/3/6 13179/3/6
f 13179/1/6 13164/1/6 13180/1/6
f 13166/1/6 13167/1/6 13181/1/6
f 13165/1/6 13166/1/6 13181/1/6
f 13167/3/6 13168/3/6 13182/3/6
f 13181/1/6 13167/1/6 13182/1/6
f 13168/3/6 13153/3/6 13183/3/6
f 13182/3/6 13168/3/6 13183/3/6
f 13171/3/6 13172/3/6 13184/3/6
f 13154/3/6 13171/3/6 13184/3/6
f 13172/1/6 13173/1/6 13185/1/6
f 13184/3/6 13172/3/6 13185/3/6
f 13173/1/6 13174/1/6 13185/1/6
f 13185/1/6 13174/1/6 13186/1/6
f 13175/1/6 13156/1/6 13187/1/6
f 13156/3/6 13157/3/6 13188/3/6
f 13187/1/6 13156/1/6 13188/1/6
f 13158/1/6 13159/1/6 13189/1/6
f 13188/3/6 13157/3/6 13189/3/6
f 13157/1/6 13158/1/6 13189/1/6
f 13159/1/6 13160/1/6 13189/1/6
f 13178/1/6 13179/1/6 13190/1/6
f 13179/3/6 13180/3/6 13190/3/6
f 13180/1/6 13164/1/6 13191/1/6
f 13190/3/6 13180/3/6 13191/3/6
f 13191/1/6 13164/1/6 13192/1/6
f 13164/3/6 13165/3/6 13193/3/6
f 13192/1/6 13164/1/6 13193/1/6
f 13165/1/6 13181/1/6 13194/1/6
f 13193/3/6 13165/3/6 13194/3/6
f 13194/1/6 13181/1/6 13195/1/6
f 13181/3/6 13182/3/6 13196/3/6
f 13195/1/6 13181/1/6 13196/1/6
f 13182/1/6 13183/1/6 13197/1/6
f 13196/3/6 13182/3/6 13197/3/6
f 13185/3/6 13186/3/6 13198/3/6
f 13184/1/6 13185/1/6 13198/1/6
f 13186/1/6 13174/1/6 13199/1/6
f 13198/3/6 13186/3/6 13199/3/6
f 13199/1/6 13174/1/6 13200/1/6
f 13174/3/6 13175/3/6 13201/3/6
f 13200/1/6 13174/1/6 13201/1/6
f 13175/1/6 13187/1/6 13202/1/6
f 13201/3/6 13175/3/6 13202/3/6
f 13202/1/6 13187/1/6 13203/1/6
f 13187/3/6 13188/3/6 13204/3/6
f 13203/1/6 13187/1/6 13204/1/6
f 13188/1/6 13189/1/6 13205/1/6
f 13204/3/6 13188/3/6 13205/3/6
f 13191/1/6 13192/1/6 13206/1/6
f 13192/3/6 13193/3/6 13206/3/6
f 13190/1/6 13191/1/6 13206/1/6
f 13194/1/6 13195/1/6 13207/1/6
f 13206/3/6 13193/3/6 13207/3/6
f 13193/1/6 13194/1/6 13207/1/6
f 13207/1/6 13195/1/6 13208/1/6
f 13195/3/6 13196/3/6 13209/3/6
f 13208/1/6 13195/1/6 13209/1/6
f 13196/1/6 13197/1/6 13210/1/6
f 13209/3/6 13196/3/6 13210/3/6
f 13199/3/6 13200/3/6 13211/3/6
f 13198/1/6 13199/1/6 13211/1/6
f 13200/1/6 13201/1/6 13212/1/6
f 13211/3/6 13200/3/6 13212/3/6
f 13201/1/6 13202/1/6 13212/1/6
f 13212/1/6 13202/1/6 13213/1/6
f 13202/3/6 13203/3/6 13214/3/6
f 13213/1/6 13202/1/6 13214/1/6
f 13204/1/6 13205/1/6 13215/1/6
f 13214/3/6 13203/3/6 13215/3/6
f 13203/1/6 13204/1/6 13215/1/6
f 13207/1/6 13208/1/6 13216/1/6
f 13206/1/6 13207/1/6 13216/1/6
f 13208/3/6 13209/3/6 13217/3/6
f 13216/1/6 13208/1/6 13217/1/6
f 13209/1/6 13210/1/6 13218/1/6
f 13217/3/6 13209/3/6 13218/3/6
f 13212/3/6 13213/3/6 13219/3/6
f 13211/1/6 13212/1/6 13219/1/6
f 13213/1/6 13214/1/6 13220/1/6
f 13219/3/6 13213/3/6 13220/3/6
f 13214/1/6 13215/1/6 13220/1/6
f 13220/1/6 13215/1/6 13221/1/6
f 13206/1/6 13216/1/6 13222/1/6
f 13216/3/6 13217/3/6 13223/3/6
f 13222/1/6 13216/1/6 13223/1/6
f 13217/1/6 13218/1/6 13224/1/6
f 13223/3/6 13217/3/6 13224/3/6
f 13219/1/6 13220/1/6 13225/1/6
f 13220/3/6 13221/3/6 13225/3/6
f 13221/1/6 13215/1/6 13226/1/6
f 13225/3/6 13221/3/6 13226/3/6
f 13226/1/6 13215/1/6 13227/1/6
f 13190/1/6 13206/1/6 13228/1/6
f 13206/1/6 13222/1/6 13228/1/6
f 13228/1/6 13222/1/6 13229/1/6
f 13229/1/6 13222/1/6 13230/1/6
f 13222/3/6 13223/3/6 13231/3/6
f 13230/1/6 13222/1/6 13231/1/6
f 13223/1/6 13224/1/6 13232/1/6
f 13231/3/6 13223/3/6 13232/3/6
f 13226/3/6 13227/3/6 13233/3/6
f 13225/1/6 13226/1/6 13233/1/6
f 13227/1/6 13215/1/6 13234/1/6
f 13233/3/6 13227/3/6 13234/3/6
f 13215/1/6 13205/1/6 13235/1/6
f 13234/1/6 13215/1/6 13235/1/6
f 13235/1/6 13205/1/6 13236/1/6
f 13236/1/6 13205/1/6 13237/1/6
f 13147/1/6 13178/1/6 13238/1/6
f 13178/1/6 13190/1/6 13238/1/6
f 13190/1/6 13228/1/6 13238/1/6
f 13228/3/6 13229/3/6 13239/3/6
f 13238/1/6 13228/1/6 13239/1/6
f 13229/1/6 13230/1/6 13240/1/6
f 13239/3/6 13229/3/6 13240/3/6
f 13230/3/6 13231/3/6 13241/3/6
f 13240/1/6 13230/1/6 13241/1/6
f 13231/1/6 13232/1/6 13242/1/6
f 13241/3/6 13231/3/6 13242/3/6
f 13218/1/6 13210/1/6 13243/1/6
f 13242/1/6 13232/1/6 13243/1/6
f 13210/1/6 13197/1/6 13243/1/6
f 13197/1/6 13183/1/6 13243/1/6
f 13232/1/6 13224/1/6 13243/1/6
f 13224/1/6 13218/1/6 13243/1/6
f 13183/3/6 13153/3/6 13244/3/6
f 13243/1/6 13183/1/6 13244/1/6
f 13154/3/6 13184/3/6 13245/3/6
f 13225/1/6 13233/1/6 13245/1/6
f 13184/1/6 13198/1/6 13245/1/6
f 13198/1/6 13211/1/6 13245/1/6
f 13211/1/6 13219/1/6 13245/1/6
f 13233/1/6 13234/1/6 13245/1/6
f 13219/1/6 13225/1/6 13245/1/6
f 13245/1/6 13234/1/6 13246/1/6
f 13234/3/6 13235/3/6 13247/3/6
f 13246/1/6 13234/1/6 13247/1/6
f 13235/1/6 13236/1/6 13248/1/6
f 13247/3/6 13235/3/6 13248/3/6
f 13236/3/6 13237/3/6 13249/3/6
f 13248/1/6 13236/1/6 13249/1/6
f 13237/1/6 13205/1/6 13250/1/6
f 13249/3/6 13237/3/6 13250/3/6
f 13205/1/6 13189/1/6 13251/1/6
f 13250/1/6 13205/1/6 13251/1/6
f 13189/1/6 13160/1/6 13251/1/6
f 13162/4/6 13163/4/6 13252/4/6
f 13163/4/6 13146/4/6 13253/4/6
f 13252/4/6 13163/4/6 13253/4/6
f 13146/3/6 13147/3/6 13254/3/6
f 13147/1/6 13238/1/6 13254/1/6
f 13254/1/6 13238/1/6 13255/1/6
f 13255/1/6 13238/1/6 13256/1/6
f 13238/3/6 13239/3/6 13257/3/6
f 13256/1/6 13238/1/6 13257/1/6
f 13241/1/6 13242/1/6 13258/1/6
f 13257/3/6 13239/3/6 13258/3/6
f 13239/1/6 13240/1/6 13258/1/6
f 13240/1/6 13241/1/6 13258/1/6
f 13242/1/6 13243/1/6 13258/1/6
f 13153/4/6 13169/4/6 13259/4/6
f 13169/4/6 13170/4/6 13259/4/6
f 13170/4/6 13154/4/6 13260/4/6
f 13259/4/6 13170/4/6 13260/4/6
f 13249/1/6 13250/1/6 13261/1/6
f 13248/1/6 13249/1/6 13261/1/6
f 13246/1/6 13247/1/6 13261/1/6
f 13247/1/6 13248/1/6 13261/1/6
f 13250/3/6 13251/3/6 13261/3/6
f 13251/1/6 13160/1/6 13262/1/6
f 13261/3/6 13251/3/6 13262/3/6
f 13262/1/6 13160/1/6 13263/1/6
f 13263/1/6 13160/1/6 13264/1/6
f 13160/3/6 13161/3/6 13265/3/6
f 13264/1/6 13160/1/6 13265/1/6
f 13161/4/6 13176/4/6 13266/4/6
f 13176/4/6 13177/4/6 13266/4/6
f 13266/4/6 13177/4/6 13267/4/6
f 13253/4/6 13146/4/6 13268/4/6
f 13254/3/6 13255/3/6 13268/3/6
f 13146/3/6 13254/3/6 13268/3/6
f 13268/3/6 13255/3/6 13269/3/6
f 13255/1/6 13256/1/6 13270/1/6
f 13256/3/6 13257/3/6 13271/3/6
f 13270/1/6 13256/1/6 13271/1/6
f 13257/1/6 13258/1/6 13272/1/6
f 13271/3/6 13257/3/6 13272/3/6
f 13244/3/6 13153/3/6 13273/3/6
f 13243/3/6 13244/3/6 13273/3/6
f 13153/4/6 13259/4/6 13274/4/6
f 13273/3/6 13153/3/6 13274/3/6
f 13260/4/6 13154/4/6 13275/4/6
f 13245/3/6 13246/3/6 13275/3/6
f 13154/3/6 13245/3/6 13275/3/6
f 13275/3/6 13246/3/6 13276/3/6
f 13262/3/6 13263/3/6 13277/3/6
f 13261/1/6 13262/1/6 13277/1/6
f 13263/1/6 13264/1/6 13278/1/6
f 13277/3/6 13263/3/6 13278/3/6
f 13278/1/6 13264/1/6 13279/1/6
f 13265/3/6 13161/3/6 13280/3/6
f 13264/3/6 13265/3/6 13280/3/6
f 13161/4/6 13266/4/6 13281/4/6
f 13280/3/6 13161/3/6 13281/3/6
f 13255/1/6 13270/1/6 13282/1/6
f 13270/3/6 13271/3/6 13283/3/6
f 13282/1/6 13270/1/6 13283/1/6
f 13271/1/6 13272/1/6 13284/1/6
f 13283/3/6 13271/3/6 13284/3/6
f 13272/1/6 13258/1/6 13285/1/6
f 13284/1/6 13272/1/6 13285/1/6
f 13258/1/6 13243/1/6 13285/1/6
f 13285/1/6 13243/1/6 13286/1/6
f 13286/1/6 13243/1/6 13287/1/6
f 13287/1/6 13243/1/6 13288/1/6
f 13288/1/6 13243/1/6 13289/1/6
f 13243/3/6 13273/3/6 13290/3/6
f 13289/1/6 13243/1/6 13290/1/6
f 13246/1/6 13261/1/6 13291/1/6
f 13276/3/6 13246/3/6 13291/3/6
f 13261/1/6 13277/1/6 13291/1/6
f 13277/1/6 13278/1/6 13291/1/6
f 13291/1/6 13278/1/6 13292/1/6
f 13292/1/6 13278/1/6 13293/1/6
f 13293/1/6 13278/1/6 13294/1/6
f 13294/1/6 13278/1/6 13295/1/6
f 13295/1/6 13278/1/6 13296/1/6
f 13278/3/6 13279/3/6 13297/3/6
f 13296/1/6 13278/1/6 13297/1/6
f 13279/1/6 13264/1/6 13298/1/6
f 13297/3/6 13279/3/6 13298/3/6
f 13298/1/6 13264/1/6 13299/1/6
f 13268/4/6 13269/4/6 13300/4/6
f 13269/3/6 13255/3/6 13300/3/6
f 13255/1/6 13282/1/6 13301/1/6
f 13300/3/6 13255/3/6 13301/3/6
f 13282/3/6 13283/3/6 13302/3/6
f 13301/1/6 13282/1/6 13302/1/6
f 13283/1/6 13284/1/6 13303/1/6
f 13302/3/6 13283/3/6 13303/3/6
f 13284/1/6 13285/1/6 13303/1/6
f 13287/3/6 13288/3/6 13304/3/6
f 13286/1/6 13287/1/6 13304/1/6
f 13288/1/6 13289/1/6 13305/1/6
f 13304/3/6 13288/3/6 13305/3/6
f 13305/1/6 13289/1/6 13306/1/6
f 13290/3/6 13273/3/6 13307/3/6
f 13289/3/6 13290/3/6 13307/3/6
f 13273/4/6 13274/4/6 13308/4/6
f 13307/3/6 13273/3/6 13308/3/6
f 13275/4/6 13276/4/6 13309/4/6
f 13276/3/6 13291/3/6 13309/3/6
f 13291/3/6 13292/3/6 13309/3/6
f 13309/3/6 13292/3/6 13310/3/6
f 13292/1/6 13293/1/6 13311/1/6
f 13293/3/6 13294/3/6 13312/3/6
f 13311/1/6 13293/1/6 13312/1/6
f 13294/1/6 13295/1/6 13313/1/6
f 13312/3/6 13294/3/6 13313/3/6
f 13296/1/6 13297/1/6 13314/1/6
f 13298/3/6 13299/3/6 13314/3/6
f 13297/1/6 13298/1/6 13314/1/6
f 13299/1/6 13264/1/6 13315/1/6
f 13314/3/6 13299/3/6 13315/3/6
f 13264/3/6 13280/3/6 13316/3/6
f 13315/1/6 13264/1/6 13316/1/6
f 13280/4/6 13281/4/6 13317/4/6
f 13316/3/6 13280/3/6 13317/3/6
f 13300/4/6 13301/4/6 13318/4/6
f 13268/4/6 13300/4/6 13318/4/6
f 13253/4/6 13268/4/6 13318/4/6
f 13318/4/6 13301/4/6 13319/4/6
f 13305/3/6 13306/3/6 13320/3/6
f 13304/1/6 13305/1/6 13320/1/6
f 13306/1/6 13289/1/6 13321/1/6
f 13320/3/6 13306/3/6 13321/3/6
f 13321/1/6 13289/1/6 13322/1/6
f 13322/1/6 13289/1/6 13323/1/6
f 13289/3/6 13307/3/6 13324/3/6
f 13323/1/6 13289/1/6 13324/1/6
f 13274/4/6 13259/4/6 13325/4/6
f 13308/4/6 13274/4/6 13325/4/6
f 13307/4/6 13308/4/6 13325/4/6
f 13325/4/6 13259/4/6 13326/4/6
f 13275/4/6 13309/4/6 13327/4/6
f 13260/4/6 13275/4/6 13327/4/6
f 13309/4/6 13310/4/6 13327/4/6
f 13327/4/6 13310/4/6 13328/4/6
f 13310/3/6 13292/3/6 13329/3/6
f 13292/1/6 13311/1/6 13329/1/6
f 13329/1/6 13311/1/6 13330/1/6
f 13330/1/6 13311/1/6 13331/1/6
f 13311/3/6 13312/3/6 13332/3/6
f 13331/1/6 13311/1/6 13332/1/6
f 13312/1/6 13313/1/6 13333/1/6
f 13332/3/6 13312/3/6 13333/3/6
f 13281/4/6 13266/4/6 13334/4/6
f 13317/4/6 13281/4/6 13334/4/6
f 13316/4/6 13317/4/6 13334/4/6
f 13334/4/6 13266/4/6 13335/4/6
f 13301/3/6 13302/3/6 13336/3/6
f 13319/4/6 13301/4/6 13336/4/6
f 13336/3/6 13302/3/6 13337/3/6
f 13320/1/6 13321/1/6 13338/1/6
f 13321/3/6 13322/3/6 13338/3/6
f 13322/1/6 13323/1/6 13339/1/6
f 13338/3/6 13322/3/6 13339/3/6
f 13339/1/6 13323/1/6 13340/1/6
f 13324/3/6 13307/3/6 13341/3/6
f 13323/3/6 13324/3/6 13341/3/6
f 13307/4/6 13325/4/6 13342/4/6
f 13341/3/6 13307/3/6 13342/3/6
f 13329/3/6 13330/3/6 13343/3/6
f 13310/3/6 13329/3/6 13343/3/6
f 13328/4/6 13310/4/6 13343/4/6
f 13343/3/6 13330/3/6 13344/3/6
f 13330/1/6 13331/1/6 13345/1/6
f 13331/3/6 13332/3/6 13346/3/6
f 13345/1/6 13331/1/6 13346/1/6
f 13332/1/6 13333/1/6 13347/1/6
f 13346/3/6 13332/3/6 13347/3/6
f 13315/3/6 13316/3/6 13348/3/6
f 13316/4/6 13334/4/6 13349/4/6
f 13348/3/6 13316/3/6 13349/3/6
f 13336/4/6 13337/4/6 13350/4/6
f 13319/4/6 13336/4/6 13350/4/6
f 13350/4/6 13337/4/6 13351/4/6
f 13302/1/6 13303/1/6 13352/1/6
f 13337/3/6 13302/3/6 13352/3/6
f 13352/1/6 13303/1/6 13353/1/6
f 13340/1/6 13323/1/6 13354/1/6
f 13323/3/6 13341/3/6 13355/3/6
f 13354/1/6 13323/1/6 13355/1/6
f 13342/4/6 13325/4/6 13356/4/6
f 13341/4/6 13342/4/6 13356/4/6
f 13356/4/6 13325/4/6 13357/4/6
f 13328/4/6 13343/4/6 13358/4/6
f 13343/4/6 13344/4/6 13358/4/6
f 13358/4/6 13344/4/6 13359/4/6
f 13330/1/6 13345/1/6 13360/1/6
f 13344/3/6 13330/3/6 13360/3/6
f 13360/1/6 13345/1/6 13361/1/6
f 13314/1/6 13315/1/6 13362/1/6
f 13315/3/6 13348/3/6 13363/3/6
f 13362/1/6 13315/1/6 13363/1/6
f 13349/4/6 13334/4/6 13364/4/6
f 13348/4/6 13349/4/6 13364/4/6
f 13364/4/6 13334/4/6 13365/4/6
f 13351/4/6 13337/4/6 13366/4/6
f 13366/4/6 13337/4/6 13367/4/6
f 13337/3/6 13352/3/6 13368/3/6
f 13367/4/6 13337/4/6 13368/4/6
f 13352/3/6 13353/3/6 13368/3/6
f 13368/3/6 13353/3/6 13369/3/6
f 13353/1/6 13303/1/6 13370/1/6
f 13369/3/6 13353/3/6 13370/3/6
f 13303/1/6 13285/1/6 13371/1/6
f 13370/1/6 13303/1/6 13371/1/6
f 13285/3/6 13286/3/6 13372/3/6
f 13371/1/6 13285/1/6 13372/1/6
f 13304/1/6 13320/1/6 13373/1/6
f 13372/3/6 13286/3/6 13373/3/6
f 13286/1/6 13304/1/6 13373/1/6
f 13320/1/6 13338/1/6 13373/1/6
f 13338/1/6 13339/1/6 13373/1/6
f 13373/1/6 13339/1/6 13374/1/6
f 13339/3/6 13340/3/6 13375/3/6
f 13374/1/6 13339/1/6 13375/1/6
f 13340/1/6 13354/1/6 13376/1/6
f 13375/3/6 13340/3/6 13376/3/6
f 13376/1/6 13354/1/6 13377/1/6
f 13377/1/6 13354/1/6 13378/1/6
f 13354/3/6 13355/3/6 13379/3/6
f 13378/1/6 13354/1/6 13379/1/6
f 13355/3/6 13341/3/6 13380/3/6
f 13379/3/6 13355/3/6 13380/3/6
f 13341/4/6 13356/4/6 13381/4/6
f 13380/3/6 13341/3/6 13381/3/6
f 13381/4/6 13356/4/6 13382/4/6
f 13382/4/6 13356/4/6 13383/4/6
f 13359/4/6 13344/4/6 13384/4/6
f 13384/4/6 13344/4/6 13385/4/6
f 13360/3/6 13361/3/6 13386/3/6
f 13385/4/6 13344/4/6 13386/4/6
f 13344/3/6 13360/3/6 13386/3/6
f 13386/3/6 13361/3/6 13387/3/6
f 13361/1/6 13345/1/6 13388/1/6
f 13387/3/6 13361/3/6 13388/3/6
f 13388/1/6 13345/1/6 13389/1/6
f 13389/1/6 13345/1/6 13390/1/6
f 13345/3/6 13346/3/6 13391/3/6
f 13390/1/6 13345/1/6 13391/1/6
f 13346/1/6 13347/1/6 13392/1/6
f 13391/3/6 13346/3/6 13392/3/6
f 13347/1/6 13333/1/6 13393/1/6
f 13392/1/6 13347/1/6 13393/1/6
f 13333/1/6 13313/1/6 13393/1/6
f 13313/1/6 13295/1/6 13393/1/6
f 13295/3/6 13296/3/6 13394/3/6
f 13393/1/6 13295/1/6 13394/1/6
f 13314/1/6 13362/1/6 13395/1/6
f 13394/3/6 13296/3/6 13395/3/6
f 13296/1/6 13314/1/6 13395/1/6
f 13395/1/6 13362/1/6 13396/1/6
f 13362/3/6 13363/3/6 13397/3/6
f 13396/1/6 13362/1/6 13397/1/6
f 13363/3/6 13348/3/6 13398/3/6
f 13397/3/6 13363/3/6 13398/3/6
f 13348/4/6 13364/4/6 13399/4/6
f 13398/3/6 13348/3/6 13399/3/6
f 13399/4/6 13364/4/6 13400/4/6
f 13400/4/6 13364/4/6 13401/4/6
f 13367/4/6 13368/4/6 13402/4/6
f 13368/4/6 13369/4/6 13402/4/6
f 13369/3/6 13370/3/6 13402/3/6
f 13370/3/6 13371/3/6 13402/3/6
f 13402/3/6 13371/3/6 13403/3/6
f 13371/1/6 13372/1/6 13404/1/6
f 13403/3/6 13371/3/6 13404/3/6
f 13372/1/6 13373/1/6 13404/1/6
f 13404/1/6 13373/1/6 13405/1/6
f 13374/1/6 13375/1/6 13406/1/6
f 13376/3/6 13377/3/6 13406/3/6
f 13375/1/6 13376/1/6 13406/1/6
f 13377/1/6 13378/1/6 13407/1/6
f 13406/3/6 13377/3/6 13407/3/6
f 13378/3/6 13379/3/6 13408/3/6
f 13407/1/6 13378/1/6 13408/1/6
f 13379/3/6 13380/3/6 13408/3/6
f 13408/3/6 13380/3/6 13409/3/6
f 13381/4/6 13382/4/6 13410/4/6
f 13409/3/6 13380/3/6 13410/3/6
f 13380/4/6 13381/4/6 13410/4/6
f 13388/3/6 13389/3/6 13411/3/6
f 13387/3/6 13388/3/6 13411/3/6
f 13386/4/6 13387/4/6 13411/4/6
f 13385/4/6 13386/4/6 13411/4/6
f 13411/3/6 13389/3/6 13412/3/6
f 13389/1/6 13390/1/6 13413/1/6
f 13412/3/6 13389/3/6 13413/3/6
f 13390/3/6 13391/3/6 13414/3/6
f 13413/1/6 13390/1/6 13414/1/6
f 13391/1/6 13392/1/6 13415/1/6
f 13414/3/6 13391/3/6 13415/3/6
f 13392/1/6 13393/1/6 13415/1/6
f 13394/1/6 13395/1/6 13416/1/6
f 13395/1/6 13396/1/6 13416/1/6
f 13397/3/6 13398/3/6 13417/3/6
f 13416/1/6 13396/1/6 13417/1/6
f 13396/3/6 13397/3/6 13417/3/6
f 13417/3/6 13398/3/6 13418/3/6
f 13399/4/6 13400/4/6 13419/4/6
f 13418/3/6 13398/3/6 13419/3/6
f 13398/4/6 13399/4/6 13419/4/6
f 13402/4/6 13403/4/6 13420/4/6
f 13367/4/6 13402/4/6 13420/4/6
f 13420/4/6 13403/4/6 13421/4/6
f 13404/3/6 13405/3/6 13422/3/6
f 13421/4/6 13403/4/6 13422/4/6
f 13403/3/6 13404/3/6 13422/3/6
f 13422/3/6 13405/3/6 13423/3/6
f 13405/1/6 13373/1/6 13424/1/6
f 13423/3/6 13405/3/6 13424/3/6
f 13424/1/6 13373/1/6 13425/1/6
f 13406/1/6 13407/1/6 13426/1/6
f 13374/1/6 13406/1/6 13426/1/6
f 13408/3/6 13409/3/6 13427/3/6
f 13426/1/6 13407/1/6 13427/1/6
f 13407/3/6 13408/3/6 13427/3/6
f 13427/3/6 13409/3/6 13428/3/6
f 13409/4/6 13410/4/6 13429/4/6
f 13428/3/6 13409/3/6 13429/3/6
f 13410/4/6 13382/4/6 13430/4/6
f 13429/4/6 13410/4/6 13430/4/6
f 13430/4/6 13382/4/6 13431/4/6
f 13411/4/6 13412/4/6 13432/4/6
f 13385/4/6 13411/4/6 13432/4/6
f 13432/4/6 13412/4/6 13433/4/6
f 13413/3/6 13414/3/6 13434/3/6
f 13433/4/6 13412/4/6 13434/4/6
f 13412/3/6 13413/3/6 13434/3/6
f 13434/3/6 13414/3/6 13435/3/6
f 13414/1/6 13415/1/6 13436/1/6
f 13435/3/6 13414/3/6 13436/3/6
f 13415/1/6 13393/1/6 13437/1/6
f 13436/1/6 13415/1/6 13437/1/6
f 13394/1/6 13416/1/6 13438/1/6
f 13417/3/6 13418/3/6 13439/3/6
f 13438/1/6 13416/1/6 13439/1/6
f 13416/3/6 13417/3/6 13439/3/6
f 13439/3/6 13418/3/6 13440/3/6
f 13418/4/6 13419/4/6 13441/4/6
f 13440/3/6 13418/3/6 13441/3/6
f 13419/4/6 13400/4/6 13442/4/6
f 13441/4/6 13419/4/6 13442/4/6
f 13442/4/6 13400/4/6 13443/4/6
f 13422/4/6 13423/4/6 13444/4/6
f 13421/4/6 13422/4/6 13444/4/6
f 13444/4/6 13423/4/6 13445/4/6
f 13424/3/6 13425/3/6 13446/3/6
f 13445/4/6 13423/4/6 13446/4/6
f 13423/3/6 13424/3/6 13446/3/6
f 13446/3/6 13425/3/6 13447/3/6
f 13425/1/6 13373/1/6 13448/1/6
f 13447/3/6 13425/3/6 13448/3/6
f 13448/1/6 13373/1/6 13449/1/6
f 13374/1/6 13426/1/6 13450/1/6
f 13427/3/6 13428/3/6 13451/3/6
f 13450/1/6 13426/1/6 13451/1/6
f 13426/3/6 13427/3/6 13451/3/6
f 13451/3/6 13428/3/6 13452/3/6
f 13428/4/6 13429/4/6 13453/4/6
f 13452/3/6 13428/3/6 13453/3/6
f 13429/4/6 13430/4/6 13453/4/6
f 13453/4/6 13430/4/6 13454/4/6
f 13454/4/6 13430/4/6 13455/4/6
f 13433/4/6 13434/4/6 13456/4/6
f 13434/4/6 13435/4/6 13456/4/6
f 13456/4/6 13435/4/6 13457/4/6
f 13436/3/6 13437/3/6 13458/3/6
f 13457/4/6 13435/4/6 13458/4/6
f 13435/3/6 13436/3/6 13458/3/6
f 13458/3/6 13437/3/6 13459/3/6
f 13437/1/6 13393/1/6 13460/1/6
f 13459/3/6 13437/3/6 13460/3/6
f 13460/1/6 13393/1/6 13461/1/6
f 13394/1/6 13438/1/6 13462/1/6
f 13439/3/6 13440/3/6 13463/3/6
f 13462/1/6 13438/1/6 13463/1/6
f 13438/3/6 13439/3/6 13463/3/6
f 13463/3/6 13440/3/6 13464/3/6
f 13440/4/6 13441/4/6 13465/4/6
f 13464/3/6 13440/3/6 13465/3/6
f 13441/4/6 13442/4/6 13465/4/6
f 13465/4/6 13442/4/6 13466/4/6
f 13466/4/6 13442/4/6 13467/4/6
f 13446/4/6 13447/4/6 13468/4/6
f 13445/4/6 13446/4/6 13468/4/6
f 13468/4/6 13447/4/6 13469/4/6
f 13448/3/6 13449/3/6 13470/3/6
f 13469/4/6 13447/4/6 13470/4/6
f 13447/3/6 13448/3/6 13470/3/6
f 13470/3/6 13449/3/6 13471/3/6
f 13449/1/6 13373/1/6 13472/1/6
f 13471/3/6 13449/3/6 13472/3/6
f 13472/1/6 13373/1/6 13473/1/6
f 13374/1/6 13450/1/6 13474/1/6
f 13451/3/6 13452/3/6 13475/3/6
f 13474/1/6 13450/1/6 13475/1/6
f 13450/3/6 13451/3/6 13475/3/6
f 13475/3/6 13452/3/6 13476/3/6
f 13453/4/6 13454/4/6 13477/4/6
f 13476/3/6 13452/3/6 13477/3/6
f 13452/4/6 13453/4/6 13477/4/6
f 13477/4/6 13454/4/6 13478/4/6
f 13478/4/6 13454/4/6 13479/4/6
f 13458/4/6 13459/4/6 13480/4/6
f 13457/4/6 13458/4/6 13480/4/6
f 13480/4/6 13459/4/6 13481/4/6
f 13460/3/6 13461/3/6 13482/3/6
f 13481/4/6 13459/4/6 13482/4/6
f 13459/3/6 13460/3/6 13482/3/6
f 13482/3/6 13461/3/6 13483/3/6
f 13461/1/6 13393/1/6 13484/1/6
f 13483/3/6 13461/3/6 13484/3/6
f 13484/1/6 13393/1/6 13485/1/6
f 13394/1/6 13462/1/6 13486/1/6
f 13463/3/6 13464/3/6 13487/3/6
f 13486/1/6 13462/1/6 13487/1/6
f 13462/3/6 13463/3/6 13487/3/6
f 13487/3/6 13464/3/6 13488/3/6
f 13465/4/6 13466/4/6 13489/4/6
f 13488/3/6 13464/3/6 13489/3/6
f 13464/4/6 13465/4/6 13489/4/6
f 13489/4/6 13466/4/6 13490/4/6
f 13490/4/6 13466/4/6 13491/4/6
f 13470/4/6 13471/4/6 13492/4/6
f 13469/4/6 13470/4/6 13492/4/6
f 13492/4/6 13471/4/6 13493/4/6
f 13472/3/6 13473/3/6 13494/3/6
f 13493/4/6 13471/4/6 13494/4/6
f 13471/3/6 13472/3/6 13494/3/6
f 13494/3/6 13473/3/6 13495/3/6
f 13473/1/6 13373/1/6 13496/1/6
f 13495/3/6 13473/3/6 13496/3/6
f 13373/3/6 13374/3/6 13497/3/6
f 13496/1/6 13373/1/6 13497/1/6
f 13374/1/6 13474/1/6 13498/1/6
f 13497/3/6 13374/3/6 13498/3/6
f 13475/3/6 13476/3/6 13499/3/6
f 13498/1/6 13474/1/6 13499/1/6
f 13474/3/6 13475/3/6 13499/3/6
f 13499/3/6 13476/3/6 13500/3/6
f 13477/4/6 13478/4/6 13501/4/6
f 13500/3/6 13476/3/6 13501/3/6
f 13476/4/6 13477/4/6 13501/4/6
f 13501/4/6 13478/4/6 13502/4/6
f 13502/4/6 13478/4/6 13503/4/6
f 13482/4/6 13483/4/6 13504/4/6
f 13481/4/6 13482/4/6 13504/4/6
f 13504/4/6 13483/4/6 13505/4/6
f 13484/3/6 13485/3/6 13506/3/6
f 13505/4/6 13483/4/6 13506/4/6
f 13483/3/6 13484/3/6 13506/3/6
f 13506/3/6 13485/3/6 13507/3/6
f 13485/1/6 13393/1/6 13508/1/6
f 13507/3/6 13485/3/6 13508/3/6
f 13393/3/6 13394/3/6 13509/3/6
f 13508/1/6 13393/1/6 13509/1/6
f 13394/1/6 13486/1/6 13510/1/6
f 13509/3/6 13394/3/6 13510/3/6
f 13487/3/6 13488/3/6 13511/3/6
f 13510/1/6 13486/1/6 13511/1/6
f 13486/3/6 13487/3/6 13511/3/6
f 13511/3/6 13488/3/6 13512/3/6
f 13489/4/6 13490/4/6 13513/4/6
f 13512/3/6 13488/3/6 13513/3/6
f 13488/4/6 13489/4/6 13513/4/6
f 13513/4/6 13490/4/6 13514/4/6
f 13514/4/6 13490/4/6 13515/4/6
f 13494/4/6 13495/4/6 13516/4/6
f 13493/4/6 13494/4/6 13516/4/6
f 13516/4/6 13495/4/6 13517/4/6
f 13496/3/6 13497/3/6 13518/3/6
f 13517/4/6 13495/4/6 13518/4/6
f 13495/3/6 13496/3/6 13518/3/6
f 13497/3/6 13498/3/6 13518/3/6
f 13499/3/6 13500/3/6 13518/3/6
f 13498/3/6 13499/3/6 13518/3/6
f 13500/4/6 13501/4/6 13519/4/6
f 13518/3/6 13500/3/6 13519/3/6
f 13501/4/6 13502/4/6 13519/4/6
f 13519/4/6 13502/4/6 13520/4/6
f 13520/4/6 13502/4/6 13521/4/6
f 13506/4/6 13507/4/6 13522/4/6
f 13505/4/6 13506/4/6 13522/4/6
f 13522/4/6 13507/4/6 13523/4/6
f 13508/3/6 13509/3/6 13524/3/6
f 13523/4/6 13507/4/6 13524/4/6
f 13507/3/6 13508/3/6 13524/3/6
f 13509/3/6 13510/3/6 13524/3/6
f 13511/3/6 13512/3/6 13524/3/6
f 13510/3/6 13511/3/6 13524/3/6
f 13513/4/6 13514/4/6 13525/4/6
f 13524/3/6 13512/3/6 13525/3/6
f 13512/4/6 13513/4/6 13525/4/6
f 13525/4/6 13514/4/6 13526/4/6
f 13526/4/6 13514/4/6 13527/4/6
f 13517/4/6 13518/4/6 13528/4/6
f 13518/4/6 13519/4/6 13528/4/6
f 13519/4/6 13520/4/6 13528/4/6
f 13528/4/6 13520/4/6 13529/4/6
f 13529/4/6 13520/4/6 13530/4/6
f 13530/4/6 13520/4/6 13531/4/6
f 13525/4/6 13526/4/6 13532/4/6
f 13523/4/6 13524/4/6 13532/4/6
f 13524/4/6 13525/4/6 13532/4/6
f 13532/4/6 13526/4/6 13533/4/6
f 13533/4/6 13526/4/6 13534/4/6
f 13534/4/6 13526/4/6 13535/4/6
f 13529/4/6 13530/4/6 13536/4/6
f 13536/4/6 13530/4/6 13537/4/6
f 13537/4/6 13530/4/6 13538/4/6
f 13538/4/6 13530/4/6 13539/4/6
f 13533/4/6 13534/4/6 13540/4/6
f 13540/4/6 13534/4/6 13541/4/6
f 13541/4/6 13534/4/6 13542/4/6
f 13542/4/6 13534/4/6 13543/4/6
f 13537/4/6 13538/4/6 13544/4/6
f 13544/4/6 13538/4/6 13545/4/6
f 13541/4/6 13542/4/6 13546/4/6
f 13546/4/6 13542/4/6 13547/4/6
